experiment_id,fit_id,k,q,learning_rate,seed,n_train,n_valid,iteration,training_objective,mean_active_atoms,used_atoms,mean_atom_cosine_previous,min_atom_cosine_previous,relative_activity_change,mean_inner_steps,mean_row_steps,seconds_per_update,training_relative_gap,training_relative_margin_error,training_minimum_relative_gap,training_audited,training_seconds,validation_seconds,audit_seconds,elapsed_seconds,peak_gpu_gib,status,prediction_error,validation_relative_gap,validation_relative_margin_error,validation_minimum_relative_gap,validation_inner_steps,lambda,stage,round,selected
b35227b3efcdcf464ceb2a193b541498cc780e13ffdf4103077283de0f7b4fea,k200_lambda0.03_q0.85,200,0.85,0.1,1,232513,16384,0,0.18759141445587635,32.11252704149876,200,,,,0.0,0.0,0.0,4.9999996174113766e-05,4.998594522476196e-05,2.900080777644255e-13,False,2.6838681930003077,7.00226378500065,0.0,10.180665738999778,25.106319904327393,checkpoint,0.3221841018237285,5.0890118240827844e-05,4.991888999938965e-05,1.3633473187245578e-05,1430,0.03,lambda_q,0,False
b35227b3efcdcf464ceb2a193b541498cc780e13ffdf4103077283de0f7b4fea,k200_lambda0.03_q0.85,200,0.85,0.1,1,232513,16384,100,0.1679737429578882,12.774214775087845,200,0.7992169110138297,0.5696736233231298,1.2390169662656199,636.3,196.54442891365204,1.2012324437800361,4.999997317631151e-05,4.999339580535889e-05,1.9064054763537926e-06,False,122.80711257100393,14.123977941000703,0.0,138.58099155699983,25.123809814453125,checkpoint,0.28568977745636415,5.081530943980539e-05,5.0088390707969666e-05,3.7390529758297146e-06,1780,0.03,lambda_q,0,False
b35227b3efcdcf464ceb2a193b541498cc780e13ffdf4103077283de0f7b4fea,k200_lambda0.03_q0.85,200,0.85,0.1,1,232513,16384,200,0.1676211028398268,12.441932279055365,200,0.982499730193046,0.8733081073665346,0.42883895456949894,304.2,117.52676108432652,0.8728324539099868,4.9999900157678384e-05,4.999339580535889e-05,5.020702968272545e-07,False,210.0903579620026,21.414837501000875,0.0,234.3103596259998,25.123809814453125,checkpoint,0.285138096880712,5.095566750098265e-05,5.0094909965991974e-05,2.5947394236011468e-06,1840,0.03,lambda_q,0,False
b35227b3efcdcf464ceb2a193b541498cc780e13ffdf4103077283de0f7b4fea,k200_lambda0.03_q0.85,200,0.85,0.1,1,232513,16384,300,0.16750105211806776,12.33503072946459,200,0.9933279678866314,0.9400026396430083,0.23335389909246568,265.3,96.04360960462424,0.79779513683995,4.999992997970699e-05,4.999339580535889e-05,9.377171234707378e-07,False,289.8698716459976,28.63743230900036,0.0,322.4909172050002,25.123809814453125,checkpoint,0.2849309886544579,5.0834375105928315e-05,5.014985799789429e-05,1.8572852255492963e-06,1790,0.03,lambda_q,0,False
b35227b3efcdcf464ceb2a193b541498cc780e13ffdf4103077283de0f7b4fea,k200_lambda0.03_q0.85,200,0.85,0.1,1,232513,16384,400,0.1674464267179275,12.296856519850502,200,0.9967496384088654,0.942253812152463,0.1556030541095994,259.0,81.62151363579673,0.752487995270003,4.9999967748188036e-05,4.999339580535889e-05,4.87320308479381e-08,False,365.1186711729979,35.85256111600029,0.0,406.11637307899946,25.123809814453125,checkpoint,0.28482687838119164,5.103023139444276e-05,5.012005567550659e-05,2.196136113935209e-06,1880,0.03,lambda_q,0,False
b35227b3efcdcf464ceb2a193b541498cc780e13ffdf4103077283de0f7b4fea,k200_lambda0.03_q0.85,200,0.85,0.1,1,232513,16384,500,0.16739393377790723,12.31114819386443,200,0.9969584953094227,0.9582910056480234,0.1687952897083538,297.4,79.4358104708124,0.7527779553799792,5.7961062474084814e-05,5.368143320083618e-05,7.146770308106451e-07,True,440.3964667109958,43.04548435000015,14.321925281999938,504.08698681499936,25.123809814453125,complete,0.28475372827601564,5.0963092861548766e-05,5.002785474061966e-05,1.668331457763973e-06,1830,0.03,lambda_q,0,False
b35227b3efcdcf464ceb2a193b541498cc780e13ffdf4103077283de0f7b4fea,k200_lambda0.03_q0.9,200,0.9,0.1,1,232513,16384,0,0.18759141445587635,32.11252704149876,200,,,,0.0,0.0,0.0,4.9999996174113766e-05,4.998594522476196e-05,2.900080777644255e-13,False,2.671789811999588,6.935418726000535,0.0,10.09441982000044,25.106319904327393,checkpoint,0.32218410676246656,5.07856235810056e-05,4.995428025722504e-05,1.3961880648505168e-05,1430,0.03,lambda_q,0,False
b35227b3efcdcf464ceb2a193b541498cc780e13ffdf4103077283de0f7b4fea,k200_lambda0.03_q0.9,200,0.9,0.1,1,232513,16384,100,0.16773263955475262,12.665291833144813,200,0.7995069087601517,0.5769504729306639,1.295560460096155,653.1,201.34992624068326,1.2212747225099974,4.9999996045678594e-05,4.998594522476196e-05,1.520147628059148e-06,False,124.79926206299933,14.11591193500044,0.0,141.11716237700057,25.123809814453125,checkpoint,0.2853436836803576,5.1318636276969323e-05,5.0105154514312744e-05,2.3790771741903438e-06,1790,0.03,lambda_q,0,False
b35227b3efcdcf464ceb2a193b541498cc780e13ffdf4103077283de0f7b4fea,k200_lambda0.03_q0.9,200,0.9,0.1,1,232513,16384,200,0.16739515341174657,12.379643288762349,200,0.9830794327305253,0.8860125104371774,0.39139609366352607,305.8,117.06164085448984,0.8729534750899984,4.999997880972444e-05,4.998594522476196e-05,6.35268221387954e-07,False,212.09460957199917,21.415518142999645,0.0,236.93864676700014,25.123809814453125,checkpoint,0.2848575878197665,5.118991847928111e-05,5.011633038520813e-05,1.924646115986277e-06,1880,0.03,lambda_q,0,False
b35227b3efcdcf464ceb2a193b541498cc780e13ffdf4103077283de0f7b4fea,k200_lambda0.03_q0.9,200,0.9,0.1,1,232513,16384,300,0.16731009367483607,12.249469922111881,200,0.9938336870360018,0.9354387055100793,0.24140309046779182,256.4,98.1839596065596,0.8030418229499537,4.99999779578459e-05,4.999339580535889e-05,8.262442885382453e-08,False,292.39879186699454,28.79449036599999,0.0,325.7800202970002,25.123809814453125,checkpoint,0.28470259990307084,5.0785266330858425e-05,5.005858838558197e-05,1.369246802609274e-06,1930,0.03,lambda_q,0,False
b35227b3efcdcf464ceb2a193b541498cc780e13ffdf4103077283de0f7b4fea,k200_lambda0.03_q0.9,200,0.9,0.1,1,232513,16384,400,0.16728301363074724,12.255426578298847,200,0.997873722618038,0.9675818458813091,0.14008405982810443,240.8,78.76945805180785,0.7369779732000279,4.99999982578674e-05,4.999339580535889e-05,5.387925394629651e-07,False,366.09658918699733,36.08675294400018,0.0,407.94440261100044,25.123809814453125,checkpoint,0.2846524158462885,5.082285385633266e-05,5.005300045013428e-05,7.760221677208624e-07,1800,0.03,lambda_q,0,False
b35227b3efcdcf464ceb2a193b541498cc780e13ffdf4103077283de0f7b4fea,k200_lambda0.03_q0.9,200,0.9,0.1,1,232513,16384,500,0.16725568848341738,12.275511476777643,200,0.9976069433191639,0.9334675564279656,0.12256241828140874,368.1,71.93782498182897,0.7466749500099923,5.896215915479316e-05,5.2908435463905334e-05,5.706023442328127e-07,True,440.76408418799656,43.59339639300015,14.446540292999998,505.7512495560004,25.123809814453125,complete,0.2845925940369296,5.08689130229158e-05,5.014333873987198e-05,2.591955791271147e-06,1800,0.03,lambda_q,0,False
b35227b3efcdcf464ceb2a193b541498cc780e13ffdf4103077283de0f7b4fea,k200_lambda0.03_q0.95,200,0.95,0.1,1,232513,16384,0,0.18759141445587635,32.11252704149876,200,,,,0.0,0.0,0.0,4.9999996174113766e-05,4.998594522476196e-05,2.900080777644255e-13,False,2.6973942029999307,6.9919631570001,0.0,10.180278009000176,25.106319904327393,checkpoint,0.3221841091213946,5.075849774218797e-05,5.0028786063194275e-05,1.4183063005209055e-05,1430,0.03,lambda_q,0,False
b35227b3efcdcf464ceb2a193b541498cc780e13ffdf4103077283de0f7b4fea,k200_lambda0.03_q0.95,200,0.95,0.1,1,232513,16384,100,0.16749557788604508,12.52907579361154,200,0.801381758825984,0.5458924008497135,1.342362663204885,675.3,208.12539857986437,1.2471554287299569,4.999998579518868e-05,4.998594522476196e-05,1.3208101772316835e-08,False,127.41293707599561,14.257403388000057,0.0,147.70333874900007,25.123809814453125,checkpoint,0.28503484855491307,5.093622522621002e-05,5.007907748222351e-05,1.9048674461398494e-06,1860,0.03,lambda_q,0,False
b35227b3efcdcf464ceb2a193b541498cc780e13ffdf4103077283de0f7b4fea,k200_lambda0.03_q0.95,200,0.95,0.1,1,232513,16384,200,0.16725423214474006,12.260372538309685,200,0.9855184754251843,0.8911948942591488,0.3944115363478675,335.2,118.3660586719883,0.8831378015700193,4.999992533597721e-05,4.999339580535889e-05,7.272515287497869e-07,False,215.72671723299754,21.5695843959993,0.0,244.4737122510005,25.123809814453125,checkpoint,0.28467240636232166,5.0915681800969526e-05,5.011633038520813e-05,2.6102609170445038e-06,1930,0.03,lambda_q,0,False
b35227b3efcdcf464ceb2a193b541498cc780e13ffdf4103077283de0f7b4fea,k200_lambda0.03_q0.95,200,0.95,0.1,1,232513,16384,300,0.16719602491241448,12.195468640463114,200,0.9954483121457387,0.9149434775262031,0.2039979138400618,284.3,92.06033383079655,0.7877470375099983,4.999997895587228e-05,4.999339580535889e-05,4.2624151939005183e-07,False,294.5014209839974,29.02753920699888,0.0,331.8691479250001,25.123809814453125,checkpoint,0.2845781765628742,5.0881736949357884e-05,5.009770393371582e-05,1.0809018600197794e-06,1920,0.03,lambda_q,0,False
b35227b3efcdcf464ceb2a193b541498cc780e13ffdf4103077283de0f7b4fea,k200_lambda0.03_q0.95,200,0.95,0.1,1,232513,16384,400,0.16716352525966094,12.195911626446692,200,0.9973924160906324,0.9393671714661944,0.13980285893178543,238.0,78.42757695268652,0.7350879917400289,4.9999946752855726e-05,4.999339580535889e-05,4.4884409367739894e-07,False,368.01022015800027,36.360323792998315,0.0,413.9644684570003,25.123809814453125,checkpoint,0.28451669783163547,5.0958365346592025e-05,5.0067901611328125e-05,2.1355112925054305e-06,1820,0.03,lambda_q,0,False
b35227b3efcdcf464ceb2a193b541498cc780e13ffdf4103077283de0f7b4fea,k200_lambda0.03_q0.95,200,0.95,0.1,1,232513,16384,500,0.16714532428158982,12.18628205734733,200,0.998319188608435,0.9679767068448878,0.1219621681829565,209.8,72.38833441571006,0.7089934183999503,5.8489873011650996e-05,5.3899362683296204e-05,8.036036336906418e-09,True,438.9095619979953,43.83956801899876,14.57163456500075,508.14261962599994,25.123809814453125,complete,0.28448634388291555,5.127368497704311e-05,5.012238398194313e-05,1.9546359111239275e-06,1920,0.03,lambda_q,0,False
b35227b3efcdcf464ceb2a193b541498cc780e13ffdf4103077283de0f7b4fea,k200_lambda0.04_q0.85,200,0.85,0.1,1,232513,16384,0,0.19694456318607725,30.111129270191345,200,,,,0.0,0.0,0.0,4.9999982097637826e-05,4.999339580535889e-05,7.083471670378747e-15,False,2.660892408000109,6.9742546610004865,0.0,10.130676781999682,25.106319904327393,checkpoint,0.32331028025623965,5.063431616419779e-05,5.000270903110504e-05,1.5234137268034489e-05,1420,0.04,lambda_q,0,False
b35227b3efcdcf464ceb2a193b541498cc780e13ffdf4103077283de0f7b4fea,k200_lambda0.04_q0.85,200,0.85,0.1,1,232513,16384,100,0.17627186738306252,9.878725060534249,200,0.8126517627394947,0.5905779077501688,1.373416981448493,720.9,217.03880686241203,1.273553466750027,4.9999942662071855e-05,4.999339580535889e-05,3.078672703601079e-07,False,130.0162390830028,14.258310442000038,0.0,146.40396319499996,25.123809814453125,checkpoint,0.28665970369501936,5.1157543732898677e-05,5.013123154640198e-05,1.2608541148866083e-06,2000,0.04,lambda_q,0,False
b35227b3efcdcf464ceb2a193b541498cc780e13ffdf4103077283de0f7b4fea,k200_lambda0.04_q0.85,200,0.85,0.1,1,232513,16384,200,0.17594816375066258,9.717172803241109,200,0.9840864256785576,0.8329914166944435,0.42828557007657925,376.9,127.73344630192722,0.9127173376999872,4.999991231787982e-05,4.999339580535889e-05,1.359827218313564e-07,False,221.28797285300152,21.52434039900072,0.0,246.09255289500015,25.123809814453125,checkpoint,0.2861731227637171,5.10956310254987e-05,5.0127506256103516e-05,9.582158670332681e-07,1950,0.04,lambda_q,0,False
b35227b3efcdcf464ceb2a193b541498cc780e13ffdf4103077283de0f7b4fea,k200_lambda0.04_q0.85,200,0.85,0.1,1,232513,16384,300,0.17587422721244642,9.723000434384314,200,0.9947552875628773,0.9329483217748444,0.2499757594075859,385.0,103.28459311952446,0.8390729329999612,4.999997328567144e-05,4.999339580535889e-05,8.405182485016197e-08,False,305.19526615299765,28.93639126400103,0.0,338.61913189700044,25.123809814453125,checkpoint,0.2860478849027013,5.090583713038731e-05,5.010049790143967e-05,2.0735577219736565e-07,1990,0.04,lambda_q,0,False
b35227b3efcdcf464ceb2a193b541498cc780e13ffdf4103077283de0f7b4fea,k200_lambda0.04_q0.85,200,0.85,0.1,1,232513,16384,400,0.17584078001191802,9.695853565177002,200,0.9975107771487943,0.940481326815641,0.17371763315531571,296.5,83.9937134697845,0.7590412967199882,4.9999970753687836e-05,4.999339580535889e-05,9.78009910882914e-10,False,381.09939582499646,36.29048329800116,0.0,423.02045812600045,25.123809814453125,checkpoint,0.28599719220084907,5.0897365377233546e-05,5.0127506256103516e-05,4.1103681614919966e-07,1880,0.04,lambda_q,0,False
b35227b3efcdcf464ceb2a193b541498cc780e13ffdf4103077283de0f7b4fea,k200_lambda0.04_q0.85,200,0.85,0.1,1,232513,16384,500,0.17582301995963734,9.680955473457399,200,0.9986898119540737,0.9621460525489741,0.11110876614258676,237.9,69.87052250841887,0.7019920603100127,5.855651972505911e-05,5.457550287246704e-05,1.6416354704235715e-09,True,451.29860185599773,43.62513677500101,14.931806909999978,516.6453779949998,25.123809814453125,complete,0.28596123365148696,5.067832038798052e-05,5.013495683670044e-05,2.9107497225114803e-07,1910,0.04,lambda_q,0,False
b35227b3efcdcf464ceb2a193b541498cc780e13ffdf4103077283de0f7b4fea,k200_lambda0.04_q0.9,200,0.9,0.1,1,232513,16384,0,0.19694456318607725,30.111129270191345,200,,,,0.0,0.0,0.0,4.9999982097637826e-05,4.999339580535889e-05,7.083471670378747e-15,False,2.6724578060002386,7.0318097360004685,0.0,10.176644082999701,25.106319904327393,checkpoint,0.3233102810481483,5.065699630322151e-05,4.996638745069504e-05,1.5456126444190238e-05,1420,0.04,lambda_q,0,False
b35227b3efcdcf464ceb2a193b541498cc780e13ffdf4103077283de0f7b4fea,k200_lambda0.04_q0.9,200,0.9,0.1,1,232513,16384,100,0.17610756211369027,9.826435511132711,200,0.8124123347618137,0.6160825066550191,1.4229472141695072,736.7,219.75364818311252,1.2884102977300154,4.999995993752542e-05,4.999712109565735e-05,9.23281788740881e-08,False,131.51348757900178,14.39586718100054,0.0,148.00824157199986,25.123809814453125,checkpoint,0.28645321123660417,5.10141784393387e-05,5.012005567550659e-05,5.080358412585981e-07,1950,0.04,lambda_q,0,False
b35227b3efcdcf464ceb2a193b541498cc780e13ffdf4103077283de0f7b4fea,k200_lambda0.04_q0.9,200,0.9,0.1,1,232513,16384,200,0.17582804150838857,9.644566110282005,200,0.985941836555379,0.8526655506085961,0.40219321386144397,411.5,126.95314240494082,0.9202429683799255,4.999989805461702e-05,4.999339580535889e-05,3.0325570971275804e-08,False,223.53778441699433,21.769125596000777,0.0,248.56891518799966,25.123809814453125,checkpoint,0.28601267133193026,5.1002449982858406e-05,5.0265341997146606e-05,3.1628090275502845e-07,1930,0.04,lambda_q,0,False
b35227b3efcdcf464ceb2a193b541498cc780e13ffdf4103077283de0f7b4fea,k200_lambda0.04_q0.9,200,0.9,0.1,1,232513,16384,300,0.1757594946397245,9.636489142542567,200,0.9950030485756715,0.9277576011061427,0.23497267923985887,394.8,100.25515175495565,0.8325621331300317,4.9999971396508425e-05,4.999339580535889e-05,1.078381045131911e-07,False,306.7939977299975,29.041073555001276,0.0,340.23667378699975,25.123809814453125,checkpoint,0.28588634070590097,5.072553390453832e-05,5.013495683670044e-05,5.397020685514372e-07,1940,0.04,lambda_q,0,False
b35227b3efcdcf464ceb2a193b541498cc780e13ffdf4103077283de0f7b4fea,k200_lambda0.04_q0.9,200,0.9,0.1,1,232513,16384,400,0.1757327623145734,9.604284491619824,200,0.9974634895730543,0.927879405838879,0.15646874362745686,342.3,82.88543866364465,0.7646546828999908,4.999997547275212e-05,4.999339580535889e-05,2.41691004612889e-07,False,383.2594660199966,36.357280847000766,0.0,425.14050519400007,25.123809814453125,checkpoint,0.2858375288872126,5.081288160262466e-05,5.012913607060909e-05,1.7135422644367823e-07,2050,0.04,lambda_q,0,False
b35227b3efcdcf464ceb2a193b541498cc780e13ffdf4103077283de0f7b4fea,k200_lambda0.04_q0.9,200,0.9,0.1,1,232513,16384,500,0.17571966543473969,9.598693406390181,200,0.9988024107669523,0.9627941041596589,0.10806806629480929,240.1,68.87000253749252,0.6965554994700142,5.868810684802495e-05,5.367398262023926e-05,5.3464442969546155e-08,True,452.915015966998,43.6270030200003,14.465282428999672,517.6835290429999,25.123809814453125,complete,0.2858201274255598,5.081999084044392e-05,5.0205737352371216e-05,1.498478522399287e-07,1940,0.04,lambda_q,0,False
b35227b3efcdcf464ceb2a193b541498cc780e13ffdf4103077283de0f7b4fea,k200_lambda0.04_q0.95,200,0.95,0.1,1,232513,16384,0,0.19694456318607725,30.111129270191345,200,,,,0.0,0.0,0.0,4.9999982097637826e-05,4.999339580535889e-05,7.083471670378747e-15,False,2.666431585999817,6.924879551000231,0.0,10.056268652999279,25.106319904327393,checkpoint,0.3233102842724808,5.081021555747199e-05,5.0047412514686584e-05,1.5565975621725403e-05,1420,0.04,lambda_q,0,False
b35227b3efcdcf464ceb2a193b541498cc780e13ffdf4103077283de0f7b4fea,k200_lambda0.04_q0.95,200,0.95,0.1,1,232513,16384,100,0.1759421379994633,9.781182127450938,200,0.8120186832863999,0.5563103455925946,1.4757493492595641,794.9,227.94154735434142,1.322684721339965,4.999999587759969e-05,4.999339580535889e-05,6.426579487150003e-10,False,134.93490371999633,14.391426939000667,0.0,151.46800737499962,25.123809814453125,checkpoint,0.286217149707122,5.082229944961145e-05,5.016941577196121e-05,6.295600806172934e-08,1870,0.04,lambda_q,0,False
b35227b3efcdcf464ceb2a193b541498cc780e13ffdf4103077283de0f7b4fea,k200_lambda0.04_q0.95,200,0.95,0.1,1,232513,16384,200,0.17572948557762105,9.626640230868812,200,0.9878466610002969,0.8537161016708057,0.3738064392892376,426.9,123.5386128947629,0.9119522962700739,4.9999987970140194e-05,4.999339580535889e-05,5.5602068371884025e-12,False,226.13013334700372,21.704271671000242,0.0,251.18504296899937,25.123809814453125,checkpoint,0.28587446740700645,5.092641488955034e-05,5.009770393371582e-05,1.8732651322731858e-07,2080,0.04,lambda_q,0,False
b35227b3efcdcf464ceb2a193b541498cc780e13ffdf4103077283de0f7b4fea,k200_lambda0.04_q0.95,200,0.95,0.1,1,232513,16384,300,0.17568222218806603,9.632674302082034,200,0.9964956832704184,0.9374127826565455,0.19766296733243613,323.7,90.36540408493285,0.7841749220299971,4.999997208295942e-05,4.999339580535889e-05,1.935825411743851e-10,False,304.54762555000343,29.026887963000263,0.0,338.0688086149994,25.123809814453125,checkpoint,0.28580284736151484,5.10895225635422e-05,5.009211599826813e-05,3.02068847800675e-08,2200,0.04,lambda_q,0,False
b35227b3efcdcf464ceb2a193b541498cc780e13ffdf4103077283de0f7b4fea,k200_lambda0.04_q0.95,200,0.95,0.1,1,232513,16384,400,0.1756412990178203,9.609075621578148,200,0.9971800735445298,0.9350427444114157,0.16646420004392523,288.4,79.95444469771581,0.7400046051600202,4.999995399418413e-05,4.999339580535889e-05,8.357197885843458e-08,False,378.54808606600545,36.29459623300045,0.0,420.4649906429995,25.123809814453125,checkpoint,0.28573573754479786,5.06715234342712e-05,5.021784454584122e-05,8.994857697331032e-08,1940,0.04,lambda_q,0,False
b35227b3efcdcf464ceb2a193b541498cc780e13ffdf4103077283de0f7b4fea,k200_lambda0.04_q0.95,200,0.95,0.1,1,232513,16384,500,0.1756211002116864,9.584384529037086,200,0.9985619682968724,0.9692959644141026,0.12117419278226657,252.6,66.90038836538169,0.690867191850075,5.91156929079907e-05,5.3748488426208496e-05,3.0871019013796575e-07,True,447.63480525101295,43.5272841040005,14.149480529000357,512.0800784859994,25.123809814453125,complete,0.2857042850249748,5.08932084501032e-05,5.01805916428566e-05,2.0279697556465834e-07,1930,0.04,lambda_q,0,False
b35227b3efcdcf464ceb2a193b541498cc780e13ffdf4103077283de0f7b4fea,k200_lambda0.05_q0.85,200,0.85,0.1,1,232513,16384,0,0.206112357560645,28.45691638747081,200,,,,0.0,0.0,0.0,4.999997698515926e-05,4.9999915063381195e-05,1.4103311316748734e-16,False,2.7008927389997552,6.874926688000414,0.0,10.043721873000322,25.106319904327393,checkpoint,0.3247729521817543,5.115044238603362e-05,4.993751645088196e-05,1.1190911969380832e-05,1370,0.05,lambda_q,0,False
b35227b3efcdcf464ceb2a193b541498cc780e13ffdf4103077283de0f7b4fea,k200_lambda0.05_q0.85,200,0.85,0.1,1,232513,16384,100,0.184461889345506,8.130233578337556,200,0.822405386305999,0.6147497802696366,1.4800877333102012,805.2,230.84248622657668,1.3301835500100152,4.9999983890904364e-05,4.9999915063381195e-05,5.739843731551419e-13,False,135.71924774000126,14.14339738200033,0.0,151.9389315920007,25.123809814453125,checkpoint,0.28789828030354775,5.113787462564925e-05,5.0084665417671204e-05,2.2013946358208404e-08,1950,0.05,lambda_q,0,False
b35227b3efcdcf464ceb2a193b541498cc780e13ffdf4103077283de0f7b4fea,k200_lambda0.05_q0.85,200,0.85,0.1,1,232513,16384,200,0.18420612391099392,8.047859689565744,200,0.9876682602692932,0.8688367240365252,0.38725759604728355,481.6,127.84124715607302,0.93453729415005,4.999997845880938e-05,4.9999915063381195e-05,1.57954624827629e-08,False,229.17297715500627,21.420176157000242,0.0,253.8340845190005,25.123809814453125,checkpoint,0.2874957089112171,5.101611717402103e-05,5.020014941692352e-05,3.511782402346056e-11,2060,0.05,lambda_q,0,False
b35227b3efcdcf464ceb2a193b541498cc780e13ffdf4103077283de0f7b4fea,k200_lambda0.05_q0.85,200,0.85,0.1,1,232513,16384,300,0.18413104930916563,8.068361769019367,200,0.9957730653311438,0.924342424283202,0.2389355245884085,370.9,100.44592646432675,0.8186848953900153,4.99999931084643e-05,4.9999915063381195e-05,5.70671732823336e-10,False,311.0414666940078,28.69904341900019,0.0,344.137383583,25.123809814453125,checkpoint,0.2873736133100041,5.1021779209679126e-05,5.013123154640198e-05,1.5434886724664442e-07,1960,0.05,lambda_q,0,False
b35227b3efcdcf464ceb2a193b541498cc780e13ffdf4103077283de0f7b4fea,k200_lambda0.05_q0.85,200,0.85,0.1,1,232513,16384,400,0.18409934359819127,8.068912275872746,200,0.9975417667992721,0.9368367477183889,0.16267647499695365,349.5,81.80075049567115,0.7560525395999866,4.999995667605547e-05,4.9999915063381195e-05,7.342688851946009e-10,False,386.64672065400646,35.913008706001165,0.0,428.10827520300063,25.123809814453125,checkpoint,0.28731441594677587,5.100956005373758e-05,5.0108879804611206e-05,5.49842927687778e-09,1920,0.05,lambda_q,0,False
b35227b3efcdcf464ceb2a193b541498cc780e13ffdf4103077283de0f7b4fea,k200_lambda0.05_q0.85,200,0.85,0.1,1,232513,16384,500,0.18407571558782262,8.086812350277189,200,0.9985151036873302,0.9568053630903877,0.11577814892569584,270.8,70.18190165711162,0.7039524479399916,5.965009369755391e-05,5.45307993888855e-05,2.9392489048787615e-09,True,457.0419654480056,43.24025566600085,14.195133503000761,521.1574481859998,25.123809814453125,complete,0.2872791467162891,5.1040781068323306e-05,5.0146132707595825e-05,2.8391484936691664e-08,2010,0.05,lambda_q,0,False
b35227b3efcdcf464ceb2a193b541498cc780e13ffdf4103077283de0f7b4fea,k200_lambda0.05_q0.9,200,0.9,0.1,1,232513,16384,0,0.206112357560645,28.45691638747081,200,,,,0.0,0.0,0.0,4.999997698515926e-05,4.9999915063381195e-05,1.4103311316748734e-16,False,2.6944240360007825,6.921623989999716,0.0,10.084309674000906,25.106319904327393,checkpoint,0.3247729541700115,5.084329686675953e-05,4.9989670515060425e-05,1.5565150872453295e-05,1370,0.05,lambda_q,0,False
b35227b3efcdcf464ceb2a193b541498cc780e13ffdf4103077283de0f7b4fea,k200_lambda0.05_q0.9,200,0.9,0.1,1,232513,16384,100,0.18434201704933503,8.111838907932029,200,0.8199474112104308,0.6081083956848929,1.529554614220281,854.9,236.39242967059906,1.3563846939700488,4.9999975760782896e-05,4.9999915063381195e-05,5.280214541415855e-11,False,138.33289343300567,14.245391874001143,0.0,154.18111465000038,25.123809814453125,checkpoint,0.2877443002769842,5.102521567698621e-05,5.0082337111234665e-05,1.3201047921491041e-08,2120,0.05,lambda_q,0,False
b35227b3efcdcf464ceb2a193b541498cc780e13ffdf4103077283de0f7b4fea,k200_lambda0.05_q0.9,200,0.9,0.1,1,232513,16384,200,0.184100811614306,8.030437007823219,200,0.988012547370054,0.8724162226456328,0.3901192281713812,403.5,130.70648264828205,0.9213811177399839,4.999998963525401e-05,4.9999915063381195e-05,3.1198488195780504e-12,False,230.47100520700405,21.6380934000008,0.0,254.8821832779995,25.123809814453125,checkpoint,0.28736609825172016,5.0769436675597416e-05,5.01386821269989e-05,3.900844007239484e-09,2000,0.05,lambda_q,0,False
b35227b3efcdcf464ceb2a193b541498cc780e13ffdf4103077283de0f7b4fea,k200_lambda0.05_q0.9,200,0.9,0.1,1,232513,16384,300,0.18403065957823722,8.02897902482872,200,0.9963454319355454,0.9183090295651629,0.22229873953085752,374.5,97.0709968904965,0.8100025335200371,4.9999969763753655e-05,4.9999915063381195e-05,2.6648662105702215e-14,False,311.47125855900777,28.944558712999424,0.0,344.3473605500003,25.123809814453125,checkpoint,0.2872502893956573,5.061110853584069e-05,5.009770393371582e-05,5.960519726727706e-10,2080,0.05,lambda_q,0,False
b35227b3efcdcf464ceb2a193b541498cc780e13ffdf4103077283de0f7b4fea,k200_lambda0.05_q0.9,200,0.9,0.1,1,232513,16384,400,0.18399745485511393,8.040888036367859,200,0.9978895897340881,0.9411003301445755,0.13641357404467835,288.2,74.83773509438181,0.7213484313098161,4.9999984804168965e-05,4.9999915063381195e-05,3.204210797677421e-09,False,383.6061016899894,36.19807881499946,0.0,424.85664915800044,25.123809814453125,checkpoint,0.287204494170272,5.1135044426116226e-05,5.0086528062820435e-05,1.9205248298990402e-09,1950,0.05,lambda_q,0,False
b35227b3efcdcf464ceb2a193b541498cc780e13ffdf4103077283de0f7b4fea,k200_lambda0.05_q0.9,200,0.9,0.1,1,232513,16384,500,0.183983653904374,8.037025886724614,200,0.9987330101249148,0.9465991000686383,0.12352463852762673,303.3,65.78687299204775,0.6943941177600936,5.8233252285990055e-05,5.333125591278076e-05,4.682018618279288e-13,True,453.04551346599874,43.56106575799822,15.379132451998885,518.2208280190007,25.123809814453125,complete,0.2871755689086902,5.088419241007262e-05,5.009211599826813e-05,2.5045478137751105e-10,1960,0.05,lambda_q,0,False
b35227b3efcdcf464ceb2a193b541498cc780e13ffdf4103077283de0f7b4fea,k200_lambda0.05_q0.95,200,0.95,0.1,1,232513,16384,0,0.206112357560645,28.45691638747081,200,,,,0.0,0.0,0.0,4.999997698515926e-05,4.9999915063381195e-05,1.4103311316748734e-16,False,2.6901019790002465,6.915447901999869,0.0,10.070170946000871,25.106319904327393,checkpoint,0.32477295702475817,5.081236063817665e-05,4.997663199901581e-05,1.5387005630504764e-05,1370,0.05,lambda_q,0,False
b35227b3efcdcf464ceb2a193b541498cc780e13ffdf4103077283de0f7b4fea,k200_lambda0.05_q0.95,200,0.95,0.1,1,232513,16384,100,0.18421473528188395,8.06060736388933,200,0.8200769654597092,0.4260774911374,1.5462119726714938,874.5,241.0341955073479,1.3745877177499097,4.999996732895998e-05,4.9999915063381195e-05,1.2988489110538277e-10,False,140.1488737539912,14.422939863998181,0.0,156.16983977699965,25.123809814453125,checkpoint,0.2875956883763695,5.091815255762254e-05,5.01386821269989e-05,1.1826832906575348e-09,2020,0.05,lambda_q,0,False
b35227b3efcdcf464ceb2a193b541498cc780e13ffdf4103077283de0f7b4fea,k200_lambda0.05_q0.95,200,0.95,0.1,1,232513,16384,200,0.18400753109210297,8.012683161801705,200,0.988778590296541,0.8696507760772418,0.3879020158242411,522.3,126.79026075961346,0.9362917173399729,4.9999958909083024e-05,4.9999915063381195e-05,1.1872943055928308e-09,False,233.7780454879885,21.7429518789977,0.0,258.27407651500107,25.123809814453125,checkpoint,0.2872545481483794,5.095046974467842e-05,5.007535219192505e-05,3.066810780336095e-11,2080,0.05,lambda_q,0,False
b35227b3efcdcf464ceb2a193b541498cc780e13ffdf4103077283de0f7b4fea,k200_lambda0.05_q0.95,200,0.95,0.1,1,232513,16384,300,0.18395279445948381,8.011057446250318,200,0.996346292642926,0.9384321416625689,0.22345723688277577,440.0,98.63206057295722,0.829611016559993,4.999999853178715e-05,4.9999915063381195e-05,4.7911192326024616e-09,False,316.7391471439878,29.12933750999764,0.0,349.7633779860007,25.123809814453125,checkpoint,0.2871565888992846,5.1018941699470815e-05,5.019456148147583e-05,1.1040354789260853e-10,2030,0.05,lambda_q,0,False
b35227b3efcdcf464ceb2a193b541498cc780e13ffdf4103077283de0f7b4fea,k200_lambda0.05_q0.95,200,0.95,0.1,1,232513,16384,400,0.18393214124378818,8.00276973760607,200,0.9984808291659044,0.9424527437068233,0.12678100049087265,352.0,72.88305041008459,0.7308058064600118,4.999998688978311e-05,4.9999915063381195e-05,2.065779258718724e-09,False,389.819727789989,36.48212480899747,0.0,431.339297343,25.123809814453125,checkpoint,0.2871128007666913,5.155033188979873e-05,5.01684844493866e-05,4.0506893557474655e-09,2010,0.05,lambda_q,0,False
b35227b3efcdcf464ceb2a193b541498cc780e13ffdf4103077283de0f7b4fea,k200_lambda0.05_q0.95,200,0.95,0.1,1,232513,16384,500,0.18391543664238014,8.011835897347675,200,0.9987408196268597,0.9344661396404264,0.09659944054070346,278.3,52.03139394356444,0.6479185112397863,5.9350229832108476e-05,5.4080039262771606e-05,2.302130611466735e-09,True,454.6115789139676,43.98285524799758,14.98117227900002,519.8171373780006,25.123809814453125,complete,0.28708780625348856,5.152435347444925e-05,5.014985799789429e-05,1.280455379254207e-07,2200,0.05,lambda_q,0,False
b35227b3efcdcf464ceb2a193b541498cc780e13ffdf4103077283de0f7b4fea,k200_lambda0.06_q0.85,200,0.85,0.1,1,232513,16384,0,0.21510223702015782,27.038045184570326,200,,,,0.0,0.0,0.0,4.999998837009585e-05,4.997849464416504e-05,3.4666679839211522e-15,False,2.682566505000068,6.999494224000955,0.0,10.153632745001232,25.106319904327393,checkpoint,0.3265536860024693,5.068472055538997e-05,5.0008296966552734e-05,1.245469817693459e-05,1410,0.06,lambda_q,0,False
b35227b3efcdcf464ceb2a193b541498cc780e13ffdf4103077283de0f7b4fea,k200_lambda0.06_q0.85,200,0.85,0.1,1,232513,16384,100,0.19251627224671516,6.970388752456852,200,0.8290317116617291,0.6187217370966007,1.5755742933267096,912.1,241.08818474665935,1.3841492516899052,4.999970992941002e-05,4.999339580535889e-05,2.1382483822853005e-10,False,141.0974916739906,14.389094174999627,0.0,161.7125899040002,25.123809814453125,checkpoint,0.2893166840515382,5.080755438454268e-05,5.014240741729736e-05,5.177688137497168e-09,2000,0.06,lambda_q,0,False
b35227b3efcdcf464ceb2a193b541498cc780e13ffdf4103077283de0f7b4fea,k200_lambda0.06_q0.85,200,0.85,0.1,1,232513,16384,200,0.1922536632290761,6.972767114096846,200,0.9889100474812633,0.8480281128292262,0.3868358460840725,486.3,130.2965808363403,0.937539059580049,4.999999658215181e-05,4.999339580535889e-05,9.848448834334153e-11,False,234.8513976319955,21.78497370199875,0.0,264.06090260400015,25.123809814453125,checkpoint,0.28891334884341835,5.087963220271339e-05,5.011819303035736e-05,2.8934514010662973e-10,2020,0.06,lambda_q,0,False
b35227b3efcdcf464ceb2a193b541498cc780e13ffdf4103077283de0f7b4fea,k200_lambda0.06_q0.85,200,0.85,0.1,1,232513,16384,300,0.19220283483288414,6.974225097091345,200,0.9964468417643144,0.9183299617906615,0.258412133885487,427.7,106.51744848675128,0.8487659242900372,4.999998549721016e-05,4.999339580535889e-05,2.7056132817978727e-11,False,319.7279900609992,29.44894789299906,0.0,357.77641106100054,25.123809814453125,checkpoint,0.288819276107608,5.098315045072768e-05,5.019456148147583e-05,5.231344153312051e-10,2120,0.06,lambda_q,0,False
b35227b3efcdcf464ceb2a193b541498cc780e13ffdf4103077283de0f7b4fea,k200_lambda0.06_q0.85,200,0.85,0.1,1,232513,16384,400,0.19217324386360585,6.999660234051429,200,0.9979428589513063,0.9191730016426711,0.14211823837905535,359.5,78.06543935177818,0.7453705834600441,4.999996299632036e-05,4.999339580535889e-05,2.294655263472834e-16,False,394.26504840700363,36.794321940999,0.0,440.8447901030013,25.123809814453125,checkpoint,0.28875455472272926,5.136998853371925e-05,5.0115399062633514e-05,2.15979149998476e-10,2010,0.06,lambda_q,0,False
b35227b3efcdcf464ceb2a193b541498cc780e13ffdf4103077283de0f7b4fea,k200_lambda0.06_q0.85,200,0.85,0.1,1,232513,16384,500,0.19216503642093272,7.001479487168459,200,0.9994824421671968,0.965129139106052,0.09742482841869979,374.7,57.66307776339386,0.6852115918499112,6.0110544458809186e-05,5.37186861038208e-05,2.2179869256758798e-11,True,462.78620759199475,44.15352686499864,14.578243951000331,532.4958170500013,25.123809814453125,complete,0.28874544029302773,5.0827252290552734e-05,5.01386821269989e-05,9.127527980423641e-10,2070,0.06,lambda_q,0,False
b35227b3efcdcf464ceb2a193b541498cc780e13ffdf4103077283de0f7b4fea,k200_lambda0.06_q0.9,200,0.9,0.1,1,232513,16384,0,0.21510223702015782,27.038045184570326,200,,,,0.0,0.0,0.0,4.999998837009585e-05,4.997849464416504e-05,3.4666679839211522e-15,False,2.6818673249999847,6.967971649999527,0.0,10.120537390999743,25.106319904327393,checkpoint,0.3265536879556758,5.0671456656234016e-05,4.9948692321777344e-05,1.2277000789240438e-05,1410,0.06,lambda_q,0,False
b35227b3efcdcf464ceb2a193b541498cc780e13ffdf4103077283de0f7b4fea,k200_lambda0.06_q0.9,200,0.9,0.1,1,232513,16384,100,0.1924383689590753,6.91925612761437,200,0.8255500889061897,0.5662817089930486,1.618927060071897,897.9,247.41508259753218,1.3983398985500934,4.9999960387966195e-05,4.999339580535889e-05,1.070232502281254e-11,False,142.51585718000933,14.412098043998412,0.0,159.43983557799947,25.123809814453125,checkpoint,0.2892149825480131,5.0772131678967515e-05,5.012843757867813e-05,3.6329544930544603e-09,1970,0.06,lambda_q,0,False
b35227b3efcdcf464ceb2a193b541498cc780e13ffdf4103077283de0f7b4fea,k200_lambda0.06_q0.9,200,0.9,0.1,1,232513,16384,200,0.19220222246933955,6.915505799675717,200,0.9891734958750029,0.8107283165360345,0.35351734090265535,521.5,123.17007909235183,0.9205358413199246,4.9999987459653224e-05,4.999339580535889e-05,3.557154389774985e-11,False,234.5694413120018,21.73463160299798,0.0,259.97869499400076,25.123809814453125,checkpoint,0.2888520022601524,5.0910129157250994e-05,5.013612098991871e-05,2.658103663272279e-10,2000,0.06,lambda_q,0,False
b35227b3efcdcf464ceb2a193b541498cc780e13ffdf4103077283de0f7b4fea,k200_lambda0.06_q0.9,200,0.9,0.1,1,232513,16384,300,0.19214853315310987,6.926687970135003,200,0.9966752292551361,0.9176722577708184,0.20668270207882364,453.4,94.29959744186348,0.816492313990002,4.999999757558172e-05,4.999339580535889e-05,3.0516749435184424e-11,False,316.218672711002,29.108462343998326,0.0,350.1094295620005,25.123809814453125,checkpoint,0.28877398400970483,5.0905242980079804e-05,5.017966032028198e-05,3.1397631492557965e-09,2060,0.06,lambda_q,0,False
b35227b3efcdcf464ceb2a193b541498cc780e13ffdf4103077283de0f7b4fea,k200_lambda0.06_q0.9,200,0.9,0.1,1,232513,16384,400,0.1921174482838849,6.953796131829188,200,0.9978429660939563,0.9035966841371708,0.12802417271847363,434.7,67.81032286366782,0.728595265829972,4.9999993288711e-05,4.999339580535889e-05,5.268060364875813e-16,False,389.0781992939992,36.448342687999684,0.0,431.4563074359994,25.123809814453125,checkpoint,0.28870192314211773,5.067458002421683e-05,5.015730857849121e-05,9.579620199251048e-10,2120,0.06,lambda_q,0,False
b35227b3efcdcf464ceb2a193b541498cc780e13ffdf4103077283de0f7b4fea,k200_lambda0.06_q0.9,200,0.9,0.1,1,232513,16384,500,0.19210274600433175,6.966634123683407,200,0.9988767765468193,0.9151852989167693,0.09999361871202239,296.6,56.81173611798053,0.661467826239932,5.8782553130179965e-05,5.3688883781433105e-05,1.442759277474881e-10,True,455.2249819179924,43.752507038998374,14.25637630500023,520.3093606359998,25.123809814453125,complete,0.2886691876361722,5.092068603088729e-05,5.019456148147583e-05,1.795816772170731e-10,2130,0.06,lambda_q,0,False
b35227b3efcdcf464ceb2a193b541498cc780e13ffdf4103077283de0f7b4fea,k200_lambda0.06_q0.95,200,0.95,0.1,1,232513,16384,0,0.21510223702015782,27.038045184570326,200,,,,0.0,0.0,0.0,4.999998837009585e-05,4.997849464416504e-05,3.4666679839211522e-15,False,2.6724560689999635,6.916054271001485,0.0,10.048388250999778,25.106319904327393,checkpoint,0.32655368971469145,5.075249426585234e-05,4.9971044063568115e-05,1.1917981585455498e-05,1410,0.06,lambda_q,0,False
b35227b3efcdcf464ceb2a193b541498cc780e13ffdf4103077283de0f7b4fea,k200_lambda0.06_q0.95,200,0.95,0.1,1,232513,16384,100,0.19235986755239953,6.917884161315712,199,0.8225590652264958,0.2633552723300201,1.6312592984425323,889.3,250.30469307092505,1.4020410849300242,4.9999973056008626e-05,4.999339580535889e-05,5.632152627168026e-11,False,142.8765645620024,14.16983343100219,0.0,159.12470571499944,25.123809814453125,checkpoint,0.2891541557937289,5.081162337861069e-05,5.015730857849121e-05,1.648460953803125e-10,2030,0.06,lambda_q,0,False
b35227b3efcdcf464ceb2a193b541498cc780e13ffdf4103077283de0f7b4fea,k200_lambda0.06_q0.95,200,0.95,0.1,1,232513,16384,200,0.19219365549796358,6.917845453802583,199,0.9900680922407045,0.7765168624250126,0.32332378452650473,442.7,116.87415284306675,0.8811118445299871,4.99999803907938e-05,4.999339580535889e-05,1.603620818353288e-09,False,230.9877490150011,21.519717937002497,0.0,255.72781011299958,25.123809814453125,checkpoint,0.28885523325332374,5.089322720553209e-05,5.0164759159088135e-05,1.1056763859643821e-10,2070,0.06,lambda_q,0,False
b35227b3efcdcf464ceb2a193b541498cc780e13ffdf4103077283de0f7b4fea,k200_lambda0.06_q0.95,200,0.95,0.1,1,232513,16384,300,0.19214351949385797,6.945461114002228,199,0.9968971990444956,0.9099362037636229,0.16328440934228589,363.7,81.22231316098456,0.7545979259299384,4.999998164914087e-05,4.999339580535889e-05,2.2920235820759268e-11,False,306.44754160799494,28.7913491920026,0.0,339.62887940699875,25.123809814453125,checkpoint,0.2887553128150478,5.081063009892523e-05,5.0187110900878906e-05,5.171631617491081e-10,2000,0.06,lambda_q,0,False
b35227b3efcdcf464ceb2a193b541498cc780e13ffdf4103077283de0f7b4fea,k200_lambda0.06_q0.95,200,0.95,0.1,1,232513,16384,400,0.19211067923609815,6.9210753807314,199,0.9979514414381271,0.9239873462455241,0.1869637798148598,374.4,81.85424083814668,0.7545080818199859,4.999999243614798e-05,4.999339580535889e-05,3.851691747999974e-10,False,381.8983497899935,36.08412202800173,0.0,423.5700108759993,25.123809814453125,checkpoint,0.2887087486509656,5.069067885662477e-05,5.0123780965805054e-05,1.2334558455723948e-11,2080,0.06,lambda_q,0,False
b35227b3efcdcf464ceb2a193b541498cc780e13ffdf4103077283de0f7b4fea,k200_lambda0.06_q0.95,200,0.95,0.1,1,232513,16384,500,0.19209356060747335,6.921509765045395,199,0.9987852909151065,0.9009729838959333,0.10160633156205112,304.6,60.4295127584264,0.6751240116498594,5.818969073620943e-05,5.408376455307007e-05,4.6471981285125824e-12,True,449.41075095497945,43.40976731200135,14.329339743999299,513.966123618,25.123809814453125,complete,0.2886854498055509,5.079586616869766e-05,5.0195492804050446e-05,1.6675482242042137e-09,2050,0.06,lambda_q,0,False
b35227b3efcdcf464ceb2a193b541498cc780e13ffdf4103077283de0f7b4fea,k200_lambda0.02_q0.85,200,0.85,0.1,1,232513,16384,0,0.17804243359991181,34.632880742152054,200,,,,0.0,0.0,0.0,4.999994777909496e-05,4.999799421057105e-05,6.186655998499571e-13,False,2.680110268000135,6.969134121000025,0.0,10.132343031998971,25.106319904327393,checkpoint,0.32142289880302394,5.0700143500321413e-05,4.986859858036041e-05,1.2202792083660557e-05,1420,0.02,lambda_q,1,False
b35227b3efcdcf464ceb2a193b541498cc780e13ffdf4103077283de0f7b4fea,k200_lambda0.02_q0.85,200,0.85,0.1,1,232513,16384,100,0.15951060873028386,18.327452658561025,200,0.7794839520838498,0.5842559612049858,1.0615876010913152,489.1,166.86117335374794,1.1023412047899184,4.999998820264361e-05,4.9997586756944656e-05,9.161987676113217e-07,False,112.91423074699196,14.073617145000753,0.0,128.6008261219995,25.123809814453125,checkpoint,0.2850407841276273,5.072301683158009e-05,5.007162690162659e-05,8.87039632808493e-06,1700,0.02,lambda_q,1,False
b35227b3efcdcf464ceb2a193b541498cc780e13ffdf4103077283de0f7b4fea,k200_lambda0.02_q0.85,200,0.85,0.1,1,232513,16384,200,0.1591674035617908,17.882823756091057,200,0.9804723888042887,0.8964452897422547,0.3446236639547011,219.5,96.52204177830917,0.8055833236199397,4.9999881553857805e-05,4.9997586756944656e-05,2.6723713490341415e-06,False,193.47256310898592,21.208470953999495,0.0,217.50740342399877,25.123809814453125,checkpoint,0.28443389524573165,5.083381047515752e-05,4.997663199901581e-05,6.92029484140769e-06,1750,0.02,lambda_q,1,False
b35227b3efcdcf464ceb2a193b541498cc780e13ffdf4103077283de0f7b4fea,k200_lambda0.02_q0.85,200,0.85,0.1,1,232513,16384,300,0.15902620444083823,17.669166885292434,200,0.9904022463460476,0.9451406903610916,0.2595314837629657,206.2,86.40923518254891,0.7701323174099707,4.999993859918276e-05,4.999618977308273e-05,2.29982466138814e-06,False,270.485794849983,28.330837114001042,0.0,302.8011686799982,25.123809814453125,checkpoint,0.28421367626705085,5.1122873879133284e-05,5.0086528062820435e-05,9.951436934937533e-06,1610,0.02,lambda_q,1,False
b35227b3efcdcf464ceb2a193b541498cc780e13ffdf4103077283de0f7b4fea,k200_lambda0.02_q0.85,200,0.85,0.1,1,232513,16384,400,0.15895628610543172,17.551229393625302,200,0.9946444665239116,0.9625771256100345,0.17495519322320732,167.0,76.93932081216964,0.7305849101700369,4.999998413782e-05,4.999665543437004e-05,3.6859118836500395e-06,False,343.5442858669867,35.43999553700087,0.0,384.10641627099903,25.123809814453125,checkpoint,0.2840876121662348,5.0889588099213615e-05,5.008280277252197e-05,4.7208705455982765e-06,1730,0.02,lambda_q,1,False
b35227b3efcdcf464ceb2a193b541498cc780e13ffdf4103077283de0f7b4fea,k200_lambda0.02_q0.85,200,0.85,0.1,1,232513,16384,500,0.15890776058753348,17.475160528658613,200,0.9961435165568556,0.9128851449848906,0.15558456909439866,167.8,73.06273670719486,0.7176862192200679,5.737405036999034e-05,5.323067307472229e-05,3.322123739955146e-06,True,415.31290778899347,42.54062997800065,14.371974764999322,478.54638124399935,25.123809814453125,complete,0.2840047066640978,5.075211720527917e-05,5.005672574043274e-05,8.803488665564726e-06,1700,0.02,lambda_q,1,False
b35227b3efcdcf464ceb2a193b541498cc780e13ffdf4103077283de0f7b4fea,k200_lambda0.02_q0.9,200,0.9,0.1,1,232513,16384,0,0.17804243359991181,34.632880742152054,200,,,,0.0,0.0,0.0,4.999994777909496e-05,4.999799421057105e-05,6.186655998499571e-13,False,2.843873569000607,7.017184893999911,0.0,10.3636170030004,23.97041606903076,checkpoint,0.3214228948153319,5.084545612233679e-05,4.9758702516555786e-05,1.2388644014951596e-05,1420,0.02,lambda_q,1,False
b35227b3efcdcf464ceb2a193b541498cc780e13ffdf4103077283de0f7b4fea,k200_lambda0.02_q0.9,200,0.9,0.1,1,232513,16384,100,0.15925089315413604,18.243341232533236,200,0.7807952263620106,0.5928634625202758,1.097563586482006,506.8,172.24045580247133,1.1212446872400323,4.999998642637424e-05,4.999665543437004e-05,9.180338591104228e-07,False,114.96834229300384,14.09797659800006,0.0,130.66727255500064,23.98774242401123,checkpoint,0.28466219150510313,5.080210018902363e-05,5.007721483707428e-05,8.882937353430088e-06,1660,0.02,lambda_q,1,False
b35227b3efcdcf464ceb2a193b541498cc780e13ffdf4103077283de0f7b4fea,k200_lambda0.02_q0.9,200,0.9,0.1,1,232513,16384,200,0.1588815054506779,17.703263903523673,200,0.9787124856163955,0.8529896353437927,0.38963558058289854,285.7,102.6638278289816,0.8396843745301521,4.999997693599034e-05,4.999898374080658e-05,1.8325073604888338e-06,False,199.13695178501894,21.276777681000567,0.0,222.90262845199868,24.125235080718994,checkpoint,0.28407269554856224,5.104497395294602e-05,5.001574754714966e-05,4.122403446306522e-06,1770,0.02,lambda_q,1,False
b35227b3efcdcf464ceb2a193b541498cc780e13ffdf4103077283de0f7b4fea,k200_lambda0.02_q0.9,200,0.9,0.1,1,232513,16384,300,0.1587312725300929,17.48482020360152,200,0.9909665820296465,0.9258585946012945,0.24384264948766252,206.3,87.79751411749022,0.7722089924901048,4.999998469978933e-05,4.999339580535889e-05,4.04633205105305e-06,False,276.3578510340294,28.378459204000137,0.0,308.4195915219989,24.125235080718994,checkpoint,0.28385470420645054,5.0927599469765896e-05,5.002319812774658e-05,2.7627715994076753e-06,1650,0.02,lambda_q,1,False
b35227b3efcdcf464ceb2a193b541498cc780e13ffdf4103077283de0f7b4fea,k200_lambda0.02_q0.9,200,0.9,0.1,1,232513,16384,400,0.1586701908936887,17.46267090442255,200,0.995677659865043,0.9354964217837037,0.16216360681389097,182.6,75.06942708579737,0.7301730839599623,4.999996892348681e-05,4.999898374080658e-05,2.7965480138738536e-06,False,349.37515943002563,35.463365037000585,0.0,389.7561950549989,24.125235080718994,checkpoint,0.2837511770438935,5.081593197898678e-05,5.001574754714966e-05,5.790877809931248e-06,1650,0.02,lambda_q,1,False
b35227b3efcdcf464ceb2a193b541498cc780e13ffdf4103077283de0f7b4fea,k200_lambda0.02_q0.9,200,0.9,0.1,1,232513,16384,500,0.1586307350148694,17.439248558145135,200,0.997411132547057,0.9672600164481725,0.13151142244410408,190.3,69.92727632433456,0.7129511092199391,5.803583519438159e-05,5.25154173374176e-05,2.722212007287446e-06,True,420.67027035201954,42.56078487800096,14.707828069000243,484.0585940610017,24.125235080718994,complete,0.28369683419617486,5.117341644959573e-05,5.006883293390274e-05,3.6162590225061257e-06,1650,0.02,lambda_q,1,False
b35227b3efcdcf464ceb2a193b541498cc780e13ffdf4103077283de0f7b4fea,k200_lambda0.02_q0.95,200,0.95,0.1,1,232513,16384,0,0.17804243359991181,34.632880742152054,200,,,,0.0,0.0,0.0,4.999994777909496e-05,4.999799421057105e-05,6.186655998499571e-13,False,2.6787088830005814,6.940931223000007,0.0,10.15226861300107,23.969337463378906,checkpoint,0.32142289433952337,5.088438177460684e-05,4.98257577419281e-05,1.2494761820190144e-05,1420,0.02,lambda_q,1,False
b35227b3efcdcf464ceb2a193b541498cc780e13ffdf4103077283de0f7b4fea,k200_lambda0.02_q0.95,200,0.95,0.1,1,232513,16384,100,0.15895346778011213,18.109370228761403,200,0.7831310311347931,0.5509140375349474,1.1601700346610677,537.9,179.6209897941191,1.1519137115500597,4.999999746360677e-05,4.999618977308273e-05,9.622076128092042e-07,False,117.87008003800656,14.016416153999671,0.0,134.64691709700128,23.986502170562744,checkpoint,0.28426840301992473,5.079898017597894e-05,5.006417632102966e-05,6.621462966213113e-06,1710,0.02,lambda_q,1,False
b35227b3efcdcf464ceb2a193b541498cc780e13ffdf4103077283de0f7b4fea,k200_lambda0.02_q0.95,200,0.95,0.1,1,232513,16384,200,0.1586104103029385,17.547354341477682,200,0.9784199661011279,0.8544684044373485,0.4026316518424567,293.1,106.70282177770709,0.8511070508400371,4.999998302621568e-05,4.999060183763504e-05,2.5756441466737506e-06,False,202.98078512201027,21.14576210999985,0.0,228.02278176400068,23.986502170562744,checkpoint,0.28377247439807973,5.13179190027925e-05,5.0067901611328125e-05,7.184566883446537e-06,1710,0.02,lambda_q,1,False
b35227b3efcdcf464ceb2a193b541498cc780e13ffdf4103077283de0f7b4fea,k200_lambda0.02_q0.95,200,0.95,0.1,1,232513,16384,300,0.15850804572343358,17.382189382959233,200,0.9925310213875259,0.9313475037467676,0.22261762444635316,231.8,87.91953525179237,0.7797345097701327,4.999998702839059e-05,4.999712109565735e-05,2.973670822777991e-06,False,280.95423609902355,28.298707198000557,0.0,314.32987960300125,23.986502170562744,checkpoint,0.28360695950311804,5.088422674903849e-05,5.003344267606735e-05,7.035837265230722e-06,1750,0.02,lambda_q,1,False
b35227b3efcdcf464ceb2a193b541498cc780e13ffdf4103077283de0f7b4fea,k200_lambda0.02_q0.95,200,0.95,0.1,1,232513,16384,400,0.15846072468338623,17.27939513059485,200,0.9962905263299017,0.9498396823274274,0.15844170856268858,192.9,76.00809718166295,0.7308685782999782,4.999997143631829e-05,4.9997586756944656e-05,2.2588710459930453e-06,False,354.0410939290214,35.487642802001574,0.0,395.7909105910003,23.986502170562744,checkpoint,0.2835279626730004,5.1009769810754e-05,5.012005567550659e-05,3.649066153289412e-06,1800,0.02,lambda_q,1,False
b35227b3efcdcf464ceb2a193b541498cc780e13ffdf4103077283de0f7b4fea,k200_lambda0.02_q0.95,200,0.95,0.1,1,232513,16384,500,0.15843974341195957,17.221875766086196,200,0.9980613501911195,0.9219937408592694,0.10668888291304558,169.8,65.38622743674546,0.6929762773900439,5.742758958828127e-05,5.2541494369506836e-05,2.203879133606923e-06,True,423.33872166802576,42.594535029000326,14.677703956000187,488.05750310700023,23.986502170562744,complete,0.28348859106606256,5.0922108508224864e-05,5.00604510307312e-05,3.6701126896020443e-06,1700,0.02,lambda_q,1,False
b35227b3efcdcf464ceb2a193b541498cc780e13ffdf4103077283de0f7b4fea,k200_lambda0.02_q1,200,1.0,0.1,1,232513,16384,0,0.17804243359991181,34.632880742152054,200,,,,0.0,0.0,0.0,4.999994777909496e-05,4.999799421057105e-05,6.186655998499571e-13,False,2.665101077000145,6.87881458299853,0.0,10.065234278001299,23.969337463378906,checkpoint,0.32142288913851236,5.077040374972153e-05,4.889257252216339e-05,1.2652487953876994e-05,1420,0.02,lambda_q,1,False
b35227b3efcdcf464ceb2a193b541498cc780e13ffdf4103077283de0f7b4fea,k200_lambda0.02_q1,200,1.0,0.1,1,232513,16384,100,0.1587007368435248,17.74044892113559,200,0.7875367354300067,0.4198336802198424,1.2274677654398403,576.3,186.01054521682664,1.1309313662699787,4.9999928958198194e-05,4.999898374080658e-05,6.710400367510596e-07,False,115.75823770399802,13.957345081998938,0.0,136.2866870300004,23.986502170562744,checkpoint,0.2839983762893179,5.115603420999131e-05,5.008280277252197e-05,4.591106325554929e-06,1680,0.02,lambda_q,1,False
b35227b3efcdcf464ceb2a193b541498cc780e13ffdf4103077283de0f7b4fea,k200_lambda0.02_q1,200,1.0,0.1,1,232513,16384,200,0.15846400137633093,17.362095882810852,200,0.9820134747701347,0.7745301185340562,0.33612586498969,287.6,104.80714755734087,0.8116365011199741,4.999999966062256e-05,4.999339580535889e-05,1.7397406313721627e-06,False,196.92188781599543,21.17207664899979,0.0,225.83621030300128,23.986502170562744,checkpoint,0.2836297265865663,5.072089873174506e-05,5.010329186916351e-05,4.173202346519737e-06,1710,0.02,lambda_q,1,False
b35227b3efcdcf464ceb2a193b541498cc780e13ffdf4103077283de0f7b4fea,k200_lambda0.02_q1,200,1.0,0.1,1,232513,16384,300,0.1583751753469415,17.264221785448555,200,0.9924729277023223,0.8112753236356606,0.22049361181440244,248.6,89.47206392760835,0.753447914039989,4.9999982527067315e-05,4.9989670515060425e-05,3.5980635572826237e-06,False,272.26667921999433,28.400113760999375,0.0,309.5702670040009,23.986502170562744,checkpoint,0.2834860494824599,5.1169156345890584e-05,5.011283792555332e-05,4.465823930002989e-06,1810,0.02,lambda_q,1,False
b35227b3efcdcf464ceb2a193b541498cc780e13ffdf4103077283de0f7b4fea,k200_lambda0.02_q1,200,1.0,0.1,1,232513,16384,400,0.15833204483831684,17.217592134633332,200,0.9960688447444691,0.9188455648864864,0.15564897776266698,222.5,76.35482919234624,0.7080150149300425,4.999998363291195e-05,4.999618977308273e-05,2.6959328941133576e-06,False,343.0681807129986,35.617385399998966,0.0,388.74278840900115,23.986502170562744,checkpoint,0.2833964249551174,5.109135862804558e-05,5.0066038966178894e-05,3.6268564849793578e-06,1720,0.02,lambda_q,1,False
b35227b3efcdcf464ceb2a193b541498cc780e13ffdf4103077283de0f7b4fea,k200_lambda0.02_q1,200,1.0,0.1,1,232513,16384,500,0.15831074285931215,17.21195804105577,200,0.9980772948747589,0.9377781926746938,0.1184489150688076,179.9,69.68339619720186,0.674002446719951,5.969416148393875e-05,5.317479372024536e-05,3.49627425121113e-06,True,410.4684253849937,42.854385568,15.843203176000316,480.41685252800016,23.986502170562744,complete,0.28335389850793896,5.082952590493961e-05,5.008280277252197e-05,1.3367854500283233e-06,1750,0.02,lambda_q,1,False
b35227b3efcdcf464ceb2a193b541498cc780e13ffdf4103077283de0f7b4fea,k200_lambda0.03_q1,200,1.0,0.1,1,232513,16384,0,0.18759141445587635,32.11252704149876,200,,,,0.0,0.0,0.0,4.9999996174113766e-05,4.998594522476196e-05,2.900080777644255e-13,False,2.6840694939983223,7.140905112999462,0.0,10.353810513999633,23.969337463378906,checkpoint,0.3221841035655118,5.0911806066426396e-05,4.998070653527975e-05,1.4034258614521843e-05,1430,0.03,lambda_q,1,False
b35227b3efcdcf464ceb2a193b541498cc780e13ffdf4103077283de0f7b4fea,k200_lambda0.03_q1,200,1.0,0.1,1,232513,16384,100,0.16742995822405873,12.470507025413633,200,0.8024562357218205,0.3754641428240871,1.3894999950623064,710.2,210.70557173147307,1.234131062240067,4.999999647035904e-05,4.999339580535889e-05,9.906750672730461e-09,False,126.09717571800502,14.452133154998592,0.0,146.70490312999937,23.986502170562744,checkpoint,0.28502945235534205,5.085868413999521e-05,5.010981112718582e-05,2.432305407375709e-06,2030,0.03,lambda_q,1,False
b35227b3efcdcf464ceb2a193b541498cc780e13ffdf4103077283de0f7b4fea,k200_lambda0.03_q1,200,1.0,0.1,1,232513,16384,200,0.16720134296532263,12.182854292018082,200,0.9863751984310548,0.7784438420213557,0.36527515852850256,430.2,117.42907923427946,0.8779526112900748,4.999997715753287e-05,4.999339580535889e-05,6.909153990651841e-07,False,213.8924368470125,21.674047276999772,0.0,242.87955490199965,23.986502170562744,checkpoint,0.2846660678710135,5.0905236978426216e-05,5.015172064304352e-05,5.275216674950753e-07,1890,0.03,lambda_q,1,False
b35227b3efcdcf464ceb2a193b541498cc780e13ffdf4103077283de0f7b4fea,k200_lambda0.03_q1,200,1.0,0.1,1,232513,16384,300,0.167152262628386,12.136968685621879,200,0.9960298986061699,0.9208775501658873,0.1626719752975932,260.0,80.26152430186703,0.7217908607000026,4.9999988547957116e-05,4.999339580535889e-05,7.293526098936427e-07,False,286.07152291701277,29.062860529998943,0.0,323.6210279379993,23.986502170562744,checkpoint,0.2845578757205904,5.090956021878853e-05,5.0155940698459744e-05,2.0715939473920674e-06,1960,0.03,lambda_q,1,False
b35227b3efcdcf464ceb2a193b541498cc780e13ffdf4103077283de0f7b4fea,k200_lambda0.03_q1,200,1.0,0.1,1,232513,16384,400,0.16711835002230424,12.129502436422909,200,0.9970622332005606,0.8794848465772813,0.11718625757570904,214.0,57.866490905884824,0.638593120849946,4.999998448036526e-05,4.999339580535889e-05,7.320179790719822e-07,False,349.93083500200737,36.29103500799829,0.0,395.8685304789997,23.986502170562744,checkpoint,0.2844861258074898,5.078271136459821e-05,5.0049275159835815e-05,3.120250956125838e-06,1820,0.03,lambda_q,1,False
b35227b3efcdcf464ceb2a193b541498cc780e13ffdf4103077283de0f7b4fea,k200_lambda0.03_q1,200,1.0,0.1,1,232513,16384,500,0.16709947199550237,12.124358638011637,200,0.9983237551514936,0.9117068673102449,0.09411762921839839,195.9,47.10684993957329,0.5999416473898964,5.789966292531832e-05,5.3919851779937744e-05,6.634638687637768e-07,True,409.924999740997,43.49655626999811,14.559568732000116,478.7904244620004,23.986502170562744,complete,0.2844489554781238,5.0717176725920345e-05,5.015730857849121e-05,1.1965214428975915e-06,1850,0.03,lambda_q,1,False
b35227b3efcdcf464ceb2a193b541498cc780e13ffdf4103077283de0f7b4fea,k200_lambda0.04_q1,200,1.0,0.1,1,232513,16384,0,0.19694456318607725,30.111129270191345,200,,,,0.0,0.0,0.0,4.9999982097637826e-05,4.999339580535889e-05,7.083471670378747e-15,False,2.6676747689998592,6.9089919369998825,0.0,10.090946455000449,23.969337463378906,checkpoint,0.32331028159732556,5.0895640582944714e-05,5.004368722438812e-05,1.5194284890031247e-05,1420,0.04,lambda_q,1,False
b35227b3efcdcf464ceb2a193b541498cc780e13ffdf4103077283de0f7b4fea,k200_lambda0.04_q1,200,1.0,0.1,1,232513,16384,100,0.17588864089045558,9.698778132835583,200,0.8124498684018719,0.32411970331049295,1.4859755896125697,820.9,228.96419598043977,1.3100930776499262,4.999992537957156e-05,4.999339580535889e-05,2.8128690086573117e-09,False,133.6769825339925,14.25523268500001,0.0,150.09739118400103,23.986502170562744,checkpoint,0.28620554308741253,5.1155598366653664e-05,5.017966032028198e-05,7.117720353863289e-09,1970,0.04,lambda_q,1,False
b35227b3efcdcf464ceb2a193b541498cc780e13ffdf4103077283de0f7b4fea,k200_lambda0.04_q1,200,1.0,0.1,1,232513,16384,200,0.17573027086616166,9.590668048668247,200,0.9902798229154228,0.8238391001511184,0.3237482123109049,382.8,112.22530439158234,0.8460962292000841,4.9999987533582625e-05,4.999339580535889e-05,1.752567192565208e-10,False,218.2866054540009,21.524762459999693,0.0,243.1301546499999,23.986502170562744,checkpoint,0.2859467175618087,5.0992805336314335e-05,5.0172675400972366e-05,2.2383354358561632e-07,2070,0.04,lambda_q,1,False
b35227b3efcdcf464ceb2a193b541498cc780e13ffdf4103077283de0f7b4fea,k200_lambda0.04_q1,200,1.0,0.1,1,232513,16384,300,0.1756607339360949,9.570836899442181,200,0.9952293552622618,0.8763257704368081,0.2277641985604032,367.6,94.25478962466616,0.7863758085100017,4.9999994182150565e-05,4.9999915063381195e-05,2.4952786194567154e-08,False,296.92418630500106,28.765768852999827,0.0,330.14428503400086,23.986502170562744,checkpoint,0.285788417753502,5.106338756061702e-05,5.0146132707595825e-05,1.337963795061476e-07,1950,0.04,lambda_q,1,False
b35227b3efcdcf464ceb2a193b541498cc780e13ffdf4103077283de0f7b4fea,k200_lambda0.04_q1,200,1.0,0.1,1,232513,16384,400,0.17563090364267342,9.578014992710084,200,0.9977060712971525,0.9000159413034716,0.13882036023872288,298.0,71.3793792175061,0.6989766953599974,4.99999962678107e-05,4.999339580535889e-05,6.963204955164686e-10,False,366.8218558410008,36.07131682399995,0.0,408.4813710369999,23.986502170562744,checkpoint,0.2857357852975686,5.0783301102930964e-05,5.0123780965805054e-05,2.276319038863511e-07,1940,0.04,lambda_q,1,False
b35227b3efcdcf464ceb2a193b541498cc780e13ffdf4103077283de0f7b4fea,k200_lambda0.04_q1,200,1.0,0.1,1,232513,16384,500,0.17561430500416242,9.55991707990521,200,0.9988271892579503,0.9291730257354045,0.10782742139525785,298.6,59.19696576105421,0.6603803043499465,5.8780387952706916e-05,5.381554365158081e-05,4.423603696278837e-09,True,432.85988627599545,43.35306848000073,14.515589107000778,497.4978414790003,23.986502170562744,complete,0.2857087662273816,5.082401630311649e-05,5.009770393371582e-05,5.898846633962373e-07,2020,0.04,lambda_q,1,False
b35227b3efcdcf464ceb2a193b541498cc780e13ffdf4103077283de0f7b4fea,k200_lambda0.05_q1,200,1.0,0.1,1,232513,16384,0,0.206112357560645,28.45691638747081,200,,,,0.0,0.0,0.0,4.999997698515926e-05,4.9999915063381195e-05,1.4103311316748734e-16,False,2.6846214260003762,6.88536380000005,0.0,10.076788041998952,23.969337463378906,checkpoint,0.32477295096484043,5.071333254202656e-05,4.9717724323272705e-05,1.5809841731537675e-05,1370,0.05,lambda_q,1,False
b35227b3efcdcf464ceb2a193b541498cc780e13ffdf4103077283de0f7b4fea,k200_lambda0.05_q1,200,1.0,0.1,1,232513,16384,100,0.18416224692003644,7.976048651043167,200,0.8186268755185409,0.25177738533798,1.5727988922423883,948.4,243.28840537948415,1.3770042747901061,4.999996963953396e-05,4.9999915063381195e-05,2.5261867906288425e-11,False,140.385048905011,14.168289046001519,0.0,160.02467393299958,23.986502170562744,checkpoint,0.2875416409771132,5.0804711541862475e-05,5.0183385610580444e-05,5.4800901424638204e-08,2050,0.05,lambda_q,1,False
b35227b3efcdcf464ceb2a193b541498cc780e13ffdf4103077283de0f7b4fea,k200_lambda0.05_q1,200,1.0,0.1,1,232513,16384,200,0.18403430568330278,7.908091160494252,199,0.9924500478089527,0.8481104200009514,0.30681510734739376,370.0,110.23086709130236,0.8362774355098737,4.999994729081876e-05,4.9999915063381195e-05,2.743458996522283e-09,False,224.01279245599835,21.424651145000098,0.0,252.05060155699903,23.986502170562744,checkpoint,0.2873152628460181,5.074456712345881e-05,5.015730857849121e-05,6.583650869361298e-08,2030,0.05,lambda_q,1,False
b35227b3efcdcf464ceb2a193b541498cc780e13ffdf4103077283de0f7b4fea,k200_lambda0.05_q1,200,1.0,0.1,1,232513,16384,300,0.1839903971546679,7.904942949426483,199,0.9967260900537931,0.907570984544938,0.19414260105829084,397.5,78.77901407663228,0.741141480070055,4.999998829562887e-05,4.9999915063381195e-05,1.3436192785000387e-10,False,298.12694046300385,28.7222567230001,0.0,334.5881625589991,23.986502170562744,checkpoint,0.28724270040339256,5.069861180782884e-05,5.02169132232666e-05,5.401924658605882e-08,2100,0.05,lambda_q,1,False
b35227b3efcdcf464ceb2a193b541498cc780e13ffdf4103077283de0f7b4fea,k200_lambda0.05_q1,200,1.0,0.1,1,232513,16384,400,0.1839688424278506,7.90262910030837,199,0.9982239776450246,0.9183818082038464,0.11991478433519501,362.3,65.80160335121049,0.69550902329991,4.99999984084336e-05,4.9999915063381195e-05,1.0623344331879067e-10,False,367.67784279299485,36.00923856699956,0.0,412.58668262599895,23.986502170562744,checkpoint,0.287220814699779,5.094633662587955e-05,5.0187110900878906e-05,2.029457070874171e-09,2060,0.05,lambda_q,1,False
b35227b3efcdcf464ceb2a193b541498cc780e13ffdf4103077283de0f7b4fea,k200_lambda0.05_q1,200,1.0,0.1,1,232513,16384,500,0.18394402969696225,7.921690400106661,199,0.9980891354346739,0.8956652224458314,0.09280132299707029,287.3,56.008418023938475,0.6472602424500655,5.872313389852064e-05,5.345791578292847e-05,1.7918321023969732e-09,True,432.4038670380014,43.29113781899832,14.406954214000507,500.1400810539999,23.986502170562744,complete,0.2872043271568453,5.119061700880033e-05,5.0108879804611206e-05,3.19865127310663e-08,2040,0.05,lambda_q,1,False
b35227b3efcdcf464ceb2a193b541498cc780e13ffdf4103077283de0f7b4fea,k200_lambda0.06_q1,200,1.0,0.1,1,232513,16384,0,0.21510223702015782,27.038045184570326,200,,,,0.0,0.0,0.0,4.999998837009585e-05,4.997849464416504e-05,3.4666679839211522e-15,False,2.6853930199995375,6.923058552998555,0.0,10.117230996000217,23.969337463378906,checkpoint,0.3265536939671399,5.0717620930674197e-05,4.9785710871219635e-05,1.2217748540477229e-05,1410,0.06,lambda_q,1,False
b35227b3efcdcf464ceb2a193b541498cc780e13ffdf4103077283de0f7b4fea,k200_lambda0.06_q1,200,1.0,0.1,1,232513,16384,100,0.19236122764914163,6.876234877189662,199,0.8221386114051987,0.09614752165111617,1.6385116984942343,910.1,249.6537049541316,1.3874370739500228,4.999997657858796e-05,4.999339580535889e-05,4.188060317852271e-16,False,141.4291004150018,14.207488493997516,0.0,162.210650129,23.986502170562744,checkpoint,0.28917711127258444,5.08115855221999e-05,5.014985799789429e-05,8.747925170231926e-10,2090,0.06,lambda_q,1,False
b35227b3efcdcf464ceb2a193b541498cc780e13ffdf4103077283de0f7b4fea,k200_lambda0.06_q1,200,1.0,0.1,1,232513,16384,200,0.19218006173596644,6.870355636028953,199,0.9902665538227327,0.8276513198521388,0.35369686756002433,439.8,119.71008416733689,0.8766340420301639,4.999999107764118e-05,4.999339580535889e-05,3.226385977882113e-10,False,229.0925046180182,21.489981381997495,0.0,258.2978881120016,23.986502170562744,checkpoint,0.2888685953412998,5.091176438711863e-05,5.020108073949814e-05,4.557023373181273e-10,2010,0.06,lambda_q,1,False
b35227b3efcdcf464ceb2a193b541498cc780e13ffdf4103077283de0f7b4fea,k200_lambda0.06_q1,200,1.0,0.1,1,232513,16384,300,0.19213275955804474,6.870747011995028,199,0.9968327498787113,0.844978645895951,0.21345357553212932,395.3,88.23631280831609,0.7683998544701354,4.999999865283349e-05,4.999339580535889e-05,9.298356494747163e-11,False,305.93249006503174,28.7504872219979,0.0,343.58990400699986,23.986502170562744,checkpoint,0.28878661880585826,5.069336328248856e-05,5.017966032028198e-05,1.7471647910290903e-09,2050,0.06,lambda_q,1,False
b35227b3efcdcf464ceb2a193b541498cc780e13ffdf4103077283de0f7b4fea,k200_lambda0.06_q1,200,1.0,0.1,1,232513,16384,400,0.19209983478476686,6.8537587145664975,199,0.9981478492092305,0.8680591723107651,0.11013921725211787,316.1,60.65484510543496,0.6665802073900522,4.9999993557653136e-05,4.999339580535889e-05,8.833557496536619e-16,False,372.59051080403697,36.05234107399883,0.0,418.68426782500137,23.986502170562744,checkpoint,0.2887445868669657,5.1176153618559706e-05,5.013123154640198e-05,2.459734241065165e-13,2170,0.06,lambda_q,1,False
b35227b3efcdcf464ceb2a193b541498cc780e13ffdf4103077283de0f7b4fea,k200_lambda0.06_q1,200,1.0,0.1,1,232513,16384,500,0.19209318035785589,6.8602572759372595,199,0.9995677894949466,0.9506159482460494,0.06713589493451318,295.2,37.37083991002654,0.5894988156598083,5.848946784878895e-05,5.36944717168808e-05,1.2211034186851943e-11,True,431.5403923700178,43.39764646399999,14.588381704999847,500.7269636609999,23.986502170562744,complete,0.2887392345615878,5.093127026628394e-05,5.009770393371582e-05,1.0564205886812243e-10,2150,0.06,lambda_q,1,False
b35227b3efcdcf464ceb2a193b541498cc780e13ffdf4103077283de0f7b4fea,k200_lambda0.01_q0.85,200,0.85,0.1,1,232513,16384,0,0.1682824601860992,37.847771952535986,200,,,,0.0,0.0,0.0,4.999995083910284e-05,4.999339580535889e-05,0.0,False,2.702345833000436,6.922581521001121,0.0,10.135552853000263,23.969337463378906,checkpoint,0.32106951798787065,5.072577350247078e-05,4.945322871208191e-05,1.5506023846864357e-05,1420,0.01,lambda_q,2,False
b35227b3efcdcf464ceb2a193b541498cc780e13ffdf4103077283de0f7b4fea,k200_lambda0.01_q0.85,200,0.85,0.1,1,232513,16384,100,0.15076373457729336,35.627706837897236,200,0.7433855352974483,0.5330439079696346,0.8139004364247463,351.5,124.24701930644738,1.031901672680142,4.999984258979609e-05,4.996359348297119e-05,1.040181351209974e-05,False,105.89251310101463,13.780630610001026,0.0,121.26954871100133,23.986502170562744,checkpoint,0.2851280292216954,5.1043314916464656e-05,4.813633859157562e-05,1.2845714918968763e-05,1260,0.01,lambda_q,2,False
b35227b3efcdcf464ceb2a193b541498cc780e13ffdf4103077283de0f7b4fea,k200_lambda0.01_q0.85,200,0.85,0.1,1,232513,16384,200,0.150379684959907,35.3210960247384,200,0.9737866343586649,0.8778914385630174,0.28378992772332035,180.3,70.04713542898676,0.8160360724999737,4.999997618785037e-05,4.996359348297119e-05,8.500373187321653e-06,False,187.496120351012,20.61968105300184,0.0,210.83885772800022,23.986502170562744,checkpoint,0.2843280784893728,5.097146097009231e-05,4.966557025909424e-05,1.09793416370681e-05,1270,0.01,lambda_q,2,False
b35227b3efcdcf464ceb2a193b541498cc780e13ffdf4103077283de0f7b4fea,k200_lambda0.01_q0.85,200,0.85,0.1,1,232513,16384,300,0.15021424411178955,34.988654397818614,200,0.9876247987497061,0.9235714048152788,0.1931314952099534,152.3,62.07387887989059,0.7799377902700325,4.999994332815554e-05,4.996359348297119e-05,9.139933759724883e-06,False,265.48989937801525,27.505509868002264,0.0,296.8597611960013,23.986502170562744,checkpoint,0.2840010196568436,5.0997329819379646e-05,4.97475266456604e-05,1.1793387943381118e-05,1340,0.01,lambda_q,2,False
b35227b3efcdcf464ceb2a193b541498cc780e13ffdf4103077283de0f7b4fea,k200_lambda0.01_q0.85,200,0.85,0.1,1,232513,16384,400,0.1501125716516583,34.7057325826943,200,0.9921691809506339,0.9444735618255377,0.1494455774772272,119.5,57.153407766447465,0.7593363745901297,4.999997448938145e-05,4.9987807869911194e-05,9.866517976525294e-06,False,341.4235368370282,34.497496591002346,0.0,380.9136958859999,23.986502170562744,checkpoint,0.28381650806478087,5.1040009127428515e-05,4.9795955419540405e-05,1.2457285479905699e-05,1380,0.01,lambda_q,2,False
b35227b3efcdcf464ceb2a193b541498cc780e13ffdf4103077283de0f7b4fea,k200_lambda0.01_q0.85,200,0.85,0.1,1,232513,16384,500,0.15003648269442965,34.497671097960115,200,0.9942443581413548,0.9527313989208981,0.12874762162078104,108.4,54.21253435291793,0.7425867694099361,5.7311814789025835e-05,5.2306801080703735e-05,8.505715351705427e-06,True,415.68221377802183,41.399362445003135,14.400435514999117,477.6231499660007,23.986502170562744,complete,0.28368953700213845,5.090059090186036e-05,4.9851834774017334e-05,1.2499388337960925e-05,1310,0.01,lambda_q,2,False
b35227b3efcdcf464ceb2a193b541498cc780e13ffdf4103077283de0f7b4fea,k200_lambda0.01_q0.9,200,0.9,0.1,1,232513,16384,0,0.1682824601860992,37.847771952535986,200,,,,0.0,0.0,0.0,4.999995083910284e-05,4.999339580535889e-05,0.0,False,2.6909075370003848,6.928656607000448,0.0,10.12636402499993,23.969337463378906,checkpoint,0.32106951451938015,5.0756144367426515e-05,4.9386173486709595e-05,1.5876112951719143e-05,1420,0.01,lambda_q,2,False
b35227b3efcdcf464ceb2a193b541498cc780e13ffdf4103077283de0f7b4fea,k200_lambda0.01_q0.9,200,0.9,0.1,1,232513,16384,100,0.15040511947741633,35.1712377372448,200,0.7419264267279762,0.5173718689491363,0.8344497816773858,371.4,129.3079354702748,1.0536150144201748,4.999986010960321e-05,4.996359348297119e-05,8.90163396252589e-06,False,108.05240897901786,13.853316664999511,0.0,124.02354208200086,23.986502170562744,checkpoint,0.28458292775553,5.075547938121231e-05,4.9408525228500366e-05,1.4801591945167675e-05,1320,0.01,lambda_q,2,False
b35227b3efcdcf464ceb2a193b541498cc780e13ffdf4103077283de0f7b4fea,k200_lambda0.01_q0.9,200,0.9,0.1,1,232513,16384,200,0.15002404080100182,34.65370968504987,200,0.9740400989161774,0.8503326629777092,0.2965582155868566,176.7,73.56890883520491,0.8161059366000154,4.9999925869854275e-05,4.996359348297119e-05,7.5957681262640794e-06,False,189.6630026390194,20.71980359599911,0.0,213.6442457310004,23.986502170562744,checkpoint,0.2838435948931281,5.082571940045661e-05,4.971213638782501e-05,1.513393987241282e-05,1380,0.01,lambda_q,2,False
b35227b3efcdcf464ceb2a193b541498cc780e13ffdf4103077283de0f7b4fea,k200_lambda0.01_q0.9,200,0.9,0.1,1,232513,16384,300,0.1498516984954674,34.16574127038058,200,0.9872603578185212,0.8692934702657837,0.20876880824965538,132.8,65.81367536438822,0.7770579331898989,4.99999890643398e-05,4.996359348297119e-05,8.667085660064774e-06,False,267.3687959580093,27.681438399999024,0.0,299.4607160070009,23.986502170562744,checkpoint,0.2835530639998913,5.094757051066636e-05,4.9930065870285034e-05,1.1226207563232742e-05,1430,0.01,lambda_q,2,False
b35227b3efcdcf464ceb2a193b541498cc780e13ffdf4103077283de0f7b4fea,k200_lambda0.01_q0.9,200,0.9,0.1,1,232513,16384,400,0.14975318935378465,33.839178884621504,200,0.9921952870765732,0.954894822573932,0.16345415815831854,123.7,60.737934653116184,0.7548400568399666,4.999999449324046e-05,4.9987807869911194e-05,6.253928098841571e-06,False,342.85280164200594,34.63451388999965,0.0,383.0963212280003,23.986502170562744,checkpoint,0.2834136771324717,5.0837977724017696e-05,4.984438419342041e-05,9.324124896270583e-06,1440,0.01,lambda_q,2,False
b35227b3efcdcf464ceb2a193b541498cc780e13ffdf4103077283de0f7b4fea,k200_lambda0.01_q0.9,200,0.9,0.1,1,232513,16384,500,0.1496885559872522,33.734913746758245,200,0.9944620801762256,0.9539947531348517,0.13267864888094316,110.4,56.08460602202892,0.7355148333800026,5.778778432730295e-05,5.2191317081451416e-05,4.0038629254351725e-06,True,416.4042849800062,41.581415536998975,14.368727281000247,479.14446690600016,23.986502170562744,complete,0.2833146535174292,5.1135264136995504e-05,5.0067901611328125e-05,1.347834303613369e-05,1440,0.01,lambda_q,2,False
b35227b3efcdcf464ceb2a193b541498cc780e13ffdf4103077283de0f7b4fea,k200_lambda0.01_q0.95,200,0.95,0.1,1,232513,16384,0,0.1682824601860992,37.847771952535986,200,,,,0.0,0.0,0.0,4.999995083910284e-05,4.999339580535889e-05,0.0,False,2.6978460080008517,6.94717904800018,0.0,10.159140177000154,23.969337463378906,checkpoint,0.3210695169002892,5.081593226938452e-05,4.9406662583351135e-05,1.5166323014102059e-05,1420,0.01,lambda_q,2,False
b35227b3efcdcf464ceb2a193b541498cc780e13ffdf4103077283de0f7b4fea,k200_lambda0.01_q0.95,200,0.95,0.1,1,232513,16384,100,0.15000519595071204,34.66196298701578,200,0.7440611795727636,0.5196309019646581,0.872961581198838,393.7,136.3104312447046,1.0810699018200285,4.999994376205067e-05,4.9989670515060425e-05,7.456245951218606e-06,False,110.8048361900037,13.854488188002506,0.0,126.2757647469989,23.986502170562744,checkpoint,0.2839993653134666,5.0788140962488714e-05,4.960969090461731e-05,1.2424442860762222e-05,1450,0.01,lambda_q,2,False
b35227b3efcdcf464ceb2a193b541498cc780e13ffdf4103077283de0f7b4fea,k200_lambda0.01_q0.95,200,0.95,0.1,1,232513,16384,200,0.14966019240321277,33.967601811511614,200,0.9745106045451537,0.8375692575615687,0.3186532083432602,178.5,77.81293390047011,0.8295302729500691,4.999991768025109e-05,4.997849464416504e-05,7.402477424347132e-06,False,193.7578634850106,20.907445806000396,0.0,217.43829061699944,23.986502170562744,checkpoint,0.28337915161334165,5.095240045750605e-05,4.964321851730347e-05,9.754115697351483e-06,1510,0.01,lambda_q,2,False
b35227b3efcdcf464ceb2a193b541498cc780e13ffdf4103077283de0f7b4fea,k200_lambda0.01_q0.95,200,0.95,0.1,1,232513,16384,300,0.14949448150857084,33.65463866536495,200,0.9869172601390818,0.8669153589102918,0.2294208488766291,150.2,69.89750680607108,0.7974141490099282,4.99999915362634e-05,4.9987807869911194e-05,8.8722531814971e-06,False,273.4992783860034,27.91498661100013,0.0,305.36947219500144,23.986502170562744,checkpoint,0.28313276054627773,5.0907754451737146e-05,4.988908767700195e-05,8.731866505202663e-06,1380,0.01,lambda_q,2,False
b35227b3efcdcf464ceb2a193b541498cc780e13ffdf4103077283de0f7b4fea,k200_lambda0.01_q0.95,200,0.95,0.1,1,232513,16384,400,0.14939647153503444,33.50121498582875,200,0.9916384755465023,0.9270348405030338,0.1883331076040586,157.9,65.75156184815472,0.783116493559828,4.999999094274199e-05,4.9989670515060425e-05,7.752444296276186e-06,False,351.81092774198623,34.88697531500111,0.0,391.79637476100106,23.986502170562744,checkpoint,0.28297480462787533,5.1094933362380246e-05,4.9855560064315796e-05,1.1147294143566302e-05,1400,0.01,lambda_q,2,False
b35227b3efcdcf464ceb2a193b541498cc780e13ffdf4103077283de0f7b4fea,k200_lambda0.01_q0.95,200,0.95,0.1,1,232513,16384,500,0.14933663506277828,33.37924331112669,200,0.9946957168082387,0.9476951591064158,0.13931477065953246,134.6,59.21394674706363,0.7578262567999263,5.7288048190749925e-05,5.24371862411499e-05,8.278250326134117e-06,True,427.59355342197887,41.81802402699941,14.308426165000128,489.97956407899983,23.986502170562744,complete,0.282877698293254,5.094870529402527e-05,4.9971044063568115e-05,1.3449750128240769e-05,1430,0.01,lambda_q,2,False
b35227b3efcdcf464ceb2a193b541498cc780e13ffdf4103077283de0f7b4fea,k200_lambda0.01_q1,200,1.0,0.1,1,232513,16384,0,0.1682824601860992,37.847771952535986,200,,,,0.0,0.0,0.0,4.999995083910284e-05,4.999339580535889e-05,0.0,False,2.6957923869995284,6.985845167000662,0.0,10.191146732999186,23.969337463378906,checkpoint,0.3210695167960137,5.102794991815223e-05,4.9501657485961914e-05,1.564266616253975e-05,1420,0.01,lambda_q,2,False
b35227b3efcdcf464ceb2a193b541498cc780e13ffdf4103077283de0f7b4fea,k200_lambda0.01_q1,200,1.0,0.1,1,232513,16384,100,0.14949233383637575,33.66650896939096,200,0.7561218519578289,0.4514725875658996,0.9688109672466036,423.8,145.7673269881684,0.9976789136198567,4.999990735831684e-05,4.9987807869911194e-05,7.506752882718766e-06,False,102.4636837489852,13.964182912000979,0.0,123.00288317599916,23.986502170562744,checkpoint,0.28333654907174977,5.075569580819508e-05,4.979968070983887e-05,1.263493387497114e-05,1440,0.01,lambda_q,2,False
b35227b3efcdcf464ceb2a193b541498cc780e13ffdf4103077283de0f7b4fea,k200_lambda0.01_q1,200,1.0,0.1,1,232513,16384,200,0.14920524353509348,32.87388232055842,200,0.9753139585233255,0.7760742569868063,0.3135543561670034,180.0,82.14254729843061,0.7321696749097828,4.999996334616963e-05,4.996359348297119e-05,1.3234299174035014e-06,False,175.68065123996348,21.199398856002517,0.0,204.59793126799923,23.986502170562744,checkpoint,0.28285581514353325,5.093165375752347e-05,5.00725582242012e-05,1.0380335216483602e-05,1540,0.01,lambda_q,2,False
b35227b3efcdcf464ceb2a193b541498cc780e13ffdf4103077283de0f7b4fea,k200_lambda0.01_q1,200,1.0,0.1,1,232513,16384,300,0.14909507933785107,32.72281119765346,200,0.9894445410475129,0.9175219866663571,0.2064901543197168,158.9,72.74161874819902,0.7024368171000606,4.999998556731816e-05,4.996359348297119e-05,5.6599409008526364e-06,False,245.92433294996954,28.208447477001755,0.0,283.0176691910019,23.986502170562744,checkpoint,0.28266776764679674,5.102389497372946e-05,4.980387166142464e-05,1.0828527494639427e-05,1510,0.01,lambda_q,2,False
b35227b3efcdcf464ceb2a193b541498cc780e13ffdf4103077283de0f7b4fea,k200_lambda0.01_q1,200,1.0,0.1,1,232513,16384,400,0.14902800480828185,32.64524134134435,200,0.9934393816362177,0.9126906303289795,0.1557982183587439,158.5,66.76621694270858,0.6815145438499166,4.999994672411229e-05,4.9989670515060425e-05,5.359267820011832e-06,False,314.0757873349612,35.29197174800356,0.0,359.3961797869997,23.986502170562744,checkpoint,0.2825503174064594,5.0889739487824084e-05,4.989840090274811e-05,8.481244961453203e-06,1610,0.01,lambda_q,2,False
b35227b3efcdcf464ceb2a193b541498cc780e13ffdf4103077283de0f7b4fea,k200_lambda0.01_q1,200,1.0,0.1,1,232513,16384,500,0.14897816651494877,32.57373566209201,200,0.9951665795022535,0.9351922574506312,0.1313611373995188,166.0,62.612627250949416,0.6703562479398534,5.9265221229371955e-05,5.2832067012786865e-05,8.072736187100001e-06,True,381.11141212894654,42.37177195700497,14.37037544100167,449.0288421410005,23.986502170562744,complete,0.2824587358907861,5.106490034767268e-05,4.999339580535889e-05,1.1276090291180304e-05,1540,0.01,lambda_q,2,True
b35227b3efcdcf464ceb2a193b541498cc780e13ffdf4103077283de0f7b4fea,k120_lambda0.01_q1,120,1.0,0.1,1,232513,16384,0,0.17344966957832147,31.871400738883416,120,,,,0.0,0.0,0.0,4.9999783627286575e-05,4.9989670515060425e-05,1.743252850468885e-13,False,1.076487788999657,6.574591763001081,0.0,7.940034276001825,22.481135845184326,checkpoint,0.33065492178008105,5.0967635899771894e-05,4.919618368148804e-05,1.081984775631013e-05,1030,0.01,K,0,False
b35227b3efcdcf464ceb2a193b541498cc780e13ffdf4103077283de0f7b4fea,k120_lambda0.01_q1,120,1.0,0.1,1,232513,16384,100,0.15128203600534437,25.522504118049312,120,0.6875558260720197,-0.67946935352426,1.1174420149905848,385.6,144.8193361231416,0.49027354218022084,4.9999994027456606e-05,4.996359348297119e-05,3.132508132602716e-06,False,50.10384200702174,13.191483421000157,0.0,64.61802905300283,22.492405891418457,checkpoint,0.28599058925532594,5.079585762333344e-05,5.008280277252197e-05,7.201395406785018e-06,1200,0.01,K,0,False
b35227b3efcdcf464ceb2a193b541498cc780e13ffdf4103077283de0f7b4fea,k120_lambda0.01_q1,120,1.0,0.1,1,232513,16384,200,0.15089520669389467,24.98284397001458,120,0.9538335840096124,0.7373580680748182,0.3730674873649956,199.3,74.64297910224373,0.3463416899898948,4.99998885946377e-05,4.9989670515060425e-05,4.065319004939387e-06,False,84.73801100601122,19.819724493998365,0.0,106.58737715800089,22.492405891418457,checkpoint,0.2854471277261788,5.078650919174471e-05,5.007721483707428e-05,4.6073527287188444e-06,1240,0.01,K,0,False
b35227b3efcdcf464ceb2a193b541498cc780e13ffdf4103077283de0f7b4fea,k120_lambda0.01_q1,120,1.0,0.1,1,232513,16384,300,0.1507482231949468,24.647469173766627,120,0.9802367788959212,0.747281036531087,0.23924078169892748,153.9,62.9655051545505,0.3154774287899636,4.999992156899228e-05,4.996359348297119e-05,3.980830670756285e-06,False,116.28575388500758,26.462578036997,0.0,145.50865906900071,22.492405891418457,checkpoint,0.2852050361820286,5.105141248436001e-05,5.005672574043274e-05,7.802364880323192e-06,1190,0.01,K,0,False
b35227b3efcdcf464ceb2a193b541498cc780e13ffdf4103077283de0f7b4fea,k120_lambda0.01_q1,120,1.0,0.1,1,232513,16384,400,0.15068100102232979,24.612645314455534,120,0.9903451659567639,0.8949586461461777,0.15762355108542708,157.2,52.09988473762757,0.30136824384029753,4.9999964855618165e-05,4.9998750910162926e-05,3.0803176345632115e-06,False,146.42257826903733,33.10287603699544,0.0,183.02233495400287,22.492405891418457,checkpoint,0.28512083699615115,5.0821504143322744e-05,4.9969181418418884e-05,5.968796361177454e-06,1230,0.01,K,0,False
b35227b3efcdcf464ceb2a193b541498cc780e13ffdf4103077283de0f7b4fea,k120_lambda0.01_q1,120,1.0,0.1,1,232513,16384,500,0.1506500735910568,24.622270582720105,120,0.9955133453779255,0.9152684276871,0.09486247259407257,145.0,44.54741197266389,0.2869235235698943,5.866198005056644e-05,5.318783223628998e-05,3.865278871627419e-06,True,175.11493062602676,39.72526453799219,14.290005946000747,233.32952012300302,22.492405891418457,complete,0.28507014638566003,5.11233501839056e-05,4.995614290237427e-05,3.524919173354396e-06,1230,0.01,K,0,False
b35227b3efcdcf464ceb2a193b541498cc780e13ffdf4103077283de0f7b4fea,k160_lambda0.01_q1,160,1.0,0.1,1,232513,16384,0,0.17044377545649625,34.876725172355954,160,,,,0.0,0.0,0.0,4.9999967521904675e-05,4.999192606192082e-05,0.0,False,1.7488450390010257,6.728095621998364,0.0,8.855398316998617,23.223411560058594,checkpoint,0.3250075795287477,5.069139443342362e-05,4.9544498324394226e-05,1.549208133395558e-05,1260,0.01,K,0,False
b35227b3efcdcf464ceb2a193b541498cc780e13ffdf4103077283de0f7b4fea,k160_lambda0.01_q1,160,1.0,0.1,1,232513,16384,100,0.15019706533774782,30.02164180067351,160,0.740602168710232,0.419019483947794,1.0046053094608312,394.2,143.33604615655898,0.6944200657100736,4.999996301534011e-05,4.9987807869911194e-05,3.260143661254854e-06,False,71.1908516100084,13.53130247399531,0.0,85.9760769989989,23.237858772277832,checkpoint,0.28432635107502663,5.113616247702929e-05,5.002319812774658e-05,8.107151858246247e-06,1390,0.01,K,0,False
b35227b3efcdcf464ceb2a193b541498cc780e13ffdf4103077283de0f7b4fea,k160_lambda0.01_q1,160,1.0,0.1,1,232513,16384,200,0.14992742342013793,29.468115761269264,160,0.9730249727830118,0.7668546669680538,0.32458586118056487,188.9,77.27244025065266,0.4951168532500742,4.9999901110373975e-05,4.9989670515060425e-05,4.769287058635064e-06,False,120.70253693501581,20.399057606995484,0.0,143.26879926399852,23.237858772277832,checkpoint,0.2838790995716874,5.078329449166171e-05,5.002319812774658e-05,7.479357990437884e-06,1400,0.01,K,0,False
b35227b3efcdcf464ceb2a193b541498cc780e13ffdf4103077283de0f7b4fea,k160_lambda0.01_q1,160,1.0,0.1,1,232513,16384,300,0.1497855631626556,29.13719662986586,160,0.9840842352578958,0.860113666226663,0.22808026436814544,165.7,68.53825291489079,0.47592648446003294,4.999998703578714e-05,4.998594522476196e-05,6.129309880136792e-06,False,168.2951853810191,27.23597649799558,0.0,198.6626561689991,23.237858772277832,checkpoint,0.28367264152500504,5.0820185981921966e-05,4.992308095097542e-05,8.633240105972456e-06,1360,0.01,K,0,False
b35227b3efcdcf464ceb2a193b541498cc780e13ffdf4103077283de0f7b4fea,k160_lambda0.01_q1,160,1.0,0.1,1,232513,16384,400,0.14970179839247283,28.86374955378839,160,0.9905490062605825,0.8845779326739381,0.16869421174037894,146.2,62.04639439515212,0.45672671306969276,4.9999993437114534e-05,4.99882735311985e-05,6.054571415285675e-06,False,213.9678566879884,34.06753599699368,0.0,252.09491129600065,23.237858772277832,checkpoint,0.28353741549567335,5.112867411485002e-05,4.9971044063568115e-05,1.0998812108955124e-05,1480,0.01,K,0,False
b35227b3efcdcf464ceb2a193b541498cc780e13ffdf4103077283de0f7b4fea,k160_lambda0.01_q1,160,1.0,0.1,1,232513,16384,500,0.14966042912240232,28.675936399255097,160,0.995075436366006,0.9264943350038556,0.13223976297019302,145.7,56.782082292172916,0.4448839101500562,5.693389398786077e-05,5.251425318419933e-05,3.2623533992060246e-06,True,258.456247702994,40.94553853499019,13.887295287000597,318.2486234120006,23.237858772277832,complete,0.28345278281115366,5.0793944192975324e-05,5.005672574043274e-05,9.168271637010376e-06,1540,0.01,K,0,False
b35227b3efcdcf464ceb2a193b541498cc780e13ffdf4103077283de0f7b4fea,k200_lambda0.01_q1,200,1.0,0.1,1,232513,16384,0,0.1682824601860992,37.847771952535986,200,,,,0.0,0.0,0.0,4.999995083910284e-05,4.999339580535889e-05,0.0,False,2.6957923869995284,6.985845167000662,0.0,10.191146732999186,23.969337463378906,checkpoint,0.3210695167960137,5.102794991815223e-05,4.9501657485961914e-05,1.564266616253975e-05,1420,0.01,K,1,False
b35227b3efcdcf464ceb2a193b541498cc780e13ffdf4103077283de0f7b4fea,k200_lambda0.01_q1,200,1.0,0.1,1,232513,16384,100,0.14949233383637575,33.66650896939096,200,0.7561218519578289,0.4514725875658996,0.9688109672466036,423.8,145.7673269881684,0.9976789136198567,4.999990735831684e-05,4.9987807869911194e-05,7.506752882718766e-06,False,102.4636837489852,13.964182912000979,0.0,123.00288317599916,23.986502170562744,checkpoint,0.28333654907174977,5.075569580819508e-05,4.979968070983887e-05,1.263493387497114e-05,1440,0.01,K,1,False
b35227b3efcdcf464ceb2a193b541498cc780e13ffdf4103077283de0f7b4fea,k200_lambda0.01_q1,200,1.0,0.1,1,232513,16384,200,0.14920524353509348,32.87388232055842,200,0.9753139585233255,0.7760742569868063,0.3135543561670034,180.0,82.14254729843061,0.7321696749097828,4.999996334616963e-05,4.996359348297119e-05,1.3234299174035014e-06,False,175.68065123996348,21.199398856002517,0.0,204.59793126799923,23.986502170562744,checkpoint,0.28285581514353325,5.093165375752347e-05,5.00725582242012e-05,1.0380335216483602e-05,1540,0.01,K,1,False
b35227b3efcdcf464ceb2a193b541498cc780e13ffdf4103077283de0f7b4fea,k200_lambda0.01_q1,200,1.0,0.1,1,232513,16384,300,0.14909507933785107,32.72281119765346,200,0.9894445410475129,0.9175219866663571,0.2064901543197168,158.9,72.74161874819902,0.7024368171000606,4.999998556731816e-05,4.996359348297119e-05,5.6599409008526364e-06,False,245.92433294996954,28.208447477001755,0.0,283.0176691910019,23.986502170562744,checkpoint,0.28266776764679674,5.102389497372946e-05,4.980387166142464e-05,1.0828527494639427e-05,1510,0.01,K,1,False
b35227b3efcdcf464ceb2a193b541498cc780e13ffdf4103077283de0f7b4fea,k200_lambda0.01_q1,200,1.0,0.1,1,232513,16384,400,0.14902800480828185,32.64524134134435,200,0.9934393816362177,0.9126906303289795,0.1557982183587439,158.5,66.76621694270858,0.6815145438499166,4.999994672411229e-05,4.9989670515060425e-05,5.359267820011832e-06,False,314.0757873349612,35.29197174800356,0.0,359.3961797869997,23.986502170562744,checkpoint,0.2825503174064594,5.0889739487824084e-05,4.989840090274811e-05,8.481244961453203e-06,1610,0.01,K,1,False
b35227b3efcdcf464ceb2a193b541498cc780e13ffdf4103077283de0f7b4fea,k200_lambda0.01_q1,200,1.0,0.1,1,232513,16384,500,0.14897816651494877,32.57373566209201,200,0.9951665795022535,0.9351922574506312,0.1313611373995188,166.0,62.612627250949416,0.6703562479398534,5.9265221229371955e-05,5.2832067012786865e-05,8.072736187100001e-06,True,381.11141212894654,42.37177195700497,14.37037544100167,449.0288421410005,23.986502170562744,complete,0.2824587358907861,5.106490034767268e-05,4.999339580535889e-05,1.1276090291180304e-05,1540,0.01,K,1,False
b35227b3efcdcf464ceb2a193b541498cc780e13ffdf4103077283de0f7b4fea,k240_lambda0.01_q1,240,1.0,0.1,1,232513,16384,0,0.16642907370564047,40.05211751600986,240,,,,0.0,0.0,0.0,4.999996096067221e-05,4.998594522476196e-05,0.0,False,3.5146482749987626,7.153205684997374,0.0,11.25926529100252,24.706345558166504,checkpoint,0.3176435201714955,5.081852293096685e-05,4.9797818064689636e-05,1.4102789144344495e-05,1760,0.01,K,2,False
b35227b3efcdcf464ceb2a193b541498cc780e13ffdf4103077283de0f7b4fea,k240_lambda0.01_q1,240,1.0,0.1,1,232513,16384,100,0.1489523831997528,37.36493873460839,240,0.770322173496361,0.4828307139800116,0.937542767403009,442.8,147.48642785564675,1.0203272296103023,4.999987907393644e-05,4.998687654733658e-05,8.063823185937623e-06,False,105.547371236029,14.305476401998021,0.0,122.15984555700197,24.72754716873169,checkpoint,0.282622138217188,5.084138838255625e-05,4.989746958017349e-05,1.6724447201823144e-05,1580,0.01,K,2,False
b35227b3efcdcf464ceb2a193b541498cc780e13ffdf4103077283de0f7b4fea,k240_lambda0.01_q1,240,1.0,0.1,1,232513,16384,200,0.14863447632551016,36.36851272832057,240,0.9768306823863663,0.8281725816119443,0.33953342807555004,219.0,89.04201098433205,0.739517503730276,4.99999977150499e-05,4.9987807869911194e-05,7.61587063239171e-06,False,179.4991216090566,21.477327924996644,0.0,204.67287186500107,24.72754716873169,checkpoint,0.28206853413851507,5.1053789021639204e-05,4.995428025722504e-05,1.4713567280627883e-05,1610,0.01,K,2,False
b35227b3efcdcf464ceb2a193b541498cc780e13ffdf4103077283de0f7b4fea,k240_lambda0.01_q1,240,1.0,0.1,1,232513,16384,300,0.14851579384062713,36.15386236468498,240,0.9902476324372962,0.9172009822352107,0.2059614963634545,164.2,77.26183998314073,0.6795879429800334,4.9999923704097396e-05,4.999712109565735e-05,9.26632498264416e-06,False,247.45791590705994,28.649170901997422,0.0,281.1953339499996,24.72754716873169,checkpoint,0.2818579463546378,5.138352336005594e-05,4.9697235226631165e-05,1.1159232782187135e-05,1690,0.01,K,2,False
b35227b3efcdcf464ceb2a193b541498cc780e13ffdf4103077283de0f7b4fea,k240_lambda0.01_q1,240,1.0,0.1,1,232513,16384,400,0.14844617947983735,36.02559426784739,240,0.994229402449402,0.9124250418265383,0.14133249546753054,157.2,68.22333977024941,0.6445557278899651,4.9999882216105663e-05,4.9989670515060425e-05,1.1412348751438598e-06,False,311.91348869605645,35.85775532899788,0.0,354.2262820870019,24.72754716873169,checkpoint,0.2817152018647008,5.097355889599079e-05,4.991190508008003e-05,1.2422911403241592e-05,1670,0.01,K,2,False
b35227b3efcdcf464ceb2a193b541498cc780e13ffdf4103077283de0f7b4fea,k240_lambda0.01_q1,240,1.0,0.1,1,232513,16384,500,0.14839236951953594,35.92124311328829,240,0.9955394941809216,0.9154909475128535,0.1194531869361314,161.0,64.0158472859582,0.6352441883098799,5.804337885219186e-05,5.234032869338989e-05,8.391160002033466e-06,True,375.43790752704444,43.03020351699888,14.32247458799975,440.6055423969992,24.72754716873169,complete,0.2816040765212358,5.110130907783664e-05,4.98918816447258e-05,1.4434523597387332e-05,1700,0.01,K,2,True
b35227b3efcdcf464ceb2a193b541498cc780e13ffdf4103077283de0f7b4fea,k280_lambda0.01_q1,280,1.0,0.1,1,232513,16384,0,0.1652167454289777,42.563486772782596,280,,,,0.0,0.0,0.0,4.9999989628276896e-05,4.998594522476196e-05,0.0,False,4.712340588997904,7.375167543999851,0.0,12.797433818999707,25.446220874786377,checkpoint,0.3155401829449792,5.107226733265277e-05,4.984810948371887e-05,1.726333551345142e-05,1860,0.01,K,3,False
b35227b3efcdcf464ceb2a193b541498cc780e13ffdf4103077283de0f7b4fea,k280_lambda0.01_q1,280,1.0,0.1,1,232513,16384,100,0.14856111606822647,40.615268823678676,280,0.7846453300050411,0.48509355220922706,0.9243769328942976,464.8,149.19780313358825,1.4170986801299659,4.9999940543254425e-05,4.9987807869911194e-05,2.313597873409804e-06,False,146.4222086019945,14.772352922002028,0.0,166.85125650100235,25.470503330230713,checkpoint,0.28219943461594166,5.081547771811563e-05,4.964694380760193e-05,1.698730565656466e-05,1680,0.01,K,3,False
b35227b3efcdcf464ceb2a193b541498cc780e13ffdf4103077283de0f7b4fea,k280_lambda0.01_q1,280,1.0,0.1,1,232513,16384,200,0.14822418365158435,39.843449613569994,280,0.9784910625587129,0.804990911118445,0.32450300914357827,263.9,92.81327366641864,1.0913720304801608,4.99999576008198e-05,4.999712109565735e-05,8.343387512851853e-07,False,255.5594116500106,22.239262664999842,0.0,285.14313302400114,25.470503330230713,checkpoint,0.28158881071548,5.118485752294183e-05,4.970282316207886e-05,1.3648673165491655e-05,1810,0.01,K,3,False
b35227b3efcdcf464ceb2a193b541498cc780e13ffdf4103077283de0f7b4fea,k280_lambda0.01_q1,280,1.0,0.1,1,232513,16384,300,0.1480735737339533,39.46087745631427,280,0.9895573182425615,0.9255565620320085,0.2159707814907093,203.7,82.84778700545776,1.0254369743101415,4.999999714990297e-05,4.998873919248581e-05,2.5312805555293605e-06,False,358.10310908102474,29.67855909499849,0.0,396.8163762690019,25.470503330230713,checkpoint,0.28129631195109817,5.083714614229499e-05,4.990026354789734e-05,1.404829610931986e-05,1770,0.01,K,3,False
b35227b3efcdcf464ceb2a193b541498cc780e13ffdf4103077283de0f7b4fea,k280_lambda0.01_q1,280,1.0,0.1,1,232513,16384,400,0.1479698672019582,39.189408764241136,280,0.9926213471621188,0.920555428794574,0.1719277261695436,170.0,76.83296374826355,0.9887860377901597,4.999999478567464e-05,4.998594522476196e-05,1.6378531125782929e-06,False,456.9817128600407,37.16771174499809,0.0,504.7554427510004,25.470503330230713,checkpoint,0.2810959387360592,5.105320851024494e-05,4.96935099363327e-05,1.4028187691225467e-05,1840,0.01,K,3,False
b35227b3efcdcf464ceb2a193b541498cc780e13ffdf4103077283de0f7b4fea,k280_lambda0.01_q1,280,1.0,0.1,1,232513,16384,500,0.14790224860703344,39.002249336596236,280,0.9951032154491873,0.9467421616557926,0.1374735976086486,173.3,71.66070413267214,0.9695556691498496,5.9223572945103584e-05,5.2172690629959106e-05,9.85348877162928e-06,True,553.9372797750257,44.72530800099776,15.671161039001163,626.4799760070018,25.470503330230713,complete,0.2809666448857157,5.1198615048979676e-05,5.001947283744812e-05,1.0918477945451165e-05,1900,0.01,K,3,False
b35227b3efcdcf464ceb2a193b541498cc780e13ffdf4103077283de0f7b4fea,k320_lambda0.01_q1,320,1.0,0.1,1,232513,16384,0,0.16404941112841587,44.411516775406106,320,,,,0.0,0.0,0.0,4.999998878203701e-05,4.9987807869911194e-05,0.0,False,5.9231559870022465,7.752021000000241,0.0,14.494359799999074,26.189677715301514,checkpoint,0.3133716057413983,5.1072249736599864e-05,4.986301064491272e-05,1.6298109744089134e-05,2110,0.01,K,4,False
b35227b3efcdcf464ceb2a193b541498cc780e13ffdf4103077283de0f7b4fea,k320_lambda0.01_q1,320,1.0,0.1,1,232513,16384,100,0.14814661349942504,44.01336699453364,320,0.7973073823522763,0.47664278239915686,0.8961678841710056,479.8,152.16756912516726,1.422517396629919,4.9999989493713874e-05,4.996359348297119e-05,5.426955872109666e-06,False,148.17489564999414,15.312032740002905,0.0,168.5494243949979,26.217394828796387,checkpoint,0.2816876547880649,5.0837038189282175e-05,4.998920485377312e-05,1.674061494801075e-05,1840,0.01,K,4,False
b35227b3efcdcf464ceb2a193b541498cc780e13ffdf4103077283de0f7b4fea,k320_lambda0.01_q1,320,1.0,0.1,1,232513,16384,200,0.14778453482179768,42.94588689664664,320,0.9792033390725206,0.8587870326889799,0.3053568271430361,249.5,96.47594586109159,1.052206023650142,4.999999722800655e-05,4.999339580535889e-05,9.718113812598145e-08,False,253.39549801500834,22.897777653004596,0.0,283.1522060899988,26.217394828796387,checkpoint,0.28103497755701207,5.104647076654901e-05,4.995532799512148e-05,1.805899961952687e-05,1800,0.01,K,4,False
b35227b3efcdcf464ceb2a193b541498cc780e13ffdf4103077283de0f7b4fea,k320_lambda0.01_q1,320,1.0,0.1,1,232513,16384,300,0.1476190409325361,42.43453914404786,320,0.9897209116219777,0.9048617106705868,0.2131086950891964,203.6,86.48316266187267,0.9814290966599583,4.999995030678007e-05,4.996359348297119e-05,2.6825908971933116e-07,False,351.5384076810042,30.581514147004782,0.0,390.70525833300053,26.217394828796387,checkpoint,0.2807406808314491,5.105630667347061e-05,4.933774471282959e-05,1.4401517713921581e-05,2110,0.01,K,4,False
b35227b3efcdcf464ceb2a193b541498cc780e13ffdf4103077283de0f7b4fea,k320_lambda0.01_q1,320,1.0,0.1,1,232513,16384,400,0.14753518424270864,42.13843527028596,320,0.9946590703713113,0.9398152232609078,0.1511140344416867,197.9,77.6421056026975,0.9265502483000819,4.999993016146615e-05,4.998873919248581e-05,4.900554806479432e-07,False,444.19343251101236,38.30807211600404,0.0,492.879352046999,26.217394828796387,checkpoint,0.2805881177939404,5.122099917455286e-05,4.987791180610657e-05,1.3529248211386405e-05,2110,0.01,K,4,False
b35227b3efcdcf464ceb2a193b541498cc780e13ffdf4103077283de0f7b4fea,k320_lambda0.01_q1,320,1.0,0.1,1,232513,16384,500,0.14748147647003668,41.99437450809202,320,0.9965629626631507,0.9432611642968136,0.11920504649510534,266.1,71.42389414785409,0.9068145672397441,5.809909529760604e-05,5.232170224189758e-05,1.2681959739749688e-05,True,534.8748892349868,45.97789983700568,14.264535558002535,607.2677543760001,26.217394828796387,complete,0.28047438968411376,5.1067603041378475e-05,4.953518509864807e-05,1.6432858378607012e-05,2030,0.01,K,4,False
b35227b3efcdcf464ceb2a193b541498cc780e13ffdf4103077283de0f7b4fea,k360_lambda0.01_q1,360,1.0,0.1,1,232513,16384,0,0.16334601526783438,46.51660767354944,360,,,,0.0,0.0,0.0,4.999996684608473e-05,4.998594522476196e-05,0.0,False,7.689178996999544,8.073374676998355,0.0,16.69217771900003,26.92883062362671,checkpoint,0.3122397235066785,5.0748088186565034e-05,4.8869289457798004e-05,1.9024608193890557e-05,2260,0.01,K,5,False
b35227b3efcdcf464ceb2a193b541498cc780e13ffdf4103077283de0f7b4fea,k360_lambda0.01_q1,360,1.0,0.1,1,232513,16384,100,0.14787924849570908,47.1040802019672,360,0.8079135110031681,0.4914883034785998,0.8884495422230649,497.5,156.09091964750357,1.7311263309699643,4.999998795201859e-05,4.9984340876108035e-05,1.3680254247677933e-07,False,180.80181209399598,15.929549807999138,0.0,200.32888104099766,26.95994758605957,checkpoint,0.28145345968365176,5.113515224478571e-05,4.9729831516742706e-05,1.878910555050004e-05,1870,0.01,K,5,False
b35227b3efcdcf464ceb2a193b541498cc780e13ffdf4103077283de0f7b4fea,k360_lambda0.01_q1,360,1.0,0.1,1,232513,16384,200,0.14747748074059264,45.89060396622985,360,0.97914072305006,0.8497879039981402,0.3049320476560748,254.2,99.67291893356501,1.2860428000601678,4.9999935917148333e-05,4.996359348297119e-05,7.721981067202081e-07,False,309.40609210001276,24.10201964099906,0.0,339.1225116360001,26.95994758605957,checkpoint,0.28074584484960374,5.1324775703433126e-05,4.986254498362541e-05,1.596390848216155e-05,2160,0.01,K,5,False
b35227b3efcdcf464ceb2a193b541498cc780e13ffdf4103077283de0f7b4fea,k360_lambda0.01_q1,360,1.0,0.1,1,232513,16384,300,0.14730864340143682,45.38212056960256,360,0.990552076804309,0.8997408321296371,0.19810235822565098,191.8,87.5565714605205,1.18612545056003,4.999996061379427e-05,4.998804070055485e-05,3.5637737884295807e-06,False,428.01863715601576,32.267841674998635,0.0,467.99377193599867,26.95994758605957,checkpoint,0.28044879905864184,5.117543029195689e-05,4.99100424349308e-05,1.7011531074487514e-05,2100,0.01,K,5,False
b35227b3efcdcf464ceb2a193b541498cc780e13ffdf4103077283de0f7b4fea,k360_lambda0.01_q1,360,1.0,0.1,1,232513,16384,400,0.14721527731328085,45.03521953611196,360,0.9946655741410486,0.9597337782821236,0.14946593106005998,181.6,80.66566600577173,1.133139159599923,4.9999978965046825e-05,4.9987807869911194e-05,4.706416607751196e-06,False,541.3325531160081,40.187359892999666,0.0,591.220854111998,26.95994758605957,checkpoint,0.2802788169886414,5.144463611841332e-05,4.9958936870098114e-05,1.1454715087547911e-05,1950,0.01,K,5,False
b35227b3efcdcf464ceb2a193b541498cc780e13ffdf4103077283de0f7b4fea,k360_lambda0.01_q1,360,1.0,0.1,1,232513,16384,500,0.1471584701491722,44.89051364869921,360,0.9967403702446979,0.9485217331792966,0.11743861830352027,176.0,75.013327856937,1.0865584493600544,5.971382920719104e-05,5.2694231271743774e-05,6.750776688139141e-07,True,649.9883980520135,48.12957467600063,14.598236623998673,724.4440031279992,26.95994758605957,complete,0.2801665581265989,5.124669919925712e-05,4.926323890686035e-05,1.5211286594563223e-05,1950,0.01,K,5,False
b35227b3efcdcf464ceb2a193b541498cc780e13ffdf4103077283de0f7b4fea,k400_lambda0.01_q1,400,1.0,0.1,1,232513,16384,0,0.16264281644964107,47.94050655232181,400,,,,0.0,0.0,0.0,4.999996352055392e-05,4.9987342208623886e-05,0.0,False,9.651496383001358,8.205461383000511,0.0,18.905435549000686,27.67414617538452,checkpoint,0.3110530455140154,5.105102268603082e-05,4.979968070983887e-05,1.8000895521993966e-05,2330,0.01,K,6,False
b35227b3efcdcf464ceb2a193b541498cc780e13ffdf4103077283de0f7b4fea,k400_lambda0.01_q1,400,1.0,0.1,1,232513,16384,100,0.14761647230896882,50.11723645559603,400,0.8166014756712123,0.49046343057455194,0.8631706985119866,526.5,160.1415430535067,2.2319279854398335,4.9999998527261635e-05,4.998804070055485e-05,1.1783193110325753e-06,False,232.84429492698473,16.376387977998093,0.0,252.63520629400227,27.708845138549805,checkpoint,0.28120688507347724,5.06765849358506e-05,4.995521157979965e-05,1.996221269464032e-05,2050,0.01,K,6,False
b35227b3efcdcf464ceb2a193b541498cc780e13ffdf4103077283de0f7b4fea,k400_lambda0.01_q1,400,1.0,0.1,1,232513,16384,200,0.14717882430513188,48.80848812754556,400,0.9793584924955322,0.8134830455113781,0.3045729053334319,286.0,103.80766838843421,1.71262404030007,4.9999974425719814e-05,4.996359348297119e-05,5.314610544728938e-06,False,404.10669895699175,24.612946019995434,0.0,434.39208417199916,27.708845138549805,checkpoint,0.28044365145333805,5.091430487196348e-05,4.990212619304657e-05,1.9685152279212452e-05,2110,0.01,K,6,False
b35227b3efcdcf464ceb2a193b541498cc780e13ffdf4103077283de0f7b4fea,k400_lambda0.01_q1,400,1.0,0.1,1,232513,16384,300,0.14701525997649395,48.293123395251015,400,0.9916828773917036,0.9346027149623776,0.19158819979017547,200.0,90.76857337009118,1.586732002909921,4.9999982935039474e-05,4.996359348297119e-05,6.234371441287076e-06,False,562.7798992479838,33.04538748899722,0.0,603.785371031001,27.708845138549805,checkpoint,0.2801672809365771,5.101945116164769e-05,4.980340600013733e-05,1.6948446585535263e-05,2120,0.01,K,6,False
b35227b3efcdcf464ceb2a193b541498cc780e13ffdf4103077283de0f7b4fea,k400_lambda0.01_q1,400,1.0,0.1,1,232513,16384,400,0.1469183915206088,48.02030854188798,400,0.9949800598599217,0.9540514647472936,0.14614063796967153,184.5,83.01524430892036,1.5148417667998728,4.999997926748144e-05,4.996359348297119e-05,1.0576817634499972e-05,False,714.2640759279711,41.353918895998504,0.0,765.8627591740005,27.708845138549805,checkpoint,0.2800027697533734,5.104213638147302e-05,4.950817674398422e-05,1.7263739695343992e-05,2250,0.01,K,6,False
b35227b3efcdcf464ceb2a193b541498cc780e13ffdf4103077283de0f7b4fea,k400_lambda0.01_q1,400,1.0,0.1,1,232513,16384,500,0.1468502057976354,47.83667149793775,400,0.9964672023457077,0.9658339688732868,0.11800978153728908,185.8,77.55965515906637,1.4663774005201413,5.924362793924604e-05,5.2623450756073e-05,4.109791878504277e-07,True,860.9018159799853,49.62977486099771,14.743866887998593,937.7681525949993,27.708845138549805,complete,0.2798781285350064,5.1140407064750914e-05,4.955194890499115e-05,9.74673606711496e-06,2230,0.01,K,6,False
b35227b3efcdcf464ceb2a193b541498cc780e13ffdf4103077283de0f7b4fea,k440_lambda0.01_q1,440,1.0,0.1,1,232513,16384,0,0.16200278324223916,49.80178312610478,440,,,,0.0,0.0,0.0,4.9999953327358285e-05,4.9987807869911194e-05,0.0,False,11.2014225669991,8.471497295999143,0.0,20.82262400199761,28.411714553833008,checkpoint,0.3099836982690173,5.105486711365227e-05,4.899362102150917e-05,1.9484180690698777e-05,2320,0.01,K,7,False
b35227b3efcdcf464ceb2a193b541498cc780e13ffdf4103077283de0f7b4fea,k440_lambda0.01_q1,440,1.0,0.1,1,232513,16384,100,0.1474033378358031,52.92109258407057,440,0.8247250995956534,0.4827732845860938,0.8533617580218936,545.5,163.9284328188101,2.2955626424900037,4.999999847230182e-05,4.996359348297119e-05,1.3214589794304947e-06,False,240.75768681599948,16.88194571799977,0.0,261.2228666400006,28.449477195739746,checkpoint,0.28103011996842714,5.100926890755688e-05,4.876777529716492e-05,1.590909445116551e-05,2030,0.01,K,7,False
b35227b3efcdcf464ceb2a193b541498cc780e13ffdf4103077283de0f7b4fea,k440_lambda0.01_q1,440,1.0,0.1,1,232513,16384,200,0.1469364502551,51.37009113468924,440,0.9796648366377059,0.8659591607903727,0.31288917624768153,269.3,107.86099960002234,1.7025496149796526,4.9999979960531633e-05,4.996359348297119e-05,3.6753122643134062e-06,False,411.01264831396475,25.509010613997816,0.0,442.5922301840001,28.449477195739746,checkpoint,0.28023061430327634,5.086764193144093e-05,4.9872323870658875e-05,1.925620932330258e-05,2290,0.01,K,7,False
b35227b3efcdcf464ceb2a193b541498cc780e13ffdf4103077283de0f7b4fea,k440_lambda0.01_q1,440,1.0,0.1,1,232513,16384,300,0.14675784739095127,50.7244670190484,440,0.9917042905489692,0.9445757588078619,0.1949050090057708,232.5,94.46391083509315,1.5691399574999378,4.999997785786244e-05,4.998873919248581e-05,3.494101881557938e-06,False,567.9266440639585,34.06123592199583,0.0,610.4489313209997,28.449477195739746,checkpoint,0.279936169653338,5.098411920539524e-05,4.980061203241348e-05,1.8063674222473695e-05,2250,0.01,K,7,False
b35227b3efcdcf464ceb2a193b541498cc780e13ffdf4103077283de0f7b4fea,k440_lambda0.01_q1,440,1.0,0.1,1,232513,16384,400,0.14666125951312406,50.46781040199903,440,0.9954275808393205,0.9507252585190118,0.13739411132738952,201.6,85.14637160072772,1.4723446226101442,4.999999420047444e-05,4.996359348297119e-05,9.26336830024226e-06,False,715.1611063249729,42.8003818259931,0.0,768.9249208000001,28.449477195739746,checkpoint,0.2797777985163611,5.1010110611936854e-05,4.945043474435806e-05,1.9002077988086257e-05,2290,0.01,K,7,False
b35227b3efcdcf464ceb2a193b541498cc780e13ffdf4103077283de0f7b4fea,k440_lambda0.01_q1,440,1.0,0.1,1,232513,16384,500,0.1465985884850518,50.37954867039692,440,0.9970075287712077,0.9704509297378321,0.10858829425797713,198.5,78.72912396296121,1.4102450096700705,5.933574858130838e-05,5.3629279136657715e-05,1.2639323163119104e-05,True,856.18560729198,51.583726949989796,15.530039345998375,936.7361119460002,28.449477195739746,complete,0.27967060264481747,5.0908874919263674e-05,5.0006434321403503e-05,9.535311252931497e-06,2430,0.01,K,7,False
b35227b3efcdcf464ceb2a193b541498cc780e13ffdf4103077283de0f7b4fea,k480_lambda0.01_q1,480,1.0,0.1,1,232513,16384,0,0.16140771860891848,50.99058977347503,480,,,,0.0,0.0,0.0,4.999997505676729e-05,4.9987807869911194e-05,0.0,False,13.604355776999,9.022001195000485,0.0,23.878128702999675,29.15731716156006,checkpoint,0.3089737498545799,5.111298718080871e-05,4.997663199901581e-05,2.1631960787776477e-05,2500,0.01,K,8,False
b35227b3efcdcf464ceb2a193b541498cc780e13ffdf4103077283de0f7b4fea,k480_lambda0.01_q1,480,1.0,0.1,1,232513,16384,100,0.1471916698279847,55.4593506599631,480,0.8321826949040817,0.47449189041828266,0.8438054698464467,549.0,168.04482932137128,2.7841556195601878,4.999997985783183e-05,4.9989670515060425e-05,5.99013255134733e-07,False,292.0199177330178,17.898125656000047,0.0,313.86490399099785,29.198749542236328,checkpoint,0.280849720491649,5.116948051552232e-05,4.793517291545868e-05,2.11240945549554e-05,2140,0.01,K,8,False
b35227b3efcdcf464ceb2a193b541498cc780e13ffdf4103077283de0f7b4fea,k480_lambda0.01_q1,480,1.0,0.1,1,232513,16384,200,0.1467127059423778,53.9204259546778,480,0.9806471496631792,0.8644217566125535,0.3057189636941894,272.1,111.120080597644,2.0946784137500436,4.9999997607415025e-05,4.9987706006504595e-05,3.5294293847681605e-06,False,501.48775910802215,26.731966240000474,0.0,534.889474489999,29.198749542236328,checkpoint,0.2800441080128542,5.1029591118650504e-05,4.9198977649211884e-05,2.019372230288574e-05,2180,0.01,K,8,False
b35227b3efcdcf464ceb2a193b541498cc780e13ffdf4103077283de0f7b4fea,k480_lambda0.01_q1,480,1.0,0.1,1,232513,16384,300,0.14652189445882582,53.36465057867732,480,0.9917949783481672,0.9351020491045454,0.18943778876687759,217.2,96.4454138048195,1.9217367667897998,4.999998945830885e-05,4.996359348297119e-05,9.562886590712673e-08,False,693.6614357870021,35.580293368999264,0.0,738.6144159249998,29.198749542236328,checkpoint,0.2797395421366191,5.1388085348909245e-05,4.891538992524147e-05,1.7407268676534743e-05,2200,0.01,K,8,False
b35227b3efcdcf464ceb2a193b541498cc780e13ffdf4103077283de0f7b4fea,k480_lambda0.01_q1,480,1.0,0.1,1,232513,16384,400,0.1464119874847775,53.06023319126243,480,0.9952320990770642,0.9518245141532539,0.14429313380694944,184.4,87.47516353924294,1.810614867660006,4.9999929344326254e-05,4.998594522476196e-05,1.0809432947099326e-07,False,874.7229225530027,44.64755209500072,0.0,931.4274084729986,29.198749542236328,checkpoint,0.27957149281871274,5.10966751020243e-05,4.933401942253113e-05,1.9381864832112536e-05,2600,0.01,K,8,False
b35227b3efcdcf464ceb2a193b541498cc780e13ffdf4103077283de0f7b4fea,k480_lambda0.01_q1,480,1.0,0.1,1,232513,16384,500,0.1463359097424412,52.89277158696503,480,0.9966801322166037,0.9606607216613972,0.11981942564914475,195.4,81.86641091035766,1.7512615944599383,5.880266760706778e-05,5.193054676055908e-05,1.420915238777649e-05,True,1049.8490819989966,53.621519818003435,14.786213886000041,1133.0132519399995,29.198749542236328,complete,0.27945496311700124,5.099890734656853e-05,4.928559064865112e-05,1.731750528537291e-05,2410,0.01,K,8,False
b35227b3efcdcf464ceb2a193b541498cc780e13ffdf4103077283de0f7b4fea,k520_lambda0.01_q1,520,1.0,0.1,1,232513,16384,0,0.16095425670850774,52.525660930786664,520,,,,0.0,0.0,0.0,4.9999993554076855e-05,4.998745862394571e-05,0.0,False,16.30134587900102,9.722081051000714,0.0,27.38115803400069,29.8948392868042,checkpoint,0.3082813746328388,5.292737934514068e-05,5.0030648708343506e-05,2.3835359426841244e-05,2530,0.01,K,9,False
b35227b3efcdcf464ceb2a193b541498cc780e13ffdf4103077283de0f7b4fea,k520_lambda0.01_q1,520,1.0,0.1,1,232513,16384,100,0.146998923491106,57.89034591614232,520,0.8400518677236359,0.47525946692767185,0.8339675171045381,570.4,171.98755811503008,3.0985599378898043,4.99999447923944e-05,4.996359348297119e-05,4.530489775941828e-06,False,326.15733966798143,18.962890344999323,0.0,349.2765531740006,29.939961910247803,checkpoint,0.28073035026768534,5.1574164303099844e-05,4.8607587814331055e-05,2.0710167914682403e-05,2220,0.01,K,9,False
b35227b3efcdcf464ceb2a193b541498cc780e13ffdf4103077283de0f7b4fea,k520_lambda0.01_q1,520,1.0,0.1,1,232513,16384,200,0.1465144878884923,56.310163302697056,520,0.9816479975401669,0.8811622871264381,0.29091900809683724,281.0,112.21654961227972,2.2816938221698364,4.999999581215886e-05,4.996359348297119e-05,5.417783457251959e-06,False,554.3267218849651,28.496458508001524,0.0,589.9533722800006,29.939961910247803,checkpoint,0.2799423724359131,5.170474046995758e-05,4.960969090461731e-05,2.0695755236827555e-05,2310,0.01,K,9,False
b35227b3efcdcf464ceb2a193b541498cc780e13ffdf4103077283de0f7b4fea,k520_lambda0.01_q1,520,1.0,0.1,1,232513,16384,300,0.1463237007353003,55.79729735541669,520,0.9923741949107278,0.9466249009892715,0.18510108501734235,204.2,98.44944798785441,2.086076561259797,4.999997638557404e-05,4.9987807869911194e-05,4.348133155470474e-10,False,762.9343780109448,38.054564707999816,0.0,811.0732883790006,29.939961910247803,checkpoint,0.2796538154301759,5.173490541077968e-05,4.979223012924194e-05,1.9411192760998265e-05,2620,0.01,K,9,False
b35227b3efcdcf464ceb2a193b541498cc780e13ffdf4103077283de0f7b4fea,k520_lambda0.01_q1,520,1.0,0.1,1,232513,16384,400,0.14621255673741262,55.56050629427172,520,0.9955163393372848,0.956494534322275,0.14178540193459582,212.1,89.50260931646828,1.9693045006298053,4.999996931446025e-05,4.9989670515060425e-05,1.3627361252326381e-09,False,959.8648280739253,47.585632412999985,0.0,1020.456633714999,29.939961910247803,checkpoint,0.2794908888856123,5.197161802022075e-05,4.9620866775512695e-05,2.169366105408856e-05,2510,0.01,K,9,False
b35227b3efcdcf464ceb2a193b541498cc780e13ffdf4103077283de0f7b4fea,k520_lambda0.01_q1,520,1.0,0.1,1,232513,16384,500,0.14613813324275574,55.41024802914246,520,0.9969756549802478,0.9732104774522014,0.11302014046490824,194.9,83.24658707255077,1.8836116455999217,6.130954545299555e-05,5.320459604263306e-05,1.7292703082262626e-06,True,1148.2259926339175,57.0310025990002,15.061317948002397,1236.4339941780017,29.939961910247803,complete,0.27938096805972845,5.207040600934202e-05,4.8995018005371094e-05,1.7504323108820865e-05,2510,0.01,K,9,False
b35227b3efcdcf464ceb2a193b541498cc780e13ffdf4103077283de0f7b4fea,k560_lambda0.01_q1,560,1.0,0.1,1,232513,16384,0,0.16048942598735086,53.89976904517167,560,,,,0.0,0.0,0.0,4.999997391509345e-05,4.9987807869911194e-05,0.0,False,18.794174410999403,10.012955578000401,0.0,30.261156544002006,30.641138076782227,checkpoint,0.307537270259081,5.2369596586868915e-05,5.008280277252197e-05,1.8642124020942962e-05,2790,0.01,K,10,False
b35227b3efcdcf464ceb2a193b541498cc780e13ffdf4103077283de0f7b4fea,k560_lambda0.01_q1,560,1.0,0.1,1,232513,16384,100,0.14683377978271456,60.3196939525962,560,0.8473563698547417,0.468576850105947,0.8160741452327966,577.1,175.39584969442564,3.380344676130262,4.999997470070979e-05,4.9987807869911194e-05,2.8096278569713465e-06,False,356.8286420240256,19.834313284998643,0.0,381.81951563999974,30.68934392929077,checkpoint,0.2806406307426099,5.171208038997093e-05,4.941411316394806e-05,2.0519231541543234e-05,2380,0.01,K,10,False
b35227b3efcdcf464ceb2a193b541498cc780e13ffdf4103077283de0f7b4fea,k560_lambda0.01_q1,560,1.0,0.1,1,232513,16384,200,0.14633761634627962,58.700889842718475,560,0.9823914441965721,0.8772630869544684,0.2869320139604011,284.6,115.07257830744952,2.4829848412796856,4.999986210565731e-05,4.9987807869911194e-05,4.19333982857063e-06,False,605.1271261519942,29.673511744997086,0.0,643.1650720710022,30.68934392929077,checkpoint,0.2798387247338237,5.1709296851852835e-05,4.811398684978485e-05,2.3488317022471892e-05,2670,0.01,K,10,False
b35227b3efcdcf464ceb2a193b541498cc780e13ffdf4103077283de0f7b4fea,k560_lambda0.01_q1,560,1.0,0.1,1,232513,16384,300,0.14613875701133494,58.28674095641964,560,0.992581629429624,0.9487629663821552,0.18198006569123118,217.5,100.56999393582296,2.2598808948300575,4.999996614912261e-05,4.996359348297119e-05,5.342169318775602e-06,False,831.1152156349999,39.447179842998594,0.0,881.9921933719997,30.68934392929077,checkpoint,0.27955666477275204,5.206881794594143e-05,4.8537272959947586e-05,1.8995869771580083e-05,2460,0.01,K,10,False
b35227b3efcdcf464ceb2a193b541498cc780e13ffdf4103077283de0f7b4fea,k560_lambda0.01_q1,560,1.0,0.1,1,232513,16384,400,0.14601876525596513,58.05368732070895,560,0.9954994594240834,0.9661916924793975,0.14676066545913197,207.8,92.37082399693786,2.137758860969916,4.9999996580127294e-05,4.9987807869911194e-05,7.286009975982612e-06,False,1044.8911017319915,49.32262357299987,0.0,1108.7619053609997,30.68934392929077,checkpoint,0.279392251661553,5.215951517999558e-05,5.005300045013428e-05,1.7993419151630707e-05,2800,0.01,K,10,False
b35227b3efcdcf464ceb2a193b541498cc780e13ffdf4103077283de0f7b4fea,k560_lambda0.01_q1,560,1.0,0.1,1,232513,16384,500,0.1459380007073568,57.91155333250184,560,0.9969509291900871,0.9747045885642324,0.11592624828816293,203.5,86.22810208461463,2.048821187460162,5.889302760243858e-05,5.278736352920532e-05,9.007002345273132e-06,True,1249.7732204780077,59.22046389699972,15.064633664998837,1341.8335307790003,30.68934392929077,complete,0.279281459827155,5.252520548519328e-05,4.980713129043579e-05,1.8183335884328623e-05,2630,0.01,K,10,False
b35227b3efcdcf464ceb2a193b541498cc780e13ffdf4103077283de0f7b4fea,k600_lambda0.01_q1,600,1.0,0.1,1,232513,16384,0,0.1599382964259577,55.18094042053563,600,,,,0.0,0.0,0.0,4.999999691458998e-05,4.998873919248581e-05,0.0,False,21.65864459599834,10.457760041001166,0.0,33.67526382100186,31.377907276153564,checkpoint,0.3065840681847994,5.2099509571653466e-05,4.994985647499561e-05,1.845927526932645e-05,2940,0.01,K,11,False
b35227b3efcdcf464ceb2a193b541498cc780e13ffdf4103077283de0f7b4fea,k600_lambda0.01_q1,600,1.0,0.1,1,232513,16384,100,0.1467130328831235,62.63251947202952,600,0.8553351146845192,0.4886565067051273,0.8013247913148128,591.2,177.99808096751582,3.820353546220031,4.999998590714855e-05,4.996359348297119e-05,7.659734499142688e-07,False,403.6939992180014,20.612603922003473,0.0,430.8160616940004,31.4292254447937,checkpoint,0.2806292674744118,5.1768297971511265e-05,4.732981324195862e-05,2.28701500913933e-05,2550,0.01,K,11,False
b35227b3efcdcf464ceb2a193b541498cc780e13ffdf4103077283de0f7b4fea,k600_lambda0.01_q1,600,1.0,0.1,1,232513,16384,200,0.1461902578132362,61.064959808698866,600,0.9826117096516642,0.8784828428731464,0.29099212013581943,320.9,118.16813898577713,2.8243931393402453,4.999997015442123e-05,4.9987807869911194e-05,3.7685900256008974e-06,False,686.133313152026,30.76998935300435,0.0,727.1439612069989,31.4292254447937,checkpoint,0.2798155853205432,5.206718085898092e-05,5.0051137804985046e-05,1.8832012828758755e-05,2580,0.01,K,11,False
b35227b3efcdcf464ceb2a193b541498cc780e13ffdf4103077283de0f7b4fea,k600_lambda0.01_q1,600,1.0,0.1,1,232513,16384,300,0.14597569822388362,60.69813730845157,600,0.9925119695025133,0.9508031482538866,0.18601677263109187,222.5,104.04308447269615,2.5743759905600383,4.999998400659138e-05,4.998687654733658e-05,6.729325053064486e-06,False,943.5709122080298,41.26629299900378,0.0,998.7834054180021,31.4292254447937,checkpoint,0.2795300310547399,5.171564048854574e-05,4.943087697029114e-05,1.9210945868967552e-05,2660,0.01,K,11,False
b35227b3efcdcf464ceb2a193b541498cc780e13ffdf4103077283de0f7b4fea,k600_lambda0.01_q1,600,1.0,0.1,1,232513,16384,400,0.14585197168979433,60.547427455669144,600,0.9956504874893638,0.961712144209198,0.14089558135559385,219.7,94.15661059811715,2.416706427619829,4.999999389885241e-05,4.996359348297119e-05,4.556648232439982e-06,False,1185.2415549700127,52.00155551000353,0.0,1254.8608619680017,31.4292254447937,checkpoint,0.2793752709877716,5.245825086395808e-05,4.960596561431885e-05,1.8376901395635127e-05,2650,0.01,K,11,False
b35227b3efcdcf464ceb2a193b541498cc780e13ffdf4103077283de0f7b4fea,k600_lambda0.01_q1,600,1.0,0.1,1,232513,16384,500,0.1457685119966173,60.499382830207345,600,0.9970526718617644,0.9574674619431556,0.11365473690011405,228.7,87.42500591364785,2.3089590700000917,6.011777068124464e-05,5.361437797546387e-05,9.704448304856107e-06,True,1416.1374619700218,62.42118619100438,15.425395697999193,1515.6234677749999,31.4292254447937,complete,0.2792714004761669,5.318541860573499e-05,4.9328431487083435e-05,1.90532439211943e-05,2850,0.01,K,11,False
b35227b3efcdcf464ceb2a193b541498cc780e13ffdf4103077283de0f7b4fea,k640_lambda0.01_q1,640,1.0,0.1,1,232513,16384,0,0.1595462745971288,56.522241767127,640,,,,0.0,0.0,0.0,4.999998903601207e-05,4.999784869141877e-05,0.0,False,24.34453128200039,10.708232750999741,0.0,36.74547603200335,32.124932289123535,checkpoint,0.30597300332121236,5.233978598751895e-05,4.879385232925415e-05,2.4039530486909752e-05,2960,0.01,K,12,False
b35227b3efcdcf464ceb2a193b541498cc780e13ffdf4103077283de0f7b4fea,k640_lambda0.01_q1,640,1.0,0.1,1,232513,16384,100,0.1465731366801221,64.80081973911136,640,0.8607626680914088,0.4841976599530298,0.7920521094346875,611.9,180.81364224796027,4.096705356090315,4.999994576802216e-05,4.99986344948411e-05,2.57178600027635e-07,False,434.0150668910319,21.173081180000736,0.0,462.2704214710029,32.17972135543823,checkpoint,0.28056736155462336,5.164232287180153e-05,5.0123780965805054e-05,2.0601830356705102e-05,2430,0.01,K,12,False
b35227b3efcdcf464ceb2a193b541498cc780e13ffdf4103077283de0f7b4fea,k640_lambda0.01_q1,640,1.0,0.1,1,232513,16384,200,0.14602192104895542,63.104467277098486,640,0.9827280071087545,0.8731239676056035,0.2923416640018488,338.9,120.93343468967326,3.024870029089907,4.999999344607035e-05,4.9987807869911194e-05,3.090912951570557e-06,False,736.5020698000226,31.82363206300215,0.0,779.9384425960016,32.17972135543823,checkpoint,0.279734247516318,5.19930092616228e-05,4.897266626358032e-05,2.2701765920340116e-05,2630,0.01,K,12,False
b35227b3efcdcf464ceb2a193b541498cc780e13ffdf4103077283de0f7b4fea,k640_lambda0.01_q1,640,1.0,0.1,1,232513,16384,300,0.14580250376881132,62.790256888862125,640,0.9927921669151848,0.9535880847244158,0.1810965878313369,232.2,105.63837419843193,2.740563683899745,4.999986342346922e-05,4.99882735311985e-05,1.9238705148996895e-06,False,1010.5584381899971,42.464221256999735,0.0,1069.671382421002,32.17973470687866,checkpoint,0.27945307484322834,5.236065538742393e-05,4.9173831939697266e-05,1.9826993179208898e-05,2710,0.01,K,12,False
b35227b3efcdcf464ceb2a193b541498cc780e13ffdf4103077283de0f7b4fea,k640_lambda0.01_q1,640,1.0,0.1,1,232513,16384,400,0.14567977465480955,62.683153200036124,640,0.9959309217607041,0.9699531255718733,0.13059689925121032,208.2,94.92850249233378,2.5421875195900427,4.9999995098270034e-05,4.9987807869911194e-05,8.508524557430294e-06,False,1264.7771901490014,53.104786215000786,0.0,1339.486139290002,32.17973470687866,checkpoint,0.2793040643475106,5.25409366691905e-05,5.0049275159835815e-05,1.8863767916516185e-05,2780,0.01,K,12,False
b35227b3efcdcf464ceb2a193b541498cc780e13ffdf4103077283de0f7b4fea,k640_lambda0.01_q1,640,1.0,0.1,1,232513,16384,500,0.14559824531043547,62.672074249611846,640,0.9972872784589862,0.978677918436868,0.10396652972088405,218.1,87.47621165268178,2.418657046679982,5.9497748432112634e-05,5.284324288368225e-05,9.561277568622025e-06,True,1506.6428948169996,63.79209901599825,15.171200852997572,1612.5220226689999,32.17973470687866,complete,0.2792051042663193,5.21169513113131e-05,4.920642822980881e-05,1.4405454544716675e-05,2880,0.01,K,12,False
b35227b3efcdcf464ceb2a193b541498cc780e13ffdf4103077283de0f7b4fea,k680_lambda0.01_q1,680,1.0,0.1,1,232513,16384,0,0.15921143873084015,57.557289269847274,680,,,,0.0,0.0,0.0,4.999998175841559e-05,4.998873919248581e-05,0.0,False,28.32373757700043,11.435701252998115,0.0,41.55148746800114,32.861345291137695,checkpoint,0.3054525761225158,5.126135083361512e-05,4.949048161506653e-05,2.2551606745097244e-05,3160,0.01,K,13,False
b35227b3efcdcf464ceb2a193b541498cc780e13ffdf4103077283de0f7b4fea,k680_lambda0.01_q1,680,1.0,0.1,1,232513,16384,100,0.14642356998823444,66.84140671704378,680,0.8656288093421377,0.5190507626083176,0.7819370024180099,629.1,184.77665377849837,4.704944351140011,4.9999906156670946e-05,4.9987807869911194e-05,3.2922317374282504e-06,False,499.4828413940014,22.878821992998155,0.0,527.2576693290011,33.14541578292847,checkpoint,0.28045351993098444,5.103422146950617e-05,4.852190613746643e-05,1.8284346576527266e-05,2750,0.01,K,13,False
b35227b3efcdcf464ceb2a193b541498cc780e13ffdf4103077283de0f7b4fea,k680_lambda0.01_q1,680,1.0,0.1,1,232513,16384,200,0.14586056864513053,65.2180437222865,680,0.9833197702606038,0.8767119224444112,0.2853958144537238,336.9,123.22536933418777,3.4614205352999967,4.999999568432054e-05,4.996359348297119e-05,4.5299499113353276e-06,False,845.6248949240011,34.26672623299828,0.0,890.4286101250011,33.14541578292847,checkpoint,0.27961505733803044,5.122408967510857e-05,4.890561103820801e-05,2.094236206291956e-05,2720,0.01,K,13,False
b35227b3efcdcf464ceb2a193b541498cc780e13ffdf4103077283de0f7b4fea,k680_lambda0.01_q1,680,1.0,0.1,1,232513,16384,300,0.1456371468860912,64.95088876750977,680,0.99307089425857,0.956084504574655,0.17606039443548488,233.6,106.99030376796136,3.1230697088699912,4.999997413650109e-05,4.99882735311985e-05,1.196725640220153e-06,False,1157.931865811,45.757796896998116,0.0,1219.6988051720011,33.14541578292847,checkpoint,0.27933200543786285,5.114713297310047e-05,4.7404319047927856e-05,1.3270987617868585e-05,2800,0.01,K,13,False
b35227b3efcdcf464ceb2a193b541498cc780e13ffdf4103077283de0f7b4fea,k680_lambda0.01_q1,680,1.0,0.1,1,232513,16384,400,0.14550978711021212,64.88660418987325,680,0.9960206340096431,0.9682599894283558,0.12928998010236045,209.3,96.25421159247007,2.905428997950007,4.999997227398983e-05,4.9987807869911194e-05,6.7924271485029506e-06,False,1448.4747656060008,57.30542960099774,0.0,1526.905275706001,33.14541578292847,checkpoint,0.27918090686393005,5.132729117622666e-05,4.84958291053772e-05,1.8968195666767882e-05,2820,0.01,K,13,False
b35227b3efcdcf464ceb2a193b541498cc780e13ffdf4103077283de0f7b4fea,k680_lambda0.01_q1,680,1.0,0.1,1,232513,16384,500,0.14542535791353348,64.86170665726218,680,0.9973573597720075,0.9771984788832265,0.10375103327171638,210.4,89.20220589816489,2.770889539440027,5.855202097328707e-05,5.344860255718231e-05,4.7717249434171975e-06,True,1725.5637195500035,68.8745501979979,16.401368382000328,1837.1832417370013,33.14541578292847,complete,0.27908400666422495,5.097804431508655e-05,4.9561262130737305e-05,2.330298475486456e-05,2950,0.01,K,13,False
b35227b3efcdcf464ceb2a193b541498cc780e13ffdf4103077283de0f7b4fea,k720_lambda0.01_q1,720,1.0,0.1,1,232513,16384,0,0.15881454400039854,58.567546760826275,720,,,,0.0,0.0,0.0,4.999996378427276e-05,4.9989670515060425e-05,0.0,False,32.431420964000154,12.103691483000148,0.0,46.47959502799995,33.354581356048584,checkpoint,0.3047883683338576,5.137868733503402e-05,4.984810948371887e-05,2.437230312494779e-05,3250,0.01,K,14,False
b35227b3efcdcf464ceb2a193b541498cc780e13ffdf4103077283de0f7b4fea,k720_lambda0.01_q1,720,1.0,0.1,1,232513,16384,100,0.14631617635593153,68.81762310064383,720,0.8711124558487834,0.5156559025558313,0.765064322515543,636.2,187.38430238309257,5.22969089682998,4.9999987487075515e-05,4.99822199344635e-05,2.1566235604048023e-06,False,555.4005106469981,23.883060984000167,0.0,587.3532516999999,33.41628122329712,checkpoint,0.280443593564212,5.141457935417479e-05,4.893448203802109e-05,1.929349364081648e-05,2730,0.01,K,14,False
b35227b3efcdcf464ceb2a193b541498cc780e13ffdf4103077283de0f7b4fea,k720_lambda0.01_q1,720,1.0,0.1,1,232513,16384,200,0.14573906173478476,67.22021134302167,720,0.9837693435359474,0.9062386725511656,0.2773362394550669,350.0,124.78035550700389,3.8297407983700533,4.9999975660043825e-05,4.9987807869911194e-05,3.703328705005063e-06,False,938.3745904840034,36.14209463199995,0.0,988.2768942089997,33.41628122329712,checkpoint,0.2796023948705197,5.1343577563078506e-05,4.993937909603119e-05,2.180044683003942e-05,2790,0.01,K,14,False
b35227b3efcdcf464ceb2a193b541498cc780e13ffdf4103077283de0f7b4fea,k720_lambda0.01_q1,720,1.0,0.1,1,232513,16384,300,0.14550458577570943,67.02913385488124,720,0.9931187483778058,0.9564651318515015,0.1779240676475163,237.9,109.06015448598575,3.461853809309964,4.9999995517020294e-05,4.996359348297119e-05,4.824958429948164e-06,False,1284.5599714149998,48.1974091699999,0.0,1352.7045622019996,33.41628122329712,checkpoint,0.27931346965580556,5.1460456761808686e-05,4.844926297664642e-05,2.289938385008679e-05,2790,0.01,K,14,False
b35227b3efcdcf464ceb2a193b541498cc780e13ffdf4103077283de0f7b4fea,k720_lambda0.01_q1,720,1.0,0.1,1,232513,16384,400,0.1453696383097421,67.032716450263,720,0.9960156426180357,0.9707620648315599,0.13331614639244907,230.7,98.74143252205248,3.230470554040062,4.9999996980422244e-05,4.996359348297119e-05,1.0765834920909203e-05,False,1607.607026819006,60.25499673399963,0.0,1693.4989350229998,33.41628122329712,checkpoint,0.2791540978361121,5.1214954806655575e-05,4.814565181732178e-05,2.1716487633034595e-05,2950,0.01,K,14,False
b35227b3efcdcf464ceb2a193b541498cc780e13ffdf4103077283de0f7b4fea,k720_lambda0.01_q1,720,1.0,0.1,1,232513,16384,500,0.1452788796936767,67.05669790506337,720,0.9973183860081856,0.980574345650839,0.10744671991652373,223.8,91.6108965950291,3.078765132729959,5.777848727099268e-05,5.3569674491882324e-05,1.2698826372766019e-05,True,1915.483540092002,72.31975074199954,16.483153262000087,2036.019417605,33.41628122329712,complete,0.2790485328299441,5.1371906342518336e-05,4.98257577419281e-05,2.0383448525473325e-05,2880,0.01,K,14,False
b35227b3efcdcf464ceb2a193b541498cc780e13ffdf4103077283de0f7b4fea,k760_lambda0.01_q1,760,1.0,0.1,1,232513,16384,0,0.158489861082545,59.37901536688271,760,,,,0.0,0.0,0.0,4.999997687319586e-05,4.9989670515060425e-05,0.0,False,35.2745205440001,12.688174951000065,0.0,49.91951157599999,34.09174871444702,checkpoint,0.3042564293797039,5.152433259097209e-05,4.990259185433388e-05,2.245627071529973e-05,3730,0.01,K,15,False
b35227b3efcdcf464ceb2a193b541498cc780e13ffdf4103077283de0f7b4fea,k760_lambda0.01_q1,760,1.0,0.1,1,232513,16384,100,0.1461915527164796,70.75884789237591,760,0.8756879835227617,0.5150117131455422,0.7526811118472742,636.4,190.8359472373587,5.568550041419991,4.9999939409336826e-05,4.996359348297119e-05,4.692403295663127e-06,False,592.1295246859992,24.86788636999995,0.0,625.2193836509999,34.157382011413574,checkpoint,0.28037777577654616,5.101170817670707e-05,4.9252063035964966e-05,2.3052941379972583e-05,2640,0.01,K,15,False
b35227b3efcdcf464ceb2a193b541498cc780e13ffdf4103077283de0f7b4fea,k760_lambda0.01_q1,760,1.0,0.1,1,232513,16384,200,0.14559313000907492,69.20494337950996,760,0.9840187904909758,0.8968263294867456,0.2767400532636857,359.5,128.0048534920628,4.091986339369998,4.9999941127849616e-05,4.996359348297119e-05,4.854956324414242e-06,False,1001.328158622999,37.17501606299993,0.0,1052.725696728,34.157382011413574,checkpoint,0.27950753328285793,5.1246524658525226e-05,4.826299846172333e-05,2.481562655281541e-05,2840,0.01,K,15,False
b35227b3efcdcf464ceb2a193b541498cc780e13ffdf4103077283de0f7b4fea,k760_lambda0.01_q1,760,1.0,0.1,1,232513,16384,300,0.1453537204984474,69.05766989372637,760,0.9933253690305108,0.9411505395499586,0.17863044662413835,246.3,111.68034217441604,3.691571186780004,4.999998691223676e-05,4.995986819267273e-05,8.15383251647141e-06,False,1370.4852773009993,49.58436721099997,0.0,1440.927029725,34.157382011413574,checkpoint,0.2792250618166669,5.131485263604787e-05,4.7733308747410774e-05,1.8601874330763338e-05,3080,0.01,K,15,False
b35227b3efcdcf464ceb2a193b541498cc780e13ffdf4103077283de0f7b4fea,k760_lambda0.01_q1,760,1.0,0.1,1,232513,16384,400,0.1452176547830168,69.10853156597696,760,0.9961869203497343,0.975710244944423,0.13330201776756143,243.6,101.1991927333095,3.44536915072003,4.9999884778316944e-05,4.9987807869911194e-05,3.6537304284323537e-06,False,1715.0221923730023,62.13791116600032,0.0,1804.1382830440002,34.157382011413574,checkpoint,0.27907790885039174,5.1886423274041255e-05,4.898570477962494e-05,2.3170322648448096e-05,3400,0.01,K,15,False
b35227b3efcdcf464ceb2a193b541498cc780e13ffdf4103077283de0f7b4fea,k760_lambda0.01_q1,760,1.0,0.1,1,232513,16384,500,0.14512522305007633,69.16312636282703,760,0.9974105969466631,0.9745498955468325,0.10753465507361748,242.8,94.08610658328784,3.2888066838199985,5.884713390665537e-05,5.2753835916519165e-05,1.1067243122897122e-05,True,2043.9028607550022,74.59855715700041,15.683938168000168,2167.924397276,34.157382011413574,complete,0.2789808501847262,5.1164794003435896e-05,4.9171969294548035e-05,1.9679681555125995e-05,2960,0.01,K,15,False
b35227b3efcdcf464ceb2a193b541498cc780e13ffdf4103077283de0f7b4fea,k800_lambda0.01_q1,800,1.0,0.1,1,232513,16384,0,0.1581933430048671,60.24637762189641,800,,,,0.0,0.0,0.0,4.999994079108992e-05,4.998804070055485e-05,0.0,False,40.446203412000045,13.227065698000047,0.0,55.74399270799995,34.8412971496582,checkpoint,0.30377474732946214,5.1435922202627886e-05,4.908256232738495e-05,2.2725400794055062e-05,3640,0.01,K,16,False
b35227b3efcdcf464ceb2a193b541498cc780e13ffdf4103077283de0f7b4fea,k800_lambda0.01_q1,800,1.0,0.1,1,232513,16384,100,0.1460971058928912,72.48463096687067,800,0.8801047161014349,0.5122385223099807,0.7459238642405003,651.1,194.95840748689326,6.239644719310012,4.999996850030619e-05,4.998594522476196e-05,3.806837240319982e-06,False,664.4106753430012,26.02163344500002,0.0,699.2968685819999,34.9099645614624,checkpoint,0.28033274349880033,5.142485921196251e-05,4.946999251842499e-05,2.406020654296829e-05,2730,0.01,K,16,False
b35227b3efcdcf464ceb2a193b541498cc780e13ffdf4103077283de0f7b4fea,k800_lambda0.01_q1,800,1.0,0.1,1,232513,16384,200,0.1454769103629903,71.08950037202221,800,0.9841961709470712,0.8971239240562804,0.2738647210685806,400.6,130.508458021702,4.565083852159992,4.999996192944362e-05,4.9987807869911194e-05,3.4075507989445466e-06,False,1120.9190605590004,39.00389445500002,0.0,1175.394580536,34.9099645614624,checkpoint,0.2794387482122644,5.127161825133766e-05,4.8819929361343384e-05,2.3417211596592816e-05,3040,0.01,K,16,False
b35227b3efcdcf464ceb2a193b541498cc780e13ffdf4103077283de0f7b4fea,k800_lambda0.01_q1,800,1.0,0.1,1,232513,16384,300,0.145223338793307,70.9815408170726,800,0.9932770535811087,0.9411395892017606,0.1809154844119868,247.6,113.44262557362383,4.093987575099998,4.999992671963345e-05,4.998873919248581e-05,4.39776422234604e-06,False,1530.3178180690002,52.13000753300037,0.0,1604.7218308779998,34.90996742248535,checkpoint,0.2791459917200259,5.1312567691707187e-05,4.837848246097565e-05,1.748384457345445e-05,3170,0.01,K,16,False
b35227b3efcdcf464ceb2a193b541498cc780e13ffdf4103077283de0f7b4fea,k800_lambda0.01_q1,800,1.0,0.1,1,232513,16384,400,0.14508012049626157,71.04536950622116,800,0.9961797939391783,0.9728679018352906,0.13245928494279668,233.6,102.9724105748926,3.817064295750006,4.9999922947423627e-05,4.99882735311985e-05,8.506135990391107e-06,False,1912.0242476440008,65.27178362600023,0.0,2006.8068317789998,34.90996742248535,checkpoint,0.2789981286018331,5.1683198096778245e-05,4.872097633779049e-05,1.720046764677858e-05,3010,0.01,K,16,False
b35227b3efcdcf464ceb2a193b541498cc780e13ffdf4103077283de0f7b4fea,k800_lambda0.01_q1,800,1.0,0.1,1,232513,16384,500,0.14498442642692064,71.1307969876953,800,0.9974423791008975,0.9742093139786481,0.10523258280665777,231.8,94.95969515682997,3.6186099776200034,5.9346294475307776e-05,5.3651630878448486e-05,1.3127711224638e-05,True,2273.885245406001,78.39998354199986,16.212210700000014,2404.8967833839997,34.90996742248535,complete,0.2789036550659149,5.1476631395253816e-05,4.953332245349884e-05,2.0119237067207612e-05,3110,0.01,K,16,False
