program_id,class_name,mean_reference,tail_reference,usage_weight,age_mean,age_tail,safe_class_score,score_contribution
1,01 IT-ET Glut,4.832338587887622e-05,0.00032215590585917486,0.0015414793805058275,-0.00012224615817032708,0.0005058261625539933,0.0005058261625539933,7.21819927772087e-06
1,02 NP-CT-L6b Glut,6.377179713860841e-05,0.0004251453142573894,0.0020342719898262945,-0.00012948504700936354,0.0006104100819936309,0.0006104100819936309,1.1495307073036352e-05
1,03 OB-CR Glut,0.0002778246868579302,0.001852164579052868,0.008862396920208257,0.0012827068287988776,0.005597985493169865,0.0043152786643709876,0.0003540380194301792
1,04 DG-IMN Glut,0.00015211225949512863,0.0010140817299675242,0.004852265777104636,0.00011808588657167669,0.00032995096025783166,0.000211865073686155,9.516862811221217e-06
1,05 OB-IMN GABA,5.6080348808799896e-05,0.00037386899205866603,0.0017889206182079296,8.204899968550507e-06,-0.0003715229867605821,-0.0003797278867291326,-6.288592037988017e-06
1,06 CTX-CGE GABA,0.00016827489361016942,0.0011218326240677965,0.005367841554129945,0.00041179023332680296,0.002488235369219628,0.0020764451358928253,0.00010318344134218631
1,07 CTX-MGE GABA,0.00014294986387304533,0.0009529990924869689,0.004559992301837826,-4.675713897589634e-05,0.00039900245434323363,0.00039900245434323363,1.6843391225416685e-05
1,09 CNU-LGE GABA,0.00010213207249412198,0.0006808804832941466,0.003257935696654802,0.0004259138717782882,0.0014891923762243872,0.001063278504446099,3.2068555794271594e-05
1,11 CNU-HYa GABA,0.00015997761239202433,0.001066517415946829,0.005103164572593767,0.00018146363105329128,0.0009562711220645888,0.0007748074910112975,3.660355313228532e-05
1,12 HY GABA,0.00018140423864412594,0.0012093615909608395,0.005786657708695752,0.0004906988068543133,0.0008823277577028175,0.0003916289508485042,2.097937000961698e-05
1,13 CNU-HYa Glut,6.934302344840641e-06,4.622868229893761e-05,0.00022119898861303955,0.0006706969403583663,0.0018154354243366813,0.001144738483978315,2.3441169745647775e-06
1,14 HY Glut,0.00018791375270713005,0.0012527583513808672,0.005994306273106879,0.00030995283682427237,0.0011822065215959256,0.0008722536847716533,4.8402924380838e-05
1,16 HY MM Glut,0.00016896151438772355,0.001126410095918157,0.0053897442364767385,-0.00020895443758617334,-0.001151005562441718,-0.001151005562441718,-5.742955337592557e-05
1,19 MB Glut,0.00016925983424235217,0.0011283988949490147,0.005399260413713536,6.41206402943888e-05,0.00033629141462676045,0.0002721707743323716,1.3603968669994975e-05
1,20 MB GABA,0.00011905613232438595,0.0007937075488292397,0.003797800376836553,-1.2783959197419912e-05,4.3828561843866754e-05,4.3828561843866754e-05,1.540916881673753e-06
1,21 MB Dopa,0.000223732384612234,0.0014915492307482265,0.007136893480427996,-0.00015284833695946483,-0.0008363498476068264,-0.0008363498476068264,-5.525696869817894e-05
1,22 MB-HB Sero,0.00022658912887951288,0.0015099388784218597,0.007228021457147723,0.0007413871634866638,0.0021779635054315965,0.0014365763419449326,9.61253652002228e-05
1,23 P Glut,0.0001364583777474254,0.0009097225183161697,0.004352918814964114,9.356341678435079e-05,0.0001227703794377245,2.9206962653373713e-05,1.1769467724620043e-06
1,24 MY Glut,0.00023408970189821778,0.0015605980126547853,0.007467284051024989,0.00017537082667054595,0.0016055478632147682,0.0014301770365442222,9.886494568955482e-05
1,26 P GABA,0.00015851170627921433,0.0010567447085280957,0.005056403278749044,-7.583905989734281e-06,-7.434757202228118e-05,-7.434757202228118e-05,-3.4801531334220637e-06
1,30 Astro-Epen,0.00028135484229631396,0.0018756989486420933,0.0089750062028419,0.0005025315152538234,0.0014052337119446268,0.0009027021966908034,7.500135616328434e-05
1,31 OPC-Oligo,0.027752242664506925,0.12185955159615691,0.8852755048530632,-0.034379904652060436,-0.12036909731779778,-0.12036909731779778,-0.986468702241312
1,33 Vascular,0.00018328130032911396,0.0012218753355274262,0.005846534553637849,0.00013794828905004647,0.000551582958738943,0.0004136346696888965,2.238748528018797e-05
1,34 Immune,0.0001474704790583387,0.0009831365270555914,0.004704196499631371,0.00019232305497424534,0.00045096463214955404,0.00025864157717530873,1.1263507535468e-05
2,01 IT-ET Glut,0.05775601037968393,0.13314382349789342,0.5344759304400195,-0.0066580569563344455,-0.030637840120059826,-0.030637840120059826,-0.20860308871284391
2,02 NP-CT-L6b Glut,0.0033477029386070624,0.017242025341805526,0.03097974792902565,-0.0009069826801313966,-0.0010737017836073887,-0.0010737017836073887,-0.0004237366134730423
2,03 OB-CR Glut,0.004322737275403284,0.016497963655833767,0.04000274624459904,0.0035961659081395776,0.009087846960901478,0.005491681052761901,0.0027985273175025033
2,04 DG-IMN Glut,0.007902275473004032,0.03160455501004368,0.07312790492732592,0.0012091561776969642,0.0046074651546885925,0.0033983089769916283,0.0031657778133746184
2,05 OB-IMN GABA,0.0004957056751953065,0.003078757594189129,0.0045872758563601365,0.009119092158489307,0.015734212046970838,0.006615119888481531,0.0003865689910716879
2,06 CTX-CGE GABA,0.0014165934197403229,0.008478013097815271,0.013109199909993187,0.0023604484822770666,0.006573157007892428,0.004212708525615361,0.0007035128509574133
2,07 CTX-MGE GABA,0.0014719045154242107,0.009151419813137688,0.013621050523201431,0.00207717029360944,0.0052175066735192805,0.0031403363799098406,0.0005449055248657502
2,09 CNU-LGE GABA,0.0023360620733224864,0.013279129022522864,0.021617991651373993,0.0009880221254428272,0.0032276614357636926,0.0022396393103208652,0.0006167765644084937
2,11 CNU-HYa GABA,0.0025904335971148355,0.015562722978231457,0.023971953705930738,0.0006425503697753915,0.005605600896900554,0.004963050527125163,0.0015156068659036227
2,12 HY GABA,0.002609140195695972,0.014734094560320219,0.024145065155566768,-0.0023479659930756027,-0.005755990962958144,-0.005755990962958144,-0.0017704469669476378
2,13 CNU-HYa Glut,0.0022308597173121164,0.010637556900202653,0.020644445751241955,0.0009132399313805708,0.0061392362369748635,0.005225996305594293,0.001374379798991733
2,14 HY Glut,0.0025902849683428764,0.01537212604195802,0.023970578290616197,0.000378624981629227,0.0049798451728000695,0.004601220191170843,0.001405031191077965
2,16 HY MM Glut,0.0021386356807837066,0.012007633353130993,0.01979100162640686,-0.0009811346374550955,-0.0008968390153544577,-0.0008968390153544577,-0.00022610840412679904
2,19 MB Glut,0.0020014702726454735,0.01213694640686772,0.018521668639988272,0.0005057936816547753,0.002523363255605999,0.0020175695739512237,0.0004760395842010118
2,20 MB GABA,0.0027394281929636346,0.015157872479213557,0.025350754366213764,0.0008684901574166512,0.003945621648726151,0.0030771314913094995,0.0009937368142652176
2,21 MB Dopa,0.0015437558975158541,0.009515953422473869,0.014285965465289275,-6.547313320089857e-05,0.002007901307859571,0.002007901307859571,0.00036541502084520296
2,22 MB-HB Sero,0.0015966035574205373,0.00954222106187666,0.014775019366579328,0.0010556991813840983,0.004939191883572706,0.003883492702188608,0.0007309454873802151
2,23 P Glut,0.0020678577822109017,0.012316537270002807,0.01913602073445114,0.000793094950956032,0.003814362764108896,0.003021267813152864,0.0007365043121618225
2,24 MY Glut,0.0015857745198285165,0.009247159306875316,0.014674807113262031,0.0011046820387974592,0.003339747001444088,0.002235064962646629,0.00041782746994163087
2,26 P GABA,0.002688562272060558,0.01643895540593064,0.02488003953976302,0.0011740817388476842,0.005253562251238141,0.004079480512390457,0.0012929757096504142
2,30 Astro-Epen,0.0004281933366729183,0.0021804405141485498,0.003962514559471325,0.000512289685974002,0.0020122118937825964,0.0014999222078085944,7.571362563053365e-05
2,31 OPC-Oligo,0.0006327787600234109,0.003450459270849624,0.00585575447997288,0.0010239231312859829,0.003300800954371542,0.002276877823085559,0.00016984666488635875
2,33 Vascular,0.0008482669122887016,0.003542386037784052,0.007849888595602598,0.0008921425831831055,0.003095403565688749,0.0022032609825056435,0.00022032504831428283
2,34 Immune,0.0007199754224997951,0.0025856899389844587,0.00666267512774538,0.001313661971886793,0.003123180220187032,0.0018095182483002389,0.00015358402386052126
3,01 IT-ET Glut,1.2366331276163172e-05,8.244220850775447e-05,0.0004030564462133465,0.00019341851335857353,0.001424226163760683,0.0012308076504021093,3.423858073962836e-06
3,02 NP-CT-L6b Glut,1.0231214575860643e-05,6.820809717240429e-05,0.00033346648211999343,0.00013451605532270456,0.001286529841666862,0.0011520137863441574,2.6513652501334827e-06
3,03 OB-CR Glut,0.00018396784653321218,0.0012264523102214144,0.005996073110553506,-0.00014554763008514142,0.0008901367140391017,0.0008901367140391017,3.683692155134466e-05
3,04 DG-IMN Glut,1.2236140481661151e-05,8.1574269877741e-05,0.00039881313121637374,6.749381451896128e-05,0.0008672498741858684,0.0007997560596669071,2.2013377654577943e-06
3,05 OB-IMN GABA,0.0002436056488851422,0.0016178339845864256,0.00793985094887459,0.0005808001602217998,0.0015719779156926857,0.000991177755470886,5.431547627357427e-05
3,06 CTX-CGE GABA,3.7643781998915016e-05,0.0002509585466594335,0.0012269256463926894,7.5031722019863485e-06,0.0009863084404605302,0.000978805268258544,8.288467489864055e-06
3,07 CTX-MGE GABA,1.4247821295812444e-05,9.498547530541631e-05,0.00046437994337434143,-5.389377450835072e-06,0.0005873176177306705,0.0005873176177306705,1.8823751388790055e-06
3,09 CNU-LGE GABA,2.2047124915093115e-05,0.00014698083276728745,0.0007185830315437126,-0.00040893547290775243,-0.0012943451459744887,-0.0012943451459744887,-6.419286402636162e-06
3,11 CNU-HYa GABA,2.278159165893207e-05,0.0001518772777262138,0.0007425215424102487,-0.0005680239136881995,-0.0021729234403718377,-0.0021729234403718377,-1.113558862227168e-05
3,12 HY GABA,0.00010185516424490101,0.0006790344282993401,0.0033197704001476426,-0.00022278601329822671,-0.0008924905009517075,-0.0008924905009517075,-2.0448965695918578e-05
3,13 CNU-HYa Glut,6.418714581519998e-05,0.0004279143054346666,0.0020920548145690007,-0.0005652018724813891,-0.002320714608309705,-0.002320714608309705,-3.35084617182172e-05
3,14 HY Glut,5.1417421945361266e-05,0.0003427828129690751,0.0016758505736213301,0.00019032850044028792,0.0009617241182668436,0.0007713956178265558,8.922204132460869e-06
3,16 HY MM Glut,2.346571593251101e-05,0.0001564381062167401,0.0007648192386565494,-0.00012977934466424672,-0.00011498251647020191,-0.00011498251647020191,-6.069463564706579e-07
3,19 MB Glut,6.824786702701346e-05,0.0004549857801800897,0.0022244061016359687,-0.00019282422432003325,-0.000679709142670603,-0.000679709142670603,-1.0435106476976063e-05
3,20 MB GABA,2.208655322764997e-05,0.0001472436881843331,0.0007198681204827407,4.7852108610935175e-05,0.00021337457348357148,0.0001655224648726363,8.223743984166093e-07
3,21 MB Dopa,6.855676845507603e-05,0.0004570451230338402,0.002234474141141357,0.00030400763438952666,0.0015920008193381812,0.0012879931849486546,1.9863171562620663e-05
3,22 MB-HB Sero,3.398429524544871e-05,0.00022656196830299135,0.0011076518138486708,-0.0007316568297112583,-0.002998066975375612,-0.002998066975375612,-2.291945514598739e-05
3,23 P Glut,2.5647906103095892e-05,0.000170986040687306,0.0008359434706923687,-0.0003159253667965075,-0.0011744948945375023,-0.0011744948945375023,-6.776223763986166e-06
3,24 MY Glut,0.00011663869949190182,0.0007775913299460121,0.0038016108947987477,-1.918151488725203e-05,7.956003546737175e-05,7.956003546737175e-05,2.087480019081673e-06
3,26 P GABA,3.183398534385086e-05,0.00021222656895900576,0.0010375666569949153,-0.0002903202466807502,-0.001098330697893557,-0.001098330697893557,-7.865182868587462e-06
3,30 Astro-Epen,0.00017164629446812834,0.0011426856909321629,0.0055944761553790795,0.0004184559831762148,0.002291828477801508,0.0018733724946252933,7.233412997856044e-05
3,31 OPC-Oligo,0.00010844765279072127,0.000722984351938142,0.003534639705007873,0.000245436461980263,0.0017388535854085414,0.0014934171234282784,3.643224835291573e-05
3,33 Vascular,0.028857445899702957,0.15397384131800426,0.9405521598429084,0.009847928577143124,0.04652540503817803,0.036677476461034905,0.2380904784015758
3,34 Immune,0.00037679928734815914,0.002511412458219748,0.012281037787416514,0.0007196926296346933,0.0033612978177417763,0.002641605188107083,0.00022390442267711697
4,01 IT-ET Glut,6.45432616560632e-05,0.00043017507559643914,0.004090842274555662,-0.0004314772158735229,-0.002430910925572847,-0.002430910925572847,-0.0005715341378815815
4,02 NP-CT-L6b Glut,7.730743902019507e-05,0.0005153829268013004,0.004899853703810135,-0.00035211613157354766,-0.0018531325724344175,-0.0018531325724344175,-0.0005218551795261172
4,03 OB-CR Glut,0.00025902377061055333,0.0017268251374036893,0.016417289175359156,-0.0003594262219542997,-0.002020700885383725,-0.002020700885383725,-0.0019066188170970952
4,04 DG-IMN Glut,0.0002495022890519041,0.0016633485936793605,0.015813804345539348,-0.0006736201617725494,-0.004167857583241387,-0.004167857583241387,-0.0037879970057420006
4,05 OB-IMN GABA,0.003395856473910229,0.01843416653326698,0.21523413700135624,-0.002401617441928374,-0.008733158336353176,-0.008733158336353176,-0.10802962852728604
4,06 CTX-CGE GABA,0.0001608067882752782,0.0010720452551685213,0.010192159346044338,-0.00019810145892336546,-0.0009239521183049546,-0.0009239521183049546,-0.0005412227773474385
4,07 CTX-MGE GABA,0.00017905359316797392,0.0011936906211198264,0.011348667382907652,-0.00047596230563794754,-0.0027472948402824673,-0.0027472948402824673,-0.0017918866472542057
4,09 CNU-LGE GABA,0.00015148746089000447,0.0010099164059333633,0.009601487330718311,-0.00018485364138920503,-0.0010827313384622452,-0.0010827313384622452,-0.0005974748316347468
4,11 CNU-HYa GABA,0.0002479424656938547,0.001652949771292365,0.015714940557589638,-0.00021503299981172753,-0.0011733440906413475,-0.0011733440906413475,-0.0010597380506115657
4,12 HY GABA,0.00022162429725535712,0.0014774953150357144,0.014046858200506456,8.341343874312248e-05,0.0006403105423938329,0.0005568971036507104,0.0004495878362616428
4,13 CNU-HYa Glut,0.00014054542771898374,0.0009369695181265583,0.008907965951149217,-6.055258957583523e-05,-0.00023053274684436089,-0.00023053274684436089,-0.00011802433676117714
4,14 HY Glut,0.00017649586683229115,0.0011700453675971751,0.01118655510732245,0.00017830842712346218,0.0009472755714969084,0.0007689671443734462,0.0004943841579053404
4,16 HY MM Glut,0.00010809884188511919,0.0007206589459007946,0.006851455920691174,-0.00024868574205579497,-0.0014810347207916293,-0.0014810347207916293,-0.0005831878981732835
4,19 MB Glut,0.00016815873778250538,0.0011155552930009148,0.010658136197428612,-0.00016362908814433085,-0.0008824140323644447,-0.0008824140323644447,-0.0005405228607475466
4,20 MB GABA,0.00019529802182986514,0.001296209643266606,0.012378262011239014,-0.00022668027576827325,-0.00129085143991085,-0.00129085143991085,-0.0009183248360177702
4,21 MB Dopa,0.00011081968147352516,0.000737799297639493,0.007023906542567829,-0.00012749316607270784,-0.0007043197618503532,-0.0007043197618503532,-0.00028432103644780515
4,22 MB-HB Sero,9.197926691612503e-05,0.0006131951127741669,0.005829774694191894,-0.0002498357903323785,-0.001381685502517095,-0.001381685502517095,-0.00046293643902289714
4,23 P Glut,0.00013829292711380414,0.0009219528474253611,0.008765199309633119,-0.000388836712714989,-0.0022490813844430143,-0.0022490813844430143,-0.0011329933530985143
4,24 MY Glut,0.0013635743523684012,0.006532943442023472,0.08642525125075547,-0.0020373096190895073,-0.008469556525555567,-0.008469556525555567,-0.042068954284651024
4,26 P GABA,0.000266388600240307,0.001775924001602047,0.016884082386939378,-0.0004939882191133504,-0.0029179866046799246,-0.0029179866046799246,-0.0028315298984612075
4,30 Astro-Epen,0.0008452154927850717,0.005544568636362922,0.05357094110644091,-0.00021736790283621925,-0.0015473840946832688,-0.0015473840946832688,-0.004764176028870822
4,31 OPC-Oligo,0.005679472856079451,0.032961092343805995,0.3599729400204338,-0.0004957888024243986,-0.0035648488748057203,-0.0035648488748057203,-0.073751587644268
4,33 Vascular,0.0006777807173927082,0.0045123449080089525,0.042958690658737225,-0.0003603733844579355,-0.0021309314590224546,-0.0021309314590224546,-0.005261152762823036
4,34 Immune,0.0008082308003049849,0.005278442159211589,0.051226799524083065,-0.00017898114107140023,-0.0010401156930755545,-0.0010401156930755545,-0.0030622403002650567
5,01 IT-ET Glut,0.00014059427547079243,0.0009372951698052828,0.004997189488806415,-0.0005803575284585606,-0.0010059130014811925,-0.0010059130014811925,-0.00013471193057196712
5,02 NP-CT-L6b Glut,9.651084015913693e-05,0.0006434056010609128,0.0034303171618058253,0.00010806211178639715,0.0011814395808343319,0.0010733774690479347,9.867487202844286e-05
5,03 OB-CR Glut,0.0010257179525302912,0.00649824148207903,0.036457437215708266,0.0003656677415215004,0.002547757764102318,0.0021820900225808177,0.0021319578830541535
5,04 DG-IMN Glut,0.0002663786069561765,0.0017758573797078431,0.009467984171239157,-0.0017923975763311701,-0.00381001585031707,-0.00381001585031707,-0.0009667276191625845
5,05 OB-IMN GABA,0.002123632261133254,0.013180411230783699,0.07548097373018514,-0.0015999817512602908,-0.008200171571412073,-0.008200171571412073,-0.016587473960130175
5,06 CTX-CGE GABA,0.000278320366344355,0.0018418352529735915,0.009892434130475643,-0.00019072120652270468,0.0003765972861763914,0.0003765972861763914,9.983898889284896e-05
5,07 CTX-MGE GABA,0.00021059708112005715,0.001403980540800381,0.007485322689152372,-0.0009667034233921737,-0.002180416247245466,-0.002180416247245466,-0.0004373909145500234
5,09 CNU-LGE GABA,0.0001788631284900577,0.0011923653280534385,0.006357392167159974,0.00039380726072260765,1.8516835486722676e-05,-0.000375290425235885,-6.393906891468362e-05
5,11 CNU-HYa GABA,0.00017143990020014127,0.0011429326680009418,0.006093545874278105,0.0004930334960500807,0.0011740052343725516,0.0006809717383224709,0.00011120363767288667
5,12 HY GABA,0.00024975815536381897,0.0016650543690921262,0.008877237885741927,0.0018595152054030355,0.004981146167003317,0.0031216309616002814,0.0007426415405619629
5,13 CNU-HYa Glut,0.00023641928562795824,0.0015712087513305667,0.00840312996482271,0.0011131353139393332,0.001547274131241496,0.0004341388173021627,9.776637668856669e-05
5,14 HY Glut,0.00022938433383219394,0.001529228892214626,0.008153084313601608,0.0008664326591278588,0.002432572114813527,0.0015661394556856683,0.00034219383834355226
5,16 HY MM Glut,8.553329336677978e-05,0.0005702219557785319,0.0030401385342624593,-0.0005761203776708359,-0.0012792902764746147,-0.0012792902764746147,-0.00010422749353146517
5,19 MB Glut,0.0001932747469434261,0.0012592982070077576,0.006869629155548753,0.00046998825444716,0.001197381851142333,0.000727393596695173,0.00013391295315001917
5,20 MB GABA,0.0002914997414040782,0.0019433316093605214,0.010360873078625904,0.0002769276594703029,0.0009366390907225942,0.0006597114312522914,0.00018317668022768905
5,21 MB Dopa,0.00015005143099704416,0.0010003428733136276,0.005333328339634736,0.00040870205696599517,0.0014944309588776003,0.001085728901911605,0.0001551813554556219
5,22 MB-HB Sero,0.00015935897475485492,0.0010623931650323663,0.005664149489197117,0.0004337622634474205,0.0015687786289636867,0.0011350163655162663,0.00017228864332927049
5,23 P Glut,0.00018618692503652185,0.0012412461669101457,0.006617704324234609,0.0003151707355286208,0.000941107367611007,0.0006259366320823862,0.00011100883600052
5,24 MY Glut,0.0012841350045888315,0.00699114591734006,0.04564244117089099,-0.002565664661069645,-0.010933518137193909,-0.010933518137193909,-0.013373608793810325
5,26 P GABA,0.00023964001082360775,0.001597600072157385,0.008517605280692717,0.00022214012303207578,0.0005544508931689085,0.0003323107701368327,7.585456952429865e-05
5,30 Astro-Epen,0.01708538954791487,0.0571414055510536,0.6072717311932099,-0.008047230012849864,-0.01794144860872375,-0.01794144860872375,-0.2919848991707545
5,31 OPC-Oligo,0.001449183726365102,0.009016854851031835,0.051508823246828754,0.0013524019721637948,0.004376676857919201,0.0030242748857554065,0.0041746753935295745
5,33 Vascular,0.001353015611474501,0.0079055004096135,0.0480906876841936,-0.00015392121024219,-2.6285214671848463e-05,-2.6285214671848463e-05,-3.387601656144668e-05
5,34 Immune,0.00044978445405925135,0.0029857803218736084,0.015986839709703254,0.0006496133481261228,0.0017324988633134716,0.0010828855151873487,0.00046394338408882316
6,01 IT-ET Glut,0.0026101921179762224,0.013736015779234143,0.009620067914416,-0.001019991171822732,-0.002462027382257115,-0.002462027382257115,-0.00041343925151011117
6,02 NP-CT-L6b Glut,0.003500534554946085,0.01802973724990111,0.012901494845310883,-0.0004947697853828497,-0.0009882395449321792,-0.0009882395449321792,-0.0002225578670976631
6,03 OB-CR Glut,0.005409181585656125,0.02127261906797822,0.019935963279119204,-0.0024759862897571713,-0.010777038121138035,-0.010777038121138035,-0.0037503977810231966
6,04 DG-IMN Glut,0.001187113465553016,0.006908834056149778,0.00437519984911769,-0.002986646410682216,-0.009170484931915333,-0.009170484931915333,-0.0007003754039201346
6,05 OB-IMN GABA,0.003943084383746619,0.02178208403919822,0.01453254697333401,-0.0004393577549703662,0.005960186442419762,0.005960186442419762,0.0015119668509036243
6,06 CTX-CGE GABA,0.014070736673137157,0.05572300669145564,0.051858804365095545,-0.005540813711888949,-0.014616838994513914,-0.014616838994513914,-0.013231730654358578
6,07 CTX-MGE GABA,0.007269887147883878,0.03131033379165541,0.02679373966810057,-0.002975434668465815,-0.007918078502273732,-0.007918078502273732,-0.0037033420419853467
6,09 CNU-LGE GABA,0.0049962118420715605,0.022938282079285048,0.018413930876782964,-0.0016528831995259161,-0.0048901958599073024,-0.0048901958599073024,-0.00157185851159302
6,11 CNU-HYa GABA,0.010307382190320721,0.04244183617600939,0.037988666047925966,-0.0028063155129365185,-0.007333180398912164,-0.007333180398912164,-0.004862807766748278
6,12 HY GABA,0.017199420367973686,0.06160672112573609,0.06338981368037522,-0.004845202403926003,-0.007195788675034501,-0.007195788675034501,-0.007962300514336485
6,13 CNU-HYa Glut,0.01527752108369011,0.044893602307996126,0.05630650302590486,0.009111220483645538,0.016537687985080818,0.0074264675014352795,0.007299305315439745
6,14 HY Glut,0.014261976504914542,0.05043008392173069,0.052563633774766104,-0.0011507358724382514,0.002140629896237013,0.002140629896237013,0.001964118364248903
6,16 HY MM Glut,0.028894663321409393,0.06343245181282947,0.10649354949844177,-2.587473504786502e-05,0.0002479792440796175,0.0002479792440796175,0.0004609770701622487
6,19 MB Glut,0.020042425103430128,0.06227126135672817,0.07386793076905245,0.0024489803389030635,0.006329278542554208,0.0038802982036511445,0.005003359688102992
6,20 MB GABA,0.01413389423448256,0.0477282989168882,0.05209157651442023,-0.002098201388311579,-0.002280598336416567,-0.002280598336416567,-0.002073752837980983
6,21 MB Dopa,0.010521335019333587,0.04368299276805823,0.038777205991560856,-0.0017524960080309807,-0.0052870350417665475,-0.0052870350417665475,-0.0035787337704815446
6,22 MB-HB Sero,0.031765045340675646,0.07713857869422039,0.11707256771533435,-0.0027135836350337538,-0.003425347806438752,-0.003425347806438752,-0.00700003978808861
6,23 P Glut,0.014155816912889377,0.04926792125465191,0.05217237426631253,-0.004718328621554837,-0.007352069684695229,-0.007352069684695229,-0.006695621647121294
6,24 MY Glut,0.020741417634978724,0.04523433791364137,0.076444122605223,-0.004528921356449074,-0.0033305935343223483,-0.0033305935343223483,-0.004444331281903407
6,26 P GABA,0.02654597882688915,0.1081800712997624,0.09783728845496772,-0.007163532059991437,-0.02942160299907874,-0.02942160299907874,-0.05024714930476658
6,30 Astro-Epen,0.0012776876066133086,0.007650071773083147,0.0047090179548000734,1.7490820404009495e-05,0.000652455778407539,0.0006349649580035295,5.219402553581259e-05
6,31 OPC-Oligo,0.0018375622962991732,0.010413822818361198,0.006772480065978537,0.0007776849746866661,0.0039914366164174415,0.0032137516417307752,0.0003799275052171727
6,33 Vascular,0.0008532643491235095,0.004515760957287206,0.003144772728025264,-0.0011095677905811588,-0.0030337276095670856,-0.0030337276095670856,-0.00016653538965627393
6,34 Immune,0.0005254939334424848,0.0028712104310295553,0.001936749135634451,-0.0010105857330593372,-0.0034127912812602105,-0.0034127912812602105,-0.00011537820771890073
7,01 IT-ET Glut,0.000870768126165314,0.00557396919456803,0.006718978996203376,0.0005305186570337989,-0.000627558007848952,-0.001158076664882751,-6.387818734556066e-05
7,02 NP-CT-L6b Glut,0.0008607746856263898,0.005492777442907417,0.006641868092550373,-0.0013739605108402573,-0.003607473177976199,-0.003607473177976199,-0.00019670044688709494
7,03 OB-CR Glut,0.002147836838290058,0.011701755062232703,0.016573034967753298,0.0012105519517840006,-0.003769487480273449,-0.004980039432057449,-0.0006775585310667013
7,04 DG-IMN Glut,0.0014061211255249205,0.008249177551362796,0.01084984397640453,0.0023546798488119107,0.0036089803260361914,0.0012543004772242808,0.00011172158027489706
7,05 OB-IMN GABA,0.001039081102555955,0.006628661112145387,0.008017707462686648,0.004406936279188124,0.006067082648857354,0.0016601463696692296,0.00010927192048843641
7,06 CTX-CGE GABA,0.008522446391673471,0.03737869089331096,0.06576048959680475,-0.00040695897573227814,-0.003778699129958502,-0.003778699129958502,-0.00203994914662535
7,07 CTX-MGE GABA,0.06461737078584259,0.2210820108399539,0.49859743834667747,-0.010400362944182517,0.011971532708073726,0.011971532708073726,0.04900177241305033
7,09 CNU-LGE GABA,0.0010682244014784618,0.0066794047556624275,0.00824258157952269,-0.00047877204448703637,-0.0032135912250108945,-0.0032135912250108945,-0.00021745323684676672
7,11 CNU-HYa GABA,0.012526109185980584,0.040820812103956244,0.09665335925350069,-0.0017801086623220317,-0.006381490360361055,-0.006381490360361055,-0.005063502864107188
7,12 HY GABA,0.005307518710349322,0.02255225684547005,0.04095361975849735,-0.0007320838410644629,-0.0033972506774033067,-0.0033972506774033067,-0.0011421729673677045
7,13 CNU-HYa Glut,0.00075729109063408,0.0050486072708938665,0.0058433729704712905,0.0005899193931288505,-0.0010047958006106663,-0.0015947151937395166,-7.649952330568022e-05
7,14 HY Glut,0.003636969998866194,0.01783870391563119,0.028063412403274507,5.8372103757639636e-05,-0.0016718260637466104,-0.0017301981675042501,-0.0003986101156722277
7,16 HY MM Glut,0.0030727140896287066,0.01623547317828112,0.02370952818458348,-0.0014105937919824737,-0.007290202896578231,-0.007290202896578231,-0.0014189742577187712
7,19 MB Glut,0.003543877760800288,0.017973637165613225,0.027345098568076043,-0.00013750599394370334,-0.00033202395129939335,-0.00033202395129939335,-7.45351099444303e-05
7,20 MB GABA,0.0034547073774074543,0.01678905773328622,0.02665704635865685,-0.0008265275726935924,-0.002622702582547234,-0.002622702582547234,-0.0005739486791251413
7,21 MB Dopa,0.0012204613356042947,0.0076687743982983975,0.009417264864431625,-0.0003265281009483437,-0.001622726109686982,-0.001622726109686982,-0.00012545327376302712
7,22 MB-HB Sero,0.005217335699967123,0.02016551751515625,0.04025775396556714,-0.0026588056041909904,-0.006163072160773998,-0.006163072160773998,-0.0020368487632561674
7,23 P Glut,0.0032786672949013567,0.015010201382524666,0.025298694368836975,-0.0015069448740123188,-0.004862750601053976,-0.004862750601053976,-0.001009931909397711
7,24 MY Glut,0.0012177647155592248,0.00728856832695139,0.009396457334965249,0.0005868106760565517,0.0037922862719737284,0.003205475595917177,0.00024726839541476786
7,26 P GABA,0.003928346936754744,0.01823851675747711,0.030311721071016838,-0.001292421126871463,-0.002701795934864283,-0.002701795934864283,-0.0006723186046844046
7,30 Astro-Epen,0.0005493906701044893,0.0036310350294965405,0.004239181777815057,0.00037400221914956846,-0.0015629586435402102,-0.0019369608626897787,-6.74085328723377e-05
7,31 OPC-Oligo,0.0005864267131389741,0.0038743235640530615,0.004524957505903598,0.0009088897058453769,0.0008337006570094222,-7.518904883595473e-05,-2.793065275857335e-06
7,33 Vascular,0.000469195461259132,0.0031012447007216933,0.0036203833771420828,7.53226081172409e-05,-0.0015272428627270732,-0.001602565470844314,-4.763019207854656e-05
7,34 Immune,0.00029888023134741563,0.001940593778046481,0.0023062052186582256,0.0005599932265184805,-0.0009682426346925918,-0.0015282358612110723,-2.8933456997236435e-05
8,01 IT-ET Glut,0.0023706055276047928,0.013954239603172996,0.014057574234359977,0.0010580260880746163,0.0063028450702538475,0.005244818982179231,0.00028278707443571725
8,02 NP-CT-L6b Glut,0.0009778940672645424,0.006015355283152663,0.005798863743391755,0.00018212698082805195,0.004035855136622343,0.0038537281557942914,8.57122006849373e-05
8,03 OB-CR Glut,0.0007613703383577177,0.004961150995411633,0.0045148886757711585,0.0006530036324114852,0.00259088335408402,0.0019378797216725347,3.355772650210689e-05
8,04 DG-IMN Glut,0.0023402724398980403,0.012630040481420999,0.013877700515502222,-0.00029375800001841173,-0.0005918421100799624,-0.0005918421100799624,-3.1502283756066235e-05
8,05 OB-IMN GABA,0.001214439322893889,0.006996682427538003,0.007201565480173309,0.0007695708596533447,0.003014685737187469,0.0022451148775341242,6.201320070875259e-05
8,06 CTX-CGE GABA,0.000976308661041529,0.006066378358545055,0.0057894623624314455,0.0007456451632175826,0.004247455711511235,0.0035018105482936524,7.775879952837865e-05
8,07 CTX-MGE GABA,0.00078967980728449,0.0051123388527436605,0.004682762434749313,0.0002186995536949117,0.0020652761168977445,0.0018465765632028328,3.3165619250455776e-05
8,09 CNU-LGE GABA,0.13504974622527713,0.3229657219034204,0.800838355764522,0.04268067456846054,0.05322860961691951,0.010547935048458974,0.032398953147430916
8,11 CNU-HYa GABA,0.0036058113939776986,0.01864641065645931,0.02138228429643355,0.001206510977446814,0.0021763902320226748,0.0009698792545758607,7.954088801385077e-05
8,12 HY GABA,0.0027253893629078227,0.0158791805562381,0.016161424935730122,0.0015725016989786413,0.003105486239527391,0.00153298454054875,9.502460878407395e-05
8,13 CNU-HYa Glut,0.0005102442524441545,0.003400711412298202,0.0030257233322308367,0.0019083434989502197,0.004621946929147918,0.002713603430197699,3.149156613552654e-05
8,14 HY Glut,0.0026564729285964723,0.01440617122653786,0.0157527538683518,5.36042751522301e-05,0.0036689712102717332,0.003615366935119503,0.00021843766969640573
8,16 HY MM Glut,0.0009520368385101107,0.006083035334395933,0.005645531648077899,-0.0001573204487222547,0.00042486019718545855,0.00042486019718545855,9.199613001501267e-06
8,19 MB Glut,0.0012523258104668207,0.007878548280264571,0.0074262304888952635,-9.741430024627317e-05,0.00040030161262681136,0.00040030161262681136,1.1401826541365205e-05
8,20 MB GABA,0.0015332732882574504,0.008915565124128078,0.009092235220179427,0.0005627286479308434,0.0029419490320850977,0.0023792203841542544,8.297055598406762e-05
8,21 MB Dopa,0.0004977615019415431,0.0033165144177824996,0.0029517012354306356,-6.746875845571851e-06,0.0007688630274703111,0.0007688630274703111,8.704424047433176e-06
8,22 MB-HB Sero,0.00165528853785146,0.00852573747181908,0.009815779651725908,0.0016840252694575802,0.007209717249240544,0.005525691979782964,0.0002080319972140009
8,23 P Glut,0.0018603532977305918,0.0101212065976677,0.011031803596361153,0.00032934605818921267,0.002279922158947117,0.0019505761007579043,8.253308630354026e-05
8,24 MY Glut,0.0017178849272001433,0.009037498436128428,0.010186973163183337,0.0012977520509825646,0.004879023668813196,0.0035812716178306317,0.00013992686001226124
8,26 P GABA,0.001510557314729866,0.009433672245531152,0.008957530613929557,0.00042559948724512074,0.003260934339581638,0.0028353348523365175,9.741174497642539e-05
8,30 Astro-Epen,0.0005736744675402101,0.003311905169544384,0.003401861389377422,0.00023796721912316274,0.0004744162295750099,0.00023644901045184716,3.0851251103060526e-06
8,31 OPC-Oligo,0.0007510222212931058,0.0038123717213365163,0.00445352485031488,0.0003999870320086913,0.001275691952867319,0.0008757049208586276,1.4958234446053227e-05
8,33 Vascular,0.0013407439776843325,0.0053379627712326185,0.007950545873657767,0.0004440611756118326,9.153740030242756e-05,-0.000352523775309405,-1.0749890139227356e-05
8,34 Immune,0.0010123056311056953,0.003970349286485174,0.0060029226252193806,0.00015478146651069338,-0.000977426221043371,-0.0011322076875540646,-2.6067987890326973e-05
9,01 IT-ET Glut,0.004047153239462161,0.020805513935107958,0.031769412060859606,0.0015513803022336556,0.0002479436996078855,-0.00130343660262577,-0.00019921799730742432
9,02 NP-CT-L6b Glut,0.09807959596724299,0.26645716075861187,0.7699068739635991,-0.032876634306691264,-0.0912598725227684,-0.0912598725227684,-0.3380239984672511
9,03 OB-CR Glut,0.0007743884634301977,0.005041871395072565,0.006078807678940094,0.006846187773759821,0.016611933524478685,0.009765745750718865,0.00028559677333090907
9,04 DG-IMN Glut,0.0009865216906492882,0.006261409949019367,0.0077440146796561955,0.0020816313287533926,0.0012870143846758872,-0.0007946169440775053,-2.9604209493935183e-05
9,05 OB-IMN GABA,0.00028106479366780745,0.0018737652911187167,0.0022063071787762835,-0.0009765378754295671,-0.005076856583146343,-0.005076856583146343,-5.388778750640011e-05
9,06 CTX-CGE GABA,0.0015056797365510573,0.009356791533834409,0.011819310303292087,0.002686593431556272,0.006328867386620458,0.003642273955064186,0.00020710673530855044
9,07 CTX-MGE GABA,0.0012745217294325836,0.007552297594701827,0.01000476226302815,0.0033099484280567767,0.006971266984976976,0.0036613185569201994,0.00017622753630533924
9,09 CNU-LGE GABA,0.001254562181453365,0.00792103548874321,0.00984808346517157,-0.0010551837589037984,-0.0042544241024546,-0.0042544241024546,-0.00020156818294270166
9,11 CNU-HYa GABA,0.003888810068298083,0.01800986697450596,0.03052644715340694,-0.0002996759869966868,-0.0016523857338611116,-0.0016523857338611116,-0.00024267060787497958
9,12 HY GABA,0.0014892985808279253,0.009778230617668245,0.011690721229587912,0.0004048781307524756,0.0024056113284169037,0.002000733197664428,0.00011252783487317351
9,13 CNU-HYa Glut,7.838514167478508e-05,0.0005225676111652339,0.0006153090130202342,0.00016760744155616228,-6.797070484144437e-05,-0.00023557814639760664,-6.97361162104327e-07
9,14 HY Glut,0.0012339638016594752,0.007614369195596244,0.009686389954513907,-0.0009135462788047383,-0.004361740771989607,-0.004361740771989607,-0.0002032596996693346
9,16 HY MM Glut,0.0006234884792466072,0.004156569395607119,0.004894270426739884,-0.00012288765890639165,-0.0010996375875703824,-0.0010996375875703824,-2.589208464971741e-05
9,19 MB Glut,0.0015289964708997033,0.009706906595420435,0.012002342399584585,-5.205328350094125e-05,0.00022186837065731307,0.00022186837065731307,1.2811231701341073e-05
9,20 MB GABA,0.0012552356000666354,0.008238739899051505,0.009853369678010223,-9.351378131104036e-05,-0.0009067651705805975,-0.0009067651705805975,-4.298422361898543e-05
9,21 MB Dopa,0.0017484974196382234,0.010440705404216542,0.013725384665498486,-5.694903868150906e-05,-0.00024227236856140077,-0.00024227236856140077,-1.599771257407402e-05
9,22 MB-HB Sero,0.003353067850901314,0.016644459102938665,0.026320968819421635,-7.158747720544217e-05,-0.0018117181994769227,-0.0018117181994769227,-0.00022941509888553698
9,23 P Glut,0.00113845276203809,0.007466972181593805,0.008936645777667243,-4.5720491933146436e-05,1.1332134105421428e-05,1.1332134105421428e-05,4.872094790124613e-07
9,24 MY Glut,0.0006398336016907145,0.004252195127703916,0.00502257664579994,0.0005866214573611902,0.0018722834710984855,0.0012856620137372953,3.106582311201239e-05
9,26 P GABA,0.0011073688019481499,0.007154774107856269,0.00869264238116826,0.00016305776057475192,0.0015106314377290695,0.0013475736771543176,5.635517617337458e-05
9,30 Astro-Epen,0.00021408650436006727,0.0014235174266932105,0.0016805398687072825,-2.4898388407953293e-05,-0.00031285076365238676,-0.00031285076365238676,-2.529388380521608e-06
9,31 OPC-Oligo,0.00037496359671411494,0.002456482095816772,0.00294339559364344,-0.00019777361981755418,6.711228003893731e-05,6.711228003893731e-05,9.503424059958157e-07
9,33 Vascular,0.00028673830971193023,0.0018281115392785186,0.002250843241132941,0.00013965947014983127,-0.000849358013866242,-0.0009890174840160733,-1.070973435678519e-05
9,34 Immune,0.0002268309658962046,0.0014513634995731754,0.0017805815587741327,-0.00010853898878322061,-0.0009616592315654705,-0.0009616592315654705,-8.23782488823343e-06
10,01 IT-ET Glut,2.0603907943996448e-05,0.00013735938629330963,0.0012462570078097806,-0.0002241176692888919,-0.0005680718347617616,-0.0005680718347617616,-1.596484620074206e-05
10,02 NP-CT-L6b Glut,3.2392007690237875e-05,0.0002159467179349192,0.0019592771764809737,-0.00015919256194628598,-0.0004322592760402449,-0.0004322592760402449,-1.9098271790118158e-05
10,03 OB-CR Glut,0.00010849906798382848,0.0007233271198921901,0.006562722187616631,0.0012189248550709458,0.0035281617150094034,0.0023092368599384573,0.0003417483052640674
10,04 DG-IMN Glut,6.315545490810442e-05,0.0004210363660540295,0.0038200485303358967,-0.0005540285850710734,-0.0019536731420933323,-0.0019536731420933323,-0.00016829633358102778
10,05 OB-IMN GABA,0.00011012166844387253,0.0007341444562924837,0.006660867510324428,-2.002268146858495e-05,0.0004557619618644757,0.0004557619618644757,6.845776867566344e-05
10,06 CTX-CGE GABA,7.125805573816671e-05,0.0004750537049211115,0.004310145995991329,0.0004081328448809992,0.0015968211896168216,0.0011886883447358224,0.00011553507586855666
10,07 CTX-MGE GABA,7.203889584463731e-05,0.0004802593056309155,0.004357376232959625,-0.00017865285675608007,-0.0006829894372131149,-0.0006829894372131149,-6.711087724142874e-05
10,09 CNU-LGE GABA,3.5490201653374196e-05,0.00023660134435582803,0.002146675894656554,0.00046124796079897843,0.0020190232124926294,0.001557775251693651,7.5409341406351e-05
10,11 CNU-HYa GABA,8.919182738626797e-05,0.0005946121825751198,0.005394895969329222,-0.0007288593333408136,-0.0014066392743270813,-0.0014066392743270813,-0.0001711274511932012
10,12 HY GABA,0.0002516425720197134,0.001677617146798089,0.015220962920979516,-0.0007631919883646409,-0.0008524525835938428,-0.0008524525835938428,-0.0002925945467711249
10,13 CNU-HYa Glut,1.1896271493056024e-05,7.93084766203735e-05,0.000719563092367083,-0.001239250775027171,-0.0027471609822676845,-0.0027471609822676845,-4.457659149285209e-05
10,14 HY Glut,0.00023303725277235232,0.0015535816851490155,0.014095593425173837,0.00041267717949391975,0.0018401153493641917,0.001427438169870272,0.0004537269109564859
10,16 HY MM Glut,8.631885151116465e-05,0.000575459010074431,0.005221119891152789,-0.0002837765595389328,-0.0009988091798610018,-0.0009988091798610018,-0.00011759803351288334
10,19 MB Glut,0.00018647848262685806,0.0012416624437714557,0.011279419244695901,0.0006056375402209474,0.0023759814213404596,0.0017703438811195122,0.0004502961583611751
10,20 MB GABA,0.0001873817070452961,0.001249211380301974,0.011334052072806128,0.00046131011572508076,0.0016381159242721199,0.0011768058085470392,0.00030077648197830573
10,21 MB Dopa,2.934739938492565e-05,0.00019564932923283768,0.0017751196638942984,0.00013277457732513515,0.0006294467947781601,0.000496672217453025,1.98816017725974e-05
10,22 MB-HB Sero,6.71065887521203e-05,0.00044737725834746874,0.004059038544040262,0.0014755360834370892,0.005090421102208475,0.0036148850187713855,0.0003308807729643423
10,23 P Glut,8.969658842323207e-05,0.0005971864708986367,0.005425427166677594,0.0007725389923897929,0.0027254046272402166,0.0019528656348504238,0.00023892421574157332
10,24 MY Glut,6.859690487434927e-06,4.573126991623286e-05,0.0004149182458302941,-0.00018220213066150856,-0.000610754878419528,-0.000610754878419528,-5.714567225795606e-06
10,26 P GABA,0.0001666785929839309,0.0011111906198928729,0.010081794440293284,0.0007121414651588456,0.002560828562119627,0.0018486870969607815,0.0004202958643924013
10,30 Astro-Epen,0.014140662146496516,0.05166931647185271,0.8553182892800065,0.0018059566810197571,0.002211872920895684,0.00040591623987592694,0.007829212014805846
10,31 OPC-Oligo,0.00024922974141417296,0.0016613418684106565,0.015075019391286701,0.0011328565030260579,0.004457708215364126,0.003324851712338068,0.0011302747571354714
10,33 Vascular,0.00015251888019541312,0.0010167925346360874,0.009225323845528958,-0.0007955818709723378,-0.0016631440806584652,-0.0016631440806584652,-0.00034599144723570407
10,34 Immune,7.10257106603236e-05,0.0004735047377354907,0.004296092269762346,-0.00043262580980767297,-0.0008127669626142489,-0.0008127669626142489,-7.873965558844516e-05
11,01 IT-ET Glut,2.035634322872165e-05,0.00013570895485814436,0.0006302361995010648,0.00013588374599726513,0.00023603632048745563,0.0001001525744901905,4.078923871867961e-07
11,02 NP-CT-L6b Glut,2.140245480587307e-05,0.0001426830320391538,0.0006626240098867604,0.0002320253259559833,0.0009188273522150212,0.0006868020262590379,2.9408906305511226e-06
11,03 OB-CR Glut,0.00038117398430034376,0.002515904327475098,0.011801217955255182,-0.0004418002106886519,-0.0026234698076928417,-0.0026234698076928417,-0.0002000704917055427
11,04 DG-IMN Glut,4.8286635391528886e-05,0.0003219109026101926,0.0014949632767496748,0.0001352709206540313,0.0004169644139822986,0.0002816934933282673,2.7213692785343944e-06
11,05 OB-IMN GABA,0.0003308925635447694,0.002184221542982273,0.010244495749972481,-0.00010252681432411679,-0.001109348374509232,-0.001109348374509232,-7.344101587304922e-05
11,06 CTX-CGE GABA,7.269799369031528e-05,0.0004846532912687685,0.0022507435024033007,-0.00013694521524312917,-0.0013549526688015495,-0.0013549526688015495,-1.9707442469032482e-05
11,07 CTX-MGE GABA,7.773792391350212e-05,0.0005182528260900142,0.002406780686190327,0.00011549660667503576,7.83514315008063e-05,-3.714517517422946e-05,-5.777222130059831e-07
11,09 CNU-LGE GABA,3.988093847298579e-05,0.0002658729231532386,0.0012347213256007163,-0.00011067963474025451,-0.0007920473950409834,-0.0007920473950409834,-6.319755212504004e-06
11,11 CNU-HYa GABA,6.232604207186104e-05,0.0004155069471457403,0.0019296259374272646,-7.636910295565244e-05,-0.0007984192723031143,-0.0007984192723031143,-9.955986000043406e-06
11,12 HY GABA,0.00010198174947868271,0.0006798783298578848,0.0031573740670293713,-0.0004884075914175463,-0.0028733481047983804,-0.0028733481047983804,-5.862656093546026e-05
11,13 CNU-HYa Glut,0.00015351291940643026,0.0010160127102224743,0.0047527887407849325,-0.0004691249951407421,-0.0026091979908811286,-0.0026091979908811286,-8.01374803918373e-05
11,14 HY Glut,5.352359801048356e-05,0.0003568239867365571,0.001657100620417681,3.221171032792437e-05,-3.9392378029065514e-05,-7.160408835698988e-05,-7.667730449922637e-07
11,16 HY MM Glut,3.619205614123186e-05,0.00024128037427487912,0.0011205128376100557,0.00025771878012278326,0.001066296142930512,0.0008085773628077287,5.854887474355767e-06
11,19 MB Glut,4.932527886377191e-05,0.00032883519242514616,0.0015271198732084849,0.0002873717875411093,0.001615500824028995,0.0013281290364878856,1.3106705409385851e-05
11,20 MB GABA,7.6383097166443e-05,0.0005092206477762865,0.002364834996315921,0.00028676003540738584,0.0016823928337577616,0.0013956327983503758,2.132809902605405e-05
11,21 MB Dopa,0.0001346732001763902,0.0008978213345092681,0.004169507504376284,0.0003461002748918347,0.0019152632822773792,0.0015691630073855446,4.2279803350667056e-05
11,22 MB-HB Sero,6.185693319252182e-05,0.00041237955461681226,0.0019151022386496863,-4.4233791275341055e-05,5.1650864096586576e-05,5.1650864096586576e-05,6.392190260522974e-07
11,23 P Glut,5.6890498475564386e-05,0.0003792699898370959,0.0017613404895026631,0.0002774322555586211,0.0016621829348692167,0.0013847506793105955,1.5761409158157696e-05
11,24 MY Glut,2.198902528547561e-05,0.00014659350190317075,0.0006807843418113384,0.00014052457443252647,0.0008758939248277927,0.0007353693503952662,3.2351559519140933e-06
11,26 P GABA,8.766416475360588e-05,0.0005844277650240391,0.0027140989619783163,0.0003051454435551276,0.001813674011065055,0.0015085285675099274,2.6458142766870452e-05
11,30 Astro-Epen,0.00034325578567176153,0.0021607216437923007,0.010627263422896627,-0.00023684117249254914,-0.0012752341237652505,-0.0012752341237652505,-8.757729133583133e-05
11,31 OPC-Oligo,0.00020963532515231442,0.001397568834348763,0.006490348935497957,-3.543570931806331e-05,-0.00037202992897678066,-0.00037202992897678066,-1.5603645069730507e-05
11,33 Vascular,0.0009098802591892174,0.005852033251644227,0.028170063262804756,-8.028175336296621e-05,-0.0006805880137572307,-0.0006805880137572307,-0.00012389456527750725
11,34 Immune,0.028948027407441335,0.1723614987117695,0.8962363510641292,-0.014009778622560427,-0.08893861701087498,-0.08893861701087498,-0.5151017962571732
12,01 IT-ET Glut,0.001046734130357384,0.006729246749711994,0.004153886010608268,0.0006433005941659793,0.0038535327563803553,0.003210232162214376,0.00015767573924890975
12,02 NP-CT-L6b Glut,0.001969883000805341,0.012057534067314617,0.007817333172069731,0.0005349914441583835,0.0029124490026513866,0.002377457558493003,0.00021975828358104023
12,03 OB-CR Glut,0.0017636304826610478,0.009852742213214685,0.0069988354992368135,-0.000718880734493182,-0.004399580787237973,-0.004399580787237973,-0.0003640918373724477
12,04 DG-IMN Glut,0.0007526954815020338,0.004940391636055802,0.002987015651999272,-4.4806537870809264e-05,-0.0010379371313168375,-0.0010379371313168375,-3.6659151337861794e-05
12,05 OB-IMN GABA,6.0139393721298465e-05,0.00040092929147532316,0.0002386586803853158,8.609056827857545e-05,0.0002440123736175249,0.00015792180533894944,4.4564926524463794e-07
12,06 CTX-CGE GABA,0.0014854324518218931,0.009092201184428269,0.005894827446984827,0.0004667767674124967,0.0028023971421355354,0.0023356203747230387,0.00016279730526193127
12,07 CTX-MGE GABA,0.001512859563490005,0.008785279889398334,0.006003669885733492,0.0010535133833162098,0.004725393381367453,0.003671879998051243,0.00026066285249321794
12,09 CNU-LGE GABA,0.001468754075706659,0.009016678748600902,0.0058286405603481225,0.00026505608650318727,0.005061425327211217,0.00479636924070803,0.0003305626207794268
12,11 CNU-HYa GABA,0.0158547732733906,0.05787417896526183,0.06291848043515788,0.001527466274249607,0.004492770203195232,0.0029653039289456243,0.00220608020643296
12,12 HY GABA,0.010681099320299559,0.05002903039929195,0.04238714278797934,-0.001061604733798903,-0.0016325097355944648,-0.0016325097355944648,-0.0008182081149086755
12,13 CNU-HYa Glut,0.05024403859433801,0.08957001239286237,0.19938970458737582,0.031020151325926965,0.03701703427200454,0.005996882946077576,0.014138461759150215
12,14 HY Glut,0.01653167757737581,0.06008625180745418,0.06560472447487851,-0.0006016920038046566,0.00020882018980532534,0.00020882018980532534,0.00016198748467875868
12,16 HY MM Glut,0.0025633233628844115,0.014740169143459898,0.010172356808615248,0.0017602634277391579,0.007899572686421804,0.0061393092586826455,0.0007384395616482302
12,19 MB Glut,0.05077861068097004,0.15369621883033968,0.20151111388121848,-0.0033814208916140187,-0.015729783372543844,-0.015729783372543844,-0.037479656766511674
12,20 MB GABA,0.008683002064062625,0.03739730862668903,0.034457843456081605,0.0011017175631962313,0.0021247497412886203,0.001023032178092389,0.00041682258963074767
12,21 MB Dopa,0.016478339091046745,0.06443476885650434,0.06539305468618664,0.001651104424183875,0.007500127221197734,0.005849022797013859,0.004522606459575726
12,22 MB-HB Sero,0.007874257281238336,0.037940638281115206,0.031248400349092022,0.007862254764017524,0.02584765422312348,0.017985399459105954,0.006645409344902026
12,23 P Glut,0.02713615080793631,0.08059732191651169,0.1076877823639485,-0.0045127476690487965,-0.003847499829900155,-0.003847499829900155,-0.004899129309834887
12,24 MY Glut,0.024926515370321863,0.08757573230978584,0.09891900960049892,0.019368623224412053,0.04288836980382577,0.02351974657941372,0.027509725517928355
12,26 P GABA,0.008909829162190621,0.04189609601303178,0.03535798980883218,0.002131497636021027,0.004249850242557166,0.0021183526065361386,0.00088564500489607
12,30 Astro-Epen,0.0003020546972235786,0.001973185665131139,0.0011986814462686425,0.0002363933748728656,0.00048548352734749915,0.00024909015247463355,3.5304836240908445e-06
12,31 OPC-Oligo,0.0004341525848118814,0.0028598947381480028,0.0017229020208825673,-0.0003613346687041968,0.00023760730648801,0.00023760730648801,4.8405446593532e-06
12,33 Vascular,0.00030246603279453156,0.0018987358240399857,0.0012003138006787006,-0.000550472114449665,0.00016434989106675567,0.00016434989106675567,2.3325882292188203e-06
12,34 Immune,0.0002287135472793869,0.0014826065337426462,0.0009076325849392763,-0.0010407640585708476,-0.002116084906572072,-0.002116084906572072,-2.2709994463551633e-05
13,01 IT-ET Glut,0.0035923932693994855,0.020195555226478163,0.04786091007323748,-0.00048710282781089557,-0.001308440929503788,-0.001308440929503788,-0.0008852337207778513
13,02 NP-CT-L6b Glut,0.03363301893135998,0.14146116695243058,0.448087604516194,0.002489430974002347,0.019719746263071297,0.01723031528906895,0.10913876378579425
13,03 OB-CR Glut,0.0016141331689535929,0.008700458826995734,0.021504851126288776,-0.00046047537841222686,-0.0012370590463678284,-0.0012370590463678284,-0.000376053595613674
13,04 DG-IMN Glut,0.0011927628977881398,0.007055753407002282,0.01589099898276869,-0.0022299745289260315,-0.010977812630948157,-0.010977812630948157,-0.0024659819274677353
13,05 OB-IMN GABA,0.000384167391639909,0.00256111594426606,0.005118203828341279,-0.0006916900385395392,-0.0031068787257029326,-0.0031068787257029326,-0.00022478366825544804
13,06 CTX-CGE GABA,0.0017069232134400095,0.010310584564547953,0.022741078800103138,-0.0006822023400183629,-0.002972632707393429,-0.002972632707393429,-0.0009555979086850819
13,07 CTX-MGE GABA,0.0011146929704891181,0.006743214184335437,0.014850885195196855,-0.0003497229588653157,-0.0017920352087252044,-0.0017920352087252044,-0.00037620256693260716
13,09 CNU-LGE GABA,0.001006180461261286,0.006424458567726487,0.013405189510870294,0.0002793618788148118,0.001355670615135478,0.0010763087363206661,0.00020395422158459928
13,11 CNU-HYa GABA,0.0011866250504317783,0.00755145866216674,0.01580922537438667,3.959728928300446e-05,5.052316436888099e-05,1.0925875085876532e-05,2.441685349259288e-06
13,12 HY GABA,0.0028065035792951346,0.015478180196191658,0.0373906210584002,-0.0006731197168320627,-0.0024591132175012134,-0.0024591132175012134,-0.0012997627267379319
13,13 CNU-HYa Glut,0.0009284889960670586,0.00595597344758875,0.012370117916456423,8.407028514792911e-05,0.0007771464516084974,0.0006930761664605682,0.0001211930400667244
13,14 HY Glut,0.003231223032269662,0.01645149922467099,0.043049093842635895,0.00013568090273855996,0.0015620201450656916,0.0014263392423271317,0.0008679800050559143
13,16 HY MM Glut,0.004154312284739615,0.019475965155006297,0.05534727179502407,-0.0003282908778587793,0.0007578286334470402,0.0007578286334470402,0.0005929118145505219
13,19 MB Glut,0.002917720651437527,0.016202916783334163,0.03887234922378718,-0.00046069153053915585,-0.0014740366869102739,-0.0014740366869102739,-0.0008099756369046658
13,20 MB GABA,0.002267782714678313,0.012579184199492367,0.030213324776383586,-0.0006388364503564331,-0.0016871762406575098,-0.0016871762406575098,-0.0007205794055389817
13,21 MB Dopa,0.0016173658378399907,0.009146347818469536,0.02154791948302643,-0.0005916370473677896,-0.0025394221042482545,-0.0025394221042482545,-0.0007735049819726807
13,22 MB-HB Sero,0.0020258855379304956,0.011021143214705972,0.026990565419295537,-0.0001766590222244175,-0.0007233059522538704,-0.0007233059522538704,-0.0002759668378183608
13,23 P Glut,0.002105896118034786,0.012162774192080967,0.02805653422953082,-0.0004108522165427327,-0.001615194000782778,-0.001615194000782778,-0.0006405921183040345
13,24 MY Glut,0.0036728626769042053,0.015681363315648962,0.048932991771262126,-0.00109190624549264,-0.0028795379320090517,-0.0028795379320090517,-0.0019918078922061856
13,26 P GABA,0.0023591524923475275,0.013626440536387265,0.03143063045104013,-3.231261409879866e-06,0.0003951022707949587,0.0003951022707949587,0.00017554379936752802
13,30 Astro-Epen,0.00039411250692773027,0.0026123773119517534,0.005250701089293435,3.863131667303263e-05,4.64056740599664e-05,7.774357386933772e-06,5.770383434716564e-07
13,31 OPC-Oligo,0.0005422586749156548,0.0035617194063953398,0.0072244299914606645,0.00030409197473168674,0.0017612119762586774,0.0014571200015269907,0.0001488064589466599
13,33 Vascular,0.00036026771469512675,0.0023824094671099022,0.004799792061239604,0.00019586971860190768,0.0010818883310649305,0.0008860186124630228,6.0115732576128106e-05
13,34 Immune,0.00024429532212151913,0.001583031888797142,0.0032547094837768447,3.706772878133175e-05,0.0001481244552846769,0.00011105672650334514,5.1095184666875475e-06
14,01 IT-ET Glut,0.003265803948626563,0.018719981846847113,0.009864329219615385,0.0007953525431611615,0.0018347507342710715,0.00103939819110991,0.00012149789659110317
14,02 NP-CT-L6b Glut,0.004865298081565848,0.025582494853830504,0.01469558576788179,-0.00039431164158687694,-0.003367005430107026,-0.003367005430107026,-0.0005863405944231388
14,03 OB-CR Glut,0.00772245215807203,0.027255189915740774,0.023325592003766188,-0.006576717958505703,-0.019647911702668237,-0.019647911702668237,-0.005430856369333533
14,04 DG-IMN Glut,0.0016379454689092782,0.0104615010560473,0.004947398436422785,-3.4973704734112596e-06,2.9161773298182728e-05,2.9161773298182728e-05,1.7096612221776339e-06
14,05 OB-IMN GABA,0.0008599200826667197,0.005234394349936514,0.00259738028718801,0.0007039439341057852,0.0030225946089246425,0.0023186506748188573,7.136579494752792e-05
14,06 CTX-CGE GABA,0.011411975456671324,0.04579023889177098,0.034469761419119664,-0.004162097949001145,-0.010307519729684652,-0.010307519729684652,-0.004210286956239923
14,07 CTX-MGE GABA,0.014879652282559549,0.060620700977826056,0.04494384571073118,-0.0030982612514847806,-0.00657412226939188,-0.00657412226939188,-0.0035012833006795164
14,09 CNU-LGE GABA,0.004457689483972963,0.02412089935074591,0.01346440794378341,-0.000849979213437055,-0.0025703235176600813,-0.0025703235176600813,-0.00041010427425043725
14,11 CNU-HYa GABA,0.029237855791759453,0.10535005138686843,0.08831266044823222,-0.006547341608580906,-0.014755601272003913,-0.014755601272003913,-0.015441842685860383
14,12 HY GABA,0.027743515686432435,0.11249926998776041,0.08379902062266349,-0.00414471518386082,-0.01384510439452891,-0.01384510439452891,-0.01374847163835716
14,13 CNU-HYa Glut,0.02288615446191113,0.07780315764550885,0.06912740805466999,0.011169526148521194,0.02991760603091005,0.018748079882388857,0.015357704709269978
14,14 HY Glut,0.033582764125076804,0.11329697096067085,0.10143641401798259,-0.0065286351766107005,-0.01936616089773565,-0.01936616089773565,-0.02327858981105152
14,16 HY MM Glut,0.010818726022322443,0.04548042188225614,0.03267785724427505,-0.002385727970753922,-0.009362500219485445,-0.009362500219485445,-0.003625472843989441
14,19 MB Glut,0.02292973524881467,0.09014066621108499,0.06925904339972713,-0.008596105793792405,-0.027702472237558225,-0.027702472237558225,-0.02273601051889949
14,20 MB GABA,0.020273237074703833,0.07313998196725073,0.06123511637503332,-0.0018722338295907989,0.00067618322855731,0.00067618322855731,0.0004906639905720342
14,21 MB Dopa,0.016267230511493112,0.06389784088461865,0.049135012321919774,0.004096782750727394,0.010634464468689582,0.006537681717962188,0.0038065723366416887
14,22 MB-HB Sero,0.013776442700063722,0.06123718132017269,0.041611611843921786,0.008345747036997576,0.023166021624830443,0.014820274587832867,0.007307856879693723
14,23 P Glut,0.020877803406889644,0.08287512284569634,0.06306120313026681,-0.0040445279033901604,-0.013749360521299608,-0.013749360521299608,-0.01027457806959538
14,24 MY Glut,0.04620023359519998,0.11887788739866983,0.13954735843768176,-0.005623726506863011,0.005154602036595756,0.005154602036595756,0.008523854058493248
14,26 P GABA,0.015470651554606136,0.06777784896768167,0.04672895329211931,-0.0018187687230947556,-0.004474325585905503,-0.004474325585905503,-0.0024776096335007527
14,30 Astro-Epen,0.0004683161513844156,0.0030057653296573167,0.0014145444027838536,0.0007288991743809828,0.002382022584877288,0.001653123410496305,2.7710292183223153e-05
14,31 OPC-Oligo,0.0005787394999260971,0.0037537517424949705,0.0017480770583511204,0.0009721744907802242,0.002889327912299158,0.0019171534215189335,3.971336492856382e-05
14,33 Vascular,0.0005397456102490141,0.0034995103898253456,0.001630296391973436,0.0005271129573682533,0.001278993659312708,0.0007518807019444546,1.4525622389892883e-05
14,34 Immune,0.00032018714409385094,0.002052209168457654,0.0009671221698897316,0.0004087830084819533,0.0003923291352011386,-1.6453873280814673e-05,-1.8856831990592116e-07
15,01 IT-ET Glut,0.0012004336397139909,0.007489567795381187,0.0028336173815878773,0.0005195875605887142,0.0025818541101527473,0.0020622665495640333,5.2506915035542354e-05
15,02 NP-CT-L6b Glut,0.0013337673224727896,0.007923410288545936,0.003148350848326174,0.0004943453116205255,0.0015244099713446336,0.001030064659724108,2.9139232476841854e-05
15,03 OB-CR Glut,0.0012551355871624251,0.007821960402492126,0.0029627410448780198,-0.0009280727860185554,-0.007628415539191817,-0.007628415539191817,-0.0002030759687444976
15,04 DG-IMN Glut,0.0011578072879687513,0.006681463659060444,0.002732998099336034,-0.0004892971490527715,-0.0013413744260151364,-0.0013413744260151364,-3.293971589806483e-05
15,05 OB-IMN GABA,0.00011613135770199455,0.0007742090513466304,0.0002741274676459199,-7.57022754766594e-05,-0.0007380081637462494,-0.0007380081637462494,-1.8177921243714712e-06
15,06 CTX-CGE GABA,0.0025275540092248487,0.013955151792141617,0.005966278131915786,0.0008008550888454103,0.0018481352131498865,0.0010472801243044763,5.614316010730583e-05
15,07 CTX-MGE GABA,0.006201339493673843,0.027013346330895267,0.014638229717211387,0.00015989637269484298,0.0012660562157364831,0.0011061598430416402,0.0001454912730096406
15,09 CNU-LGE GABA,0.0013496917054130555,0.00856424401269926,0.0031859402716793465,0.0001226410311761741,-0.0008971979288472905,-0.0010198389600234647,-2.9194411551139202e-05
15,11 CNU-HYa GABA,0.02198207785216549,0.06721196694648424,0.05188858077998768,0.004951301765577349,0.009402790560770218,0.004451488795192869,0.002075427535045018
15,12 HY GABA,0.011615717802830404,0.05151318975285484,0.027418841639227986,0.0022673416403384463,0.004129878039178702,0.0018625363988402557,0.00045886440443709657
15,13 CNU-HYa Glut,0.0094510212970536,0.0339262177991391,0.02230908676257097,0.0044518559762597686,-0.0005737848979291563,-0.005025640874188925,-0.0010074041628806007
15,14 HY Glut,0.06831231541623026,0.15279666529274277,0.16125086630033358,-0.005829956339175547,0.00851792034650056,0.00851792034650056,0.01234144830609081
15,16 HY MM Glut,0.018327024892609928,0.05992966564201432,0.04326084722256383,0.0012614564164531218,0.0052237436389952095,0.003962287222542087,0.0015401799724001884
15,19 MB Glut,0.05603474875291121,0.13807879916582963,0.13226973385799917,0.007038947599390621,0.004346045682553393,-0.002692901916837228,-0.003200453433105241
15,20 MB GABA,0.012149225578584291,0.047914604755444824,0.028678183977342307,0.0019095480350774068,0.004747440778098606,0.002837892743021199,0.0007312706134230225
15,21 MB Dopa,0.04728135946480143,0.16310543770771938,0.11160740383490632,0.0031530319634887265,0.013244933806139787,0.01009190184265106,0.010120373040377521
15,22 MB-HB Sero,0.058786782534277084,0.13268375717439146,0.13876589532799372,0.021841868785561238,0.018353757332775368,-0.00348811145278587,-0.004349142050057884
15,23 P Glut,0.027262304189331947,0.09426417427731254,0.0643525276677788,-0.0004276873877947223,0.0019843434083824858,0.0019843434083824858,0.0011473949662691026
15,24 MY Glut,0.05846892185861502,0.09051459845739616,0.13801558685138865,0.0014768946015192802,0.004251590226993356,0.002774695625474076,0.003440915307285288
15,26 P GABA,0.01756271941935772,0.07217947197177978,0.04145670811632701,0.0027598423368286576,0.00972109241018486,0.0069612500733562035,0.002593059885448012
15,30 Astro-Epen,0.000406964004074778,0.002588067321763216,0.0009606364212699349,0.00033995988332964253,0.0010863649797031238,0.0007464050963734813,6.44264411135442e-06
15,31 OPC-Oligo,0.00047966193270555357,0.003111692440376115,0.0011322395048212095,0.0009136495195893566,0.001640819145878569,0.0007271696262892124,7.397833137745768e-06
15,33 Vascular,0.0002496918096704997,0.0016152039128782766,0.0005893962219277966,0.0005195929785450574,0.001224435320571233,0.0007048423420261756,3.7327579633203747e-06
15,34 Immune,0.00012759297294019905,0.0008345133276023225,0.0003011825509804612,0.0003984874241635716,-0.00014494198817129858,-0.0005434294123348702,-1.4706300812504008e-06
16,01 IT-ET Glut,0.00010256818285813145,0.0006837878857208764,0.004225430389198016,0.00046396945448609297,0.001287042808474173,0.0008230733539880801,6.691455469387237e-05
16,02 NP-CT-L6b Glut,7.34642622929776e-05,0.00048493522766253355,0.003026456331415371,0.00046442357926404347,0.001165836078174302,0.0007014124989102586,4.084312946591486e-05
16,03 OB-CR Glut,0.00022231458388807373,0.0014820972259204914,0.009158539934571008,0.004050837870133649,0.016670179499900992,0.012619341629767343,0.0022236889588599595
16,04 DG-IMN Glut,9.062014730008144e-05,0.0006041343153338763,0.003733215443672143,0.000416028313653364,0.0016253658111766481,0.001209337497523284,8.686436944680773e-05
16,05 OB-IMN GABA,0.00029559008379686597,0.001970600558645773,0.012177219952784287,-0.00014461211549132962,-3.332231878889179e-05,-3.332231878889179e-05,-7.807184882939767e-06
16,06 CTX-CGE GABA,0.00011823707801293755,0.0007882471867529169,0.004870931010417479,0.002643139071201243,0.008478878014425123,0.00583573894322388,0.0005469138642961489
16,07 CTX-MGE GABA,0.00029347395667865956,0.0019564930445243973,0.012090043329551691,0.000905714928430159,0.003059164276094038,0.002153449347663879,0.0005009260496253738
16,09 CNU-LGE GABA,8.511562981171781e-05,0.0005674375320781188,0.0035064496492017995,0.0037218438064090037,0.006405199230377814,0.0026833554239688107,0.00018103264908713663
16,11 CNU-HYa GABA,0.0003588915769884479,0.0022965470591986433,0.014785007724390661,0.0030488519280432234,0.0044150493047931385,0.001366197376749915,0.00038863875072685765
16,12 HY GABA,0.00022650249480735108,0.0015100166320490074,0.009331066400112909,0.004278765274662419,0.007478732076701017,0.003199966802038598,0.0005744971138452694
16,13 CNU-HYa Glut,4.2618581647378385e-05,0.0002841238776491892,0.0017557281899634714,0.005164121450412672,0.008435796976928688,0.0032716755265160156,0.00011051942229006654
16,14 HY Glut,0.00018515670441915204,0.0012343780294610139,0.007627772510102677,-0.0002564131544356408,-2.6546165432846543e-05,-2.6546165432846543e-05,-3.895925355130523e-06
16,16 HY MM Glut,0.00012136187144085367,0.0008090791429390245,0.004999660960996264,0.0004994236719720507,0.001046033032822571,0.0005466093608505203,5.25809850854918e-05
16,19 MB Glut,0.00022563440293062094,0.0015042293528708065,0.009295304220318566,-0.0002236666742285068,-0.0007412096089658854,-0.0007412096089658854,-0.0001325609926402107
16,20 MB GABA,0.0002119773476187699,0.0014131823174584658,0.008732683971683843,-0.00027642490693859974,-0.0007621402681036624,-0.0007621402681036624,-0.00012805417741226837
16,21 MB Dopa,0.00013365598007324247,0.00089103986715495,0.005506132839271125,-0.00016564322011060424,-0.0004936946677883994,-0.0004936946677883994,-5.230174994356613e-05
16,22 MB-HB Sero,0.00016418608325629013,0.0010727009722351294,0.006763860354571193,2.0557173513854267e-06,0.0009923019449629416,0.000990246227611556,0.0001288691392709186
16,23 P Glut,0.0003507714244470908,0.0022958506904028706,0.014450487424263752,-0.0004000353618039742,-0.0018316361381821035,-0.0018316361381821035,-0.0005092520647468335
16,24 MY Glut,0.00048208691565778343,0.003206911258181906,0.01986020076491632,-3.4235165720535264e-06,-0.0004837017436966374,-0.0004837017436966374,-0.0001848299669985725
16,26 P GABA,0.00023675380079175908,0.0015783586719450605,0.00975338235256961,-0.0001382816932476373,-0.00032817639323056997,-0.00032817639323056997,-6.158482136168313e-05
16,30 Astro-Epen,0.019339528765182377,0.06476580955708236,0.7967171717393094,-0.0034469681388654056,-0.0012541591928210006,-0.0012541591928210006,-0.019225070543485896
16,31 OPC-Oligo,0.0004493546268577687,0.002988770140036511,0.018511751334015406,0.0017706515708432828,0.004691737292561665,0.0029210857217183816,0.0010404061441925193
16,33 Vascular,0.00030561963808956657,0.002037443958476449,0.01259040055438572,0.0021277522120969955,0.004115242439887882,0.0019874902277908866,0.000481454940501571
16,34 Immune,0.00015853611725169672,0.0010569074483446446,0.006531102618317196,0.0018401965455938874,0.003019872170496196,0.0011796756249023085,0.00014823822701119047
17,01 IT-ET Glut,0.0008364937459869172,0.0053443373783298226,0.0037933957387360374,-0.00010348394301806659,0.0021772058675436287,0.0021772058675436287,6.584335837933447e-05
17,02 NP-CT-L6b Glut,0.0010712873884779585,0.006376681539232271,0.004858155884500186,-0.0002335450079369399,0.0008468470164567952,0.0008468470164567952,3.279900990039225e-05
17,03 OB-CR Glut,0.003996517758567216,0.01944409358640075,0.018123714024000467,-0.0039652327255943745,-0.013958923269519691,-0.013958923269519691,-0.002016895731857789
17,04 DG-IMN Glut,0.0014082992158804383,0.007696365103436663,0.006386462863608439,0.0002893360891020768,0.002439280713772209,0.0021499446246701324,0.00010946417075070899
17,05 OB-IMN GABA,0.002062446863621486,0.01175128910270967,0.009352941586671005,-0.000593931166323365,-0.0004316367885613473,-0.0004316367885613473,-3.2184813790233316e-05
17,06 CTX-CGE GABA,0.002294964558787952,0.012192580488396105,0.010407380592648932,-0.00017362518838885053,0.0018990075499548146,0.0018990075499548146,0.0001575623517187842
17,07 CTX-MGE GABA,0.004105525150405891,0.018017524134180535,0.018618049071543102,0.0006392079528229446,0.002483632296991323,0.0018444243441683784,0.00027376589409900396
17,09 CNU-LGE GABA,0.00182735621821422,0.010294963600325042,0.008286834569394422,-0.00021136479198955477,0.0023994165079303195,0.0023994165079303195,0.00015851801950130442
17,11 CNU-HYa GABA,0.06403117540649202,0.1595071026320714,0.29037346555014826,-0.005804650396681456,-0.013509840761541622,-0.013509840761541622,-0.03127457985507922
17,12 HY GABA,0.06403881220161803,0.2272323262831093,0.29040809747205754,0.013180872556690327,0.057794077023278656,0.04461320446658833,0.10328956931857163
17,13 CNU-HYa Glut,0.026563968902153456,0.055260670901592604,0.12046431538882245,0.00820318647528319,0.01089640852467627,0.0026932220493930785,0.0025865144222428256
17,14 HY Glut,0.006983325929754856,0.033605550954345136,0.03166851987982616,0.0006765763165051062,0.006840676435141128,0.0061641001186360225,0.001556258641554936
17,16 HY MM Glut,0.0032950577294520653,0.01711032620377876,0.014942679499708058,0.0010558009445212617,0.004148858656784233,0.0030930577122629714,0.00036846889427139164
17,19 MB Glut,0.00411589067497038,0.021146272267665675,0.01866505544415657,-0.0003772819061473553,-0.00038878883517197844,-0.00038878883517197844,-5.78532012611071e-05
17,20 MB GABA,0.010334855031160405,0.034800204096541165,0.0468672900708952,-0.0011924643144935266,0.001208794598106824,0.001208794598106824,0.0004516548513332826
17,21 MB Dopa,0.0030090033240352423,0.014029665144239799,0.01364545813043817,-0.0010630452754849756,-0.0042993304849222105,-0.0042993304849222105,-0.0004677063620202826
17,22 MB-HB Sero,0.006439825770313641,0.023681074804095537,0.029203813839024626,0.003795746165567934,0.009412688762113867,0.005616942596545934,0.00130774745353085
17,23 P Glut,0.003979789010682356,0.01860657795622122,0.018047851220189606,0.0005100649388130274,0.0029455103454875133,0.002435445406674486,0.00035041946893138014
17,24 MY Glut,0.002359482744340592,0.012106629173133793,0.01069996258901235,0.0018559107952413236,0.0069753173758834485,0.005119406580642125,0.0004367030325387499
17,26 P GABA,0.0054587454716729066,0.02527505487262638,0.024754735956403078,0.0015240019330400524,0.005531226179464728,0.004007224246424676,0.0007908357089084164
17,30 Astro-Epen,0.0007325941344320988,0.004537949451488141,0.0033222238434060013,-0.0009777528131040651,-0.0020591175496704854,-0.0020591175496704854,-5.453739087755164e-05
17,31 OPC-Oligo,0.0007072129413978137,0.004511222871008552,0.00320712327037458,-0.0010503519741786249,-0.0010614960567661346,-0.0010614960567661346,-2.7140532500509708e-05
17,33 Vascular,0.0005034321638712039,0.0031790137829756475,0.0022830026337119264,-0.0020015121451490933,-0.00342551395591464,-0.00342551395591464,-6.234713190836111e-05
17,34 Immune,0.00035711466897571815,0.0022370510448785443,0.001619470880722887,-0.002136721840095416,-0.005102300995449401,-0.005102300995449401,-6.587544236611001e-05
18,01 IT-ET Glut,0.0008679285485662846,0.005456885136866541,0.00459382343171967,-3.258408624401449e-05,0.0011442159561491372,0.0011442159561491372,1.696446089258764e-05
18,02 NP-CT-L6b Glut,0.0010624289889807894,0.006530576098844331,0.005623286838738491,0.0006883154758072699,0.0013364239701034797,0.0006481084942962099,1.1762393793714556e-05
18,03 OB-CR Glut,0.0012862665236910626,0.008031962770676943,0.006808027349404949,0.0009636422320792879,0.00036759076906517986,-0.000596051463014108,-1.3096728200440362e-05
18,04 DG-IMN Glut,0.0013538117915331863,0.007533933658822924,0.007165534928372703,0.0008392310463227491,-0.0018500805507037207,-0.0026893115970264697,-6.219385925821981e-05
18,05 OB-IMN GABA,0.00031899855157471166,0.0021266570104980773,0.0016884143554550103,-0.0034115096365315402,-0.0069931490102081995,-0.0069931490102081995,-3.810742318421016e-05
18,06 CTX-CGE GABA,0.00469387454490116,0.021471928313515572,0.024844016141119793,0.000359660333477347,0.0018543072959339279,0.0014946469624565809,0.0001198445229892484
18,07 CTX-MGE GABA,0.13952634158581376,0.4134579004906278,0.7384932531345155,0.0060199746130800156,0.001957007762818107,-0.004062966850261909,-0.009683839335316916
18,09 CNU-LGE GABA,0.0014334857718546288,0.008477014835876219,0.00758723807237415,-0.0005750640825716341,-0.0006418251329937863,-0.0006418251329937863,-1.5716585359052896e-05
18,11 CNU-HYa GABA,0.004920155264483978,0.025199344810621895,0.026041688084833432,-0.0018315563468920815,-0.0060351591475572555,-0.0060351591475572555,-0.0005072424883038129
18,12 HY GABA,0.0033560579630531736,0.01746734074924396,0.01776314160232469,-0.0002582915937755241,0.001974242183185835,0.001974242183185835,0.00011318215783700475
18,13 CNU-HYa Glut,0.0009181792637031803,0.006036001388593462,0.004859793381709063,0.00036988376528538063,0.00402811567996698,0.003658231914681599,5.7378184685777805e-05
18,14 HY Glut,0.002473902063906641,0.013806281963151446,0.013094014810006042,-0.0016913224352782786,-0.004244900476669989,-0.004244900476669989,-0.00017938994835917668
18,16 HY MM Glut,0.0021321661395922323,0.01154169564295168,0.011285254746554787,-0.0009348175431351139,-0.0031897377004006136,-0.0031897377004006136,-0.00011617805543185898
18,19 MB Glut,0.0031144211226206185,0.016235501052706974,0.01648419187612957,0.0005345692526401244,0.0016492025758179762,0.001114633323177852,5.9300376162290306e-05
18,20 MB GABA,0.004239533311401079,0.019905699084804142,0.02243925205322703,-0.00017210316339344762,-0.0006646101024617569,-0.0006646101024617569,-4.81319082276862e-05
18,21 MB Dopa,0.0013695384807852044,0.008289129736991039,0.007248774077158206,-0.00022223575376575152,-0.0011770011362355957,-0.0011770011362355957,-2.753589588812233e-05
18,22 MB-HB Sero,0.0023952452759324395,0.012028191578659335,0.012677695521676864,-0.00041951693845530575,-0.0018336054961116974,-0.0018336054961116974,-7.502465098965695e-05
18,23 P Glut,0.0025807496770300655,0.01443112251797323,0.013659544161011393,0.0001426953076191598,0.0002535570530994592,0.00011086174548029939,4.887375227794757e-06
18,24 MY Glut,0.0025992687200535438,0.013041131807031626,0.013757562844594055,0.0022690133039485172,0.005588398586697958,0.003319385282749441,0.00014738623809839552
18,26 P GABA,0.006736828493920047,0.03091213014750242,0.035657083341674556,-1.5550526230349652e-05,-0.0003645759555390152,-0.0003645759555390152,-4.195576105853913e-05
18,30 Astro-Epen,0.0004413934464686841,0.0029383648525054987,0.002336233276742465,-0.0012651510106807561,-0.0027852797708898757,-0.0027852797708898757,-2.1001136375653403e-05
18,31 OPC-Oligo,0.0005262684839072881,0.0034823202342173865,0.0027854648827284807,-0.0010289761877752804,-0.0014458757975481182,-0.0014458757975481182,-1.2998296528206884e-05
18,33 Vascular,0.0003872593783208716,0.0025464114381863598,0.0020497092868097403,-0.000830900208952834,-0.0019668938155429283,-0.0019668938155429283,-1.3011607320576456e-05
18,34 Immune,0.0001997033740441686,0.001326106339657374,0.0010570018011194806,-0.001357521761027483,-0.0028447520375751026,-0.0028447520375751026,-9.704606022740026e-06
19,01 IT-ET Glut,4.079075438933989e-05,0.00027193836259559927,0.000960775551720148,0.0005532820492702665,0.00193975904913203,0.0013864769998617635,8.015278262288523e-06
19,02 NP-CT-L6b Glut,3.697059272076223e-05,0.00024647061813841485,0.0008707963888011348,0.0005057967419613602,0.0018631209911267482,0.001357324249165388,7.111876701792186e-06
19,03 OB-CR Glut,0.0004066297654929815,0.0026961150245927083,0.009577659034162226,0.002106002258180282,0.007382542896853877,0.0052765406386735955,0.000304083356700522
19,04 DG-IMN Glut,3.1667634061125626e-05,0.00021111756040750415,0.0007458917846025669,0.0010904837637361108,0.003619818070621535,0.0025293343068854245,1.1351834471279997e-05
19,05 OB-IMN GABA,0.0003873730294200729,0.0025824868628004857,0.009124090535570959,0.0003029803123300303,-0.00025253860371868763,-0.0005555189160487179,-3.0498075068579206e-05
19,06 CTX-CGE GABA,5.9171584544760394e-05,0.00039447723029840265,0.0013937131744247585,0.0010137763363339295,0.0033624591183731025,0.002348682782039173,1.9696168940449255e-05
19,07 CTX-MGE GABA,4.91964768228132e-05,0.00032797651215208805,0.001158761902537364,0.0007435198247924802,0.002417420580252159,0.0016739007554596786,1.1670995586891423e-05
19,09 CNU-LGE GABA,5.475384659878481e-05,0.00036502564399189876,0.0012896588445663983,0.0004050635192807047,0.0011910685405953831,0.0007860050213146784,6.099358390898699e-06
19,11 CNU-HYa GABA,8.386318128202671e-05,0.0005590878752135115,0.001975293065094742,9.460439300451522e-05,0.0005470206619114615,0.00045241626890694627,5.377169716884276e-06
19,12 HY GABA,0.00031768614386007356,0.0021138634890153873,0.007482702507232248,-0.0002708722095102083,-2.1434924417573653e-05,-2.1434924417573653e-05,-9.650824697349928e-07
19,13 CNU-HYa Glut,0.00011103770781153982,0.0007402513854102656,0.00261535528286902,-0.00014993349373328992,-0.0005165334605646655,-0.0005165334605646655,-8.128551192843632e-06
19,14 HY Glut,0.0001367872653265857,0.0009119151021772381,0.0032218541255217862,-7.904743153667329e-05,-0.00023098452083813434,-0.00023098452083813434,-4.477882996383664e-06
19,16 HY MM Glut,5.385598761659753e-05,0.0003590399174439836,0.0012685108915095821,0.0001177633172880146,0.0009580875099967943,0.0008403241927087796,6.4139424482055626e-06
19,19 MB Glut,0.00011541264462461185,0.0007694176308307458,0.0027184014852069337,0.0002888014618341872,0.0010547212484501296,0.0007659197866159424,1.2527975034759899e-05
19,20 MB GABA,5.9932903045923204e-05,0.00039955268697282136,0.0014116450860537477,0.00016127996570132626,0.0008188190685185916,0.0006575391028172653,5.5851018427011915e-06
19,21 MB Dopa,9.255886224324675e-05,0.0006170590816216449,0.002180109028863285,0.00026663093856654714,0.0010336701515211554,0.0007670392129546083,1.0061894782638683e-05
19,22 MB-HB Sero,7.791195382344294e-05,0.0005194130254896196,0.0018351192945790591,0.0004108073083365104,0.0022048723336948453,0.0017940650253583349,1.981009109630169e-05
19,23 P Glut,6.0909510178134055e-05,0.0004060634011875603,0.0014346478539679624,0.00030671299621616864,0.0014057551508532937,0.001099042154637125,9.4873223058671e-06
19,24 MY Glut,0.0001360908434256769,0.0009072722895045126,0.003205450772700969,0.0007093536770742113,0.002130147684738994,0.0014207940076647828,2.7403385468298196e-05
19,26 P GABA,6.935679519423146e-05,0.00046237863462820974,0.0016336131597922477,0.000330732012804783,0.0015006138080684718,0.0011698817952636889,1.1499400438777016e-05
19,30 Astro-Epen,0.00020709352850507747,0.0013804452897368874,0.004877830824308957,0.00036184077367793876,0.00138371048027679,0.0010218697065988512,2.999205679102085e-05
19,31 OPC-Oligo,0.0002101921585936482,0.0014010186865364342,0.00495081520710579,0.0005758327345327107,0.0020095768474559044,0.0014337441129231936,4.2710273771728956e-05
19,33 Vascular,0.03900227421162225,0.18073466680682393,0.9186501226808587,-0.0026559679378483363,-0.015862316380338408,-0.015862316380338408,-0.08768003944138149
19,34 Immune,0.0006545529427227982,0.004267400279683455,0.015417181517949364,0.00029830708182654813,0.0011640158230548448,0.0008657087412282966,8.030836417532136e-05
20,01 IT-ET Glut,0.025235629602539944,0.0998013624708914,0.41956504088493646,0.0016164094625376558,-0.0017444263191188848,-0.0033608357816565407,-0.02915406037212167
20,02 NP-CT-L6b Glut,0.003983458945454884,0.01760055235247445,0.0662285879780478,0.0010765035279399504,0.0009350413851960283,-0.000141462142743922,-0.0001937038219080961
20,03 OB-CR Glut,0.0022890088375886277,0.011449808290018508,0.03805683082431164,9.996178595365786e-05,-0.0019716351337785076,-0.0020715969197321656,-0.0016300102600881018
20,04 DG-IMN Glut,0.002492654567179551,0.013371952912069393,0.0414426242523963,0.0009026035729198678,0.0024926181586428773,0.0015900145857230094,0.0013623880271259397
20,05 OB-IMN GABA,7.586549883199155e-05,0.000505769992213277,0.0012613321569752678,0.003425648199318932,0.010473490719314891,0.007047842519995959,0.00018379687424266262
20,06 CTX-CGE GABA,0.0013394681554456723,0.008358179846149142,0.022269862898410497,0.0008286133049216053,0.002629304016963839,0.0018006907120422337,0.0008291042277040699
20,07 CTX-MGE GABA,0.0018362429368029445,0.01069872270902981,0.030529190473490734,0.0009419916477627932,0.0028059975762965285,0.0018640059285337353,0.0011765626013383792
20,09 CNU-LGE GABA,0.0016856033101405223,0.010331543478749906,0.028024671184098824,0.0001675386276491661,0.00012914717340059448,-3.8391454248571624e-05,-2.2244751103202464e-05
20,11 CNU-HYa GABA,0.001532795714495401,0.00967793572732092,0.025484107460342107,0.00010433229928631679,-0.0002792065971636475,-0.0003835388964499643,-0.0002020837088360894
20,12 HY GABA,0.0027615163887007763,0.01585431077035556,0.04591269386887211,-0.00026973046491124533,-0.00029916566207198117,-0.00029916566207198117,-0.00028398603305639547
20,13 CNU-HYa Glut,0.0008669440101921323,0.0057464296534090065,0.014413723961323425,0.0004739102090511563,0.003390892656793295,0.0029169824477421388,0.0008692855856231105
20,14 HY Glut,0.0026114947317220946,0.014140702218181866,0.04341844888131883,0.00033585715402855717,0.0019128570775574147,0.0015769999235288575,0.0014156582961239736
20,16 HY MM Glut,0.0019978983853373156,0.011335680300850411,0.03321685770992733,0.00018755022770633199,0.0008636468869878395,0.0006760966592815076,0.00046432257363146967
20,19 MB Glut,0.0016143392545401342,0.00976843130722348,0.026839842159718397,0.0003098602163988192,0.00043078269713486264,0.00012092248073604345,6.710261847358713e-05
20,20 MB GABA,0.001360999094178296,0.008600659389137816,0.022627834121317296,0.0005040535310239921,0.0021649441448258035,0.0016608906138018114,0.0007770276604273081
20,21 MB Dopa,0.0010106014467632701,0.006221641844096953,0.01680215806016311,0.00030363725285742276,0.0010945564819680013,0.0007909192291105786,0.0002747575670398212
20,22 MB-HB Sero,0.0014795902887049515,0.008521823559111595,0.024599519399784123,0.00027558359744822607,0.0003467104229174114,7.112682546918533e-05,3.617533069714916e-05
20,23 P Glut,0.0016927860352435957,0.010121097015997726,0.02814409044959767,0.0007623132159016009,0.003150500022780349,0.002388186806878748,0.0013896581362689046
20,24 MY Glut,0.0005109868340947836,0.0034065788939652247,0.008495615735185135,4.979269245802937e-05,0.0004869912462224397,0.00043719855376441033,7.679377890763642e-05
20,26 P GABA,0.001716065416333529,0.01063152410504773,0.028531131099369722,0.0008046963250223666,0.0030447748408382225,0.0022400785158158557,0.001321401185161471
20,30 Astro-Epen,0.0004266992842963352,0.002634686454871014,0.007094259405493333,0.0005515196359061793,0.0019952032758935438,0.0014436836399873646,0.00021175397008655955
20,31 OPC-Oligo,0.000569812338127332,0.003356360629477138,0.009473642651621133,0.0010102287978722754,0.0038194076813837415,0.002809178883511466,0.0005502358158589719
20,33 Vascular,0.00063996335700398,0.003218309210109048,0.010639966439323991,0.0007302600640586049,0.002268998822233319,0.0015387387581747142,0.0003384991737780275
20,34 Immune,0.0004166973315118587,0.002086491063270938,0.006927967943974747,0.000720803545910625,0.0019839871722446677,0.0012631836263340428,0.00018093593081058355
21,01 IT-ET Glut,1.1070080560892344e-05,7.380053707261563e-05,0.00014068189764743943,-0.0013809519415179628,-0.0023237085531257534,-0.0023237085531257534,-1.6657103211040835e-06
21,02 NP-CT-L6b Glut,1.345951475653025e-05,8.973009837686833e-05,0.00017104754269374134,-0.002319696918946215,-0.0036660984175233193,-0.0036660984175233193,-3.19521849430304e-06
21,03 OB-CR Glut,7.816329711010472e-05,0.0005210886474006982,0.0009933225782183255,-0.001156896976530719,-0.002591584512320679,-0.002591584512320679,-1.3117023158556288e-05
21,04 DG-IMN Glut,3.259663606022257e-05,0.00021731090706815043,0.0004142478090064968,-0.0005038443672005021,-0.0009666947347852285,-0.0009666947347852285,-2.040465121378918e-06
21,05 OB-IMN GABA,0.00022121980593410763,0.0014747987062273843,0.0028113275169787807,0.0024060464801290414,0.0035123026325058334,0.001106256152376792,1.5846988574315863e-05
21,06 CTX-CGE GABA,3.536695544536445e-05,0.00023577970296909632,0.0004494538570607515,-0.0012632577965021408,-0.0022837672696249755,-0.0022837672696249755,-5.230179071499335e-06
21,07 CTX-MGE GABA,2.146473326099446e-05,0.0001430982217399631,0.0002727802558475146,-0.001114884215448209,-0.001969731055341831,-0.001969731055341831,-2.737785801721136e-06
21,09 CNU-LGE GABA,1.9983220577397488e-05,0.00013322147051598332,0.0002539527491667166,-0.0013862147753065136,-0.0018368314094548337,-0.0018368314094548337,-2.37685023695875e-06
21,11 CNU-HYa GABA,3.0291392436216893e-05,0.00020194261624144593,0.0003849520829473328,-0.0010324220407658404,-0.0015242847579569323,-0.0015242847579569323,-2.9898705344588043e-06
21,12 HY GABA,3.496248277896044e-05,0.0002330832185264029,0.0004443136973353332,-0.0005997586990406521,-0.0007525175999019692,-0.0007525175999019692,-1.7036719220411418e-06
21,13 CNU-HYa Glut,3.069130435749642e-05,0.00020460869571664283,0.0003900342833584292,-0.0006459490379429176,-0.0005787956105060044,-0.0005787956105060044,-1.1502907134067646e-06
21,14 HY Glut,7.763064209724205e-05,0.0005175376139816138,0.0009865534388621344,0.0006437701407562495,0.000669952103162472,2.6181962406222436e-05,1.3161409808683976e-07
21,16 HY MM Glut,1.928145141605995e-05,0.00012854300944039967,0.00024503445658660743,-0.0009450658326143724,-0.001433515341016446,-0.001433515341016446,-1.7898189675370675e-06
21,19 MB Glut,3.01061749993094e-05,0.00020070783332872932,0.00038259828431341927,-0.0003859901783542663,-0.0005139249329714909,-0.0005139249329714909,-1.0018952288230966e-06
21,20 MB GABA,3.279896876549857e-05,0.00021865979176999048,0.0004168191135943717,-0.00027724301739958556,-0.00031427236484977565,-0.00031427236484977565,-6.674725679162948e-07
21,21 MB Dopa,1.3415629876043992e-05,8.943753250695993e-05,0.0001704898404953808,-0.0006376797247196013,-0.0010806886188096281,-0.0010806886188096281,-9.388121132257709e-07
21,22 MB-HB Sero,1.350247800898524e-05,9.001652005990158e-05,0.00017159353256718693,0.0005781990544517547,0.001232469631661063,0.0006542705772093083,5.720551605633055e-07
21,23 P Glut,3.854078063488913e-05,0.0002569385375659275,0.0004897877776684245,-0.000180518145194805,-0.00011808289372240431,-0.00011808289372240431,-2.946961981520579e-07
21,24 MY Glut,7.07988111045724e-06,4.7199207403048274e-05,8.997324854672044e-05,-4.9940952850953684e-05,-7.011767408353817e-05,-7.011767408353817e-05,-3.214552366547351e-08
21,26 P GABA,2.202945098500444e-05,0.00014686300656669622,0.0002799568577350859,-0.000249771555251424,-0.0002856329300302725,-0.0002856329300302725,-4.074543770485491e-07
21,30 Astro-Epen,0.0001023758517397644,0.0006825056782650962,0.0013010229705918246,-0.0012312098909990875,-0.0019725960812026636,-0.0019725960812026636,-1.3076837674660698e-05
21,31 OPC-Oligo,8.963973000178935e-05,0.0005975982000119292,0.0011391685229289157,-0.0014479300360367524,-0.0022976994979528546,-0.0022976994979528546,-1.3337081586760224e-05
21,33 Vascular,0.0003092888911220885,0.002048767618900972,0.003930535815434057,-0.000683470927997526,-0.0006694316072482038,-0.0006694316072482038,-1.3407184134906736e-05
21,34 Immune,0.07740377562901755,0.19949680964688588,0.9836703518704151,-0.017858616111298603,-0.022783458952215393,-0.022783458952215393,-0.11419546120920761
22,01 IT-ET Glut,0.0005678062303234761,0.003746702728609957,0.004474570790439065,-0.0002148647907096778,-0.0002940278612545638,-0.0002940278612545638,-6.431351707777259e-06
22,02 NP-CT-L6b Glut,0.0005439619756008259,0.0035600551209094586,0.00428666724165099,-0.00034630360222049684,-0.0003136858263106389,-0.0003136858263106389,-6.573203230850825e-06
22,03 OB-CR Glut,0.001180503189786119,0.007283572196533351,0.009302900899885943,-0.0016148229697851178,-8.83961273711014e-05,-8.83961273711014e-05,-4.01988867155158e-06
22,04 DG-IMN Glut,0.001468152843460768,0.0076819782169244575,0.011569710718931496,0.0005357267019730209,0.0020320436978496664,0.0014963169958766456,8.462691342686258e-05
22,05 OB-IMN GABA,0.00044125728976125456,0.0029338288691689324,0.003477307705322624,0.0002296287079361027,0.0005336912706956588,0.0003040625627595561,5.168546960827256e-06
22,06 CTX-CGE GABA,0.08282460871615081,0.30526912089631936,0.6526955061407159,0.013018674331264624,0.022370908889241092,0.009352234557976468,0.029839284500748214
22,07 CTX-MGE GABA,0.0061931873069245025,0.02746067149185034,0.048805126719893614,0.00015046916857360237,0.0018922972532188055,0.0017418280846452031,0.0004155594143196269
22,09 CNU-LGE GABA,0.0009401336298892453,0.005937144731331329,0.007408679677599409,-0.0008409664296075808,-0.0026952087544471564,-0.0026952087544471564,-9.761029351691002e-05
22,11 CNU-HYa GABA,0.004031123817936126,0.018842261198415224,0.03176708518697355,-0.00027248528935423723,-0.0010671355894415187,-0.0010671355894415187,-0.00016571406233223754
22,12 HY GABA,0.0022850220947350287,0.013321604483349698,0.018007011150237652,-0.00035735303368709443,-0.0006731965474937235,-0.0006731965474937235,-5.925785208680643e-05
22,13 CNU-HYa Glut,0.0006656918148843962,0.004429752965362481,0.0052459536215711255,-0.0010174055521008764,-0.004183141006321112,-0.004183141006321112,-0.00010727273241875463
22,14 HY Glut,0.0021355000482315223,0.01245979240116667,0.016828709564096007,-7.72634058619813e-05,0.0021046398097310896,0.0021046398097310896,0.00017313743861023469
22,16 HY MM Glut,0.0007868778776434836,0.005185242411794571,0.0062009547956885834,-0.00013071638347793735,0.0007651008718449163,0.0007651008718449163,2.3192077538718763e-05
22,19 MB Glut,0.0030924036416176202,0.016125799331884533,0.024369544164999087,-0.00028472208307166435,-0.001280158485312378,-0.001280158485312378,-0.00015250129690411084
22,20 MB GABA,0.0026029909799374037,0.012605241906605964,0.020512750273925098,-0.00030594763338105744,-0.00023399317799469932,-0.00023399317799469932,-2.3463320925862733e-05
22,21 MB Dopa,0.00185477680868172,0.009935767008954731,0.014616483031866214,8.784028934536596e-05,0.0004920839526264239,0.0004042436632810579,2.8883412299866023e-05
22,22 MB-HB Sero,0.00349351693765681,0.01417347784470632,0.02753049898067838,-0.0023193553950003097,-0.007300638041694561,-0.007300638041694561,-0.0009825107075536607
22,23 P Glut,0.0024042605371427748,0.013286480667925728,0.018946664192070597,4.95746322548033e-06,0.0003985028637040588,0.0003935454004785785,3.6449367031423825e-05
22,24 MY Glut,0.0040078536860670795,0.018497956809028358,0.031583705986834125,-5.5001684931858786e-05,4.409304566812332e-05,4.409304566812332e-05,6.807624277702918e-06
22,26 P GABA,0.0038740567164525226,0.018883847919215904,0.030529325143310283,0.0001651092069552344,0.00017389265846531893,8.783451510084529e-06,1.3108252679319445e-06
22,30 Astro-Epen,0.00037225079112511477,0.002472580276399597,0.0029335051778797017,-0.00033703329285271147,-0.0008543383014137891,-0.0008543383014137891,-1.2251214059782041e-05
22,31 OPC-Oligo,0.0006245002887985812,0.003996542473539408,0.0049213457014850885,-0.0001070698374423462,0.0010629510312754077,0.0010629510312754077,2.55716954190871e-05
22,33 Vascular,0.00032102346487362243,0.002138876683803071,0.0025298105977997433,-0.00011774779995032066,-0.000532075455670726,-0.000532075455670726,-6.5799656328870285e-06
22,34 Immune,0.00018478409555584805,0.0012318939703723207,0.0014561825361459283,-7.816685265048006e-05,-0.0003791849418497584,-0.0003791849418497584,-2.6991641233322943e-06
23,01 IT-ET Glut,0.020430297922558814,0.07010649237867565,0.30141454492962055,0.007078552979733235,0.016192817625572467,0.009114264645839233,0.08654355768307156
23,02 NP-CT-L6b Glut,0.0028855939182612115,0.01527888556972956,0.04257206532284624,0.00028234143466005055,0.0008424902964251883,0.0005601488617651378,0.0007512371937877121
23,03 OB-CR Glut,0.0016575168335305223,0.009247159818392874,0.024453861807866142,0.0011614103276803595,0.00351379599745681,0.0023523856697764507,0.0018121948120920247
23,04 DG-IMN Glut,0.0018190951919343078,0.009947511960176764,0.026837677626576063,-0.00046517276900053125,-0.002198184303967812,-0.002198184303967812,-0.0018584801993552264
23,05 OB-IMN GABA,0.0003475574282756972,0.002252177355385673,0.005127622929323777,-0.0012996262449542135,-0.005820883118379324,-0.005820883118379324,-0.0009402727799035706
23,06 CTX-CGE GABA,0.0016941486515759585,0.009992615029883783,0.024994302422484793,0.0007741035101911263,0.001751896882920391,0.0009777933727292648,0.0007699047760810898
23,07 CTX-MGE GABA,0.002819434350294004,0.014582281400636034,0.04159599262203863,0.0013729639804771594,0.004157579491398545,0.0027846155109213858,0.003648930860478606
23,09 CNU-LGE GABA,0.001527626791233677,0.00918630096105358,0.022537553580830295,0.0004611301914564568,0.0007508990174686758,0.000289768826012219,0.00020573460047189137
23,11 CNU-HYa GABA,0.0030127232102815527,0.016340528169664036,0.04444764334166824,0.0006874835423298214,0.0014001894796451307,0.0007127059373153094,0.000997948247916984
23,12 HY GABA,0.002442567517061566,0.014966021154892865,0.036035958917762845,-0.00026521816075903657,-0.001966213632175109,-0.001966213632175109,-0.002232110497932696
23,13 CNU-HYa Glut,0.0008729192471481827,0.005567041713363575,0.012878449381247343,0.0005348952562258367,0.0023973906117351674,0.0018624953555093308,0.0007556273655358729
23,14 HY Glut,0.0026567245288929378,0.015145188561259518,0.03919548397752055,0.0008668943751820519,0.004487271780448524,0.0036203774052664716,0.004470321737483797
23,16 HY MM Glut,0.0038448913296627125,0.01822045583990787,0.05672487864968842,-0.0006375392904357268,-0.0019829909419067093,-0.0019829909419067093,-0.003543587898917027
23,19 MB Glut,0.0036737334289855,0.020547002614431223,0.05419973286183542,3.830346338253643e-05,-0.0014921349735206755,-0.001530438436903212,-0.002613135406979045
23,20 MB GABA,0.0022492855351111123,0.013391039050514924,0.033184409671955545,0.00024398094278223648,0.0008626794326728775,0.0006186984898906411,0.0006467881527275996
23,21 MB Dopa,0.0017529325192365925,0.011163520335025932,0.02586155912071281,4.436620648263375e-05,0.0001177995216260545,7.343331514342074e-05,5.982693343070419e-05
23,22 MB-HB Sero,0.0014147934846188,0.008987323521729594,0.0208728886848439,1.690820063207483e-05,-0.000514984081487849,-0.0005318922821199238,-0.0003497479275439523
23,23 P Glut,0.0035183556447825892,0.019132513407224497,0.05190739604446671,8.404051312755759e-05,-0.0008004794294057549,-0.0008845199425333124,-0.0014463912170068816
23,24 MY Glut,0.005176421758941653,0.023369198070032012,0.07636936156042942,-0.0006762807045677541,-0.0009474802243611605,-0.0009474802243611605,-0.0022794927656461083
23,26 P GABA,0.002545193658019684,0.015009426090117227,0.037550034321461125,0.0003118512140147853,0.0008152839391393161,0.0005034327251245308,0.0005955259428142703
23,30 Astro-Epen,0.0003338369432750551,0.0021986955893420496,0.004925200343106088,-0.00046743375141417243,-0.0015866399167617428,-0.0015866399167617428,-0.0002461791008891547
23,31 OPC-Oligo,0.0005382348454299113,0.0033844056953517485,0.007940746219926022,-0.00010116061246214953,0.0003147215995350528,0.0003147215995350528,7.872936895275838e-05
23,33 Vascular,0.00033141834970593656,0.0021468113406152237,0.004889518079305098,-0.000476630028754392,-0.0016253286125683913,-0.0016253286125683913,-0.00025035492608469715
23,34 Immune,0.0002360905639973971,0.0015048580883621997,0.0034831175824840957,-0.0003886533914165043,-0.0016348881234907091,-0.0016348881234907091,-0.00017939282894081498
24,01 IT-ET Glut,3.1131811557046694e-05,0.00020754541038031136,0.0008251779333529201,-0.000136463374496075,-0.00032675438147113594,-0.00032675438147113594,-2.068234198169325e-06
24,02 NP-CT-L6b Glut,3.019520873733872e-05,0.00020130139158225813,0.0008003523950856422,-0.0003466475145574837,-0.0008791370520779949,-0.0008791370520779949,-5.397200134950566e-06
24,03 OB-CR Glut,0.0005420009728440952,0.003561164194058778,0.014366245338059297,-6.515124233757126e-05,0.001007004778195992,0.001007004778195992,0.00011096997788213005
24,04 DG-IMN Glut,4.340808581851908e-05,0.0002893872387901272,0.0011505721239798538,0.00034247825318213494,0.0006851023847954155,0.0003426241316132806,3.023865603979581e-06
24,05 OB-IMN GABA,0.0003230461253075929,0.0021536408353839526,0.008562641257496936,0.0006903086906798367,0.0007195574995704997,2.924880889066295e-05,1.9210851874225384e-06
24,06 CTX-CGE GABA,7.158626756369273e-05,0.0004772417837579516,0.0018974613223651715,-0.00024480373233394976,-0.0003316617145726188,-0.0003316617145726188,-4.8272407945735765e-06
24,07 CTX-MGE GABA,8.404297498881221e-05,0.0005602864999254149,0.0022276380636256847,1.5693422208077826e-05,0.0001327906625131054,0.00011709724030502757,2.0008843133563077e-06
24,09 CNU-LGE GABA,8.17701894707659e-05,0.0005451345964717728,0.0021673957467499296,3.599006268548152e-05,0.00043265705443238896,0.0003966669917469074,6.594698861000491e-06
24,11 CNU-HYa GABA,0.00010554420036010216,0.000703628002400681,0.002797548256096332,-0.0004870332325532629,-0.0011749731475087597,-0.0011749731475087597,-2.5213678887044038e-05
24,12 HY GABA,0.00015779209698612976,0.0010519473132408652,0.004182427876124215,-0.0006719391442959088,-0.0015554881808401407,-0.0015554881808401407,-4.990290930931365e-05
24,13 CNU-HYa Glut,7.137809113534426e-05,0.00047585394090229503,0.0018919434104183318,-0.0006052615678247794,-0.0011679905000418554,-0.0011679905000418554,-1.6950329385330496e-05
24,14 HY Glut,9.976531188787726e-05,0.000665102079252515,0.002644373384218111,8.5075751384967e-05,0.00039682387118187613,0.00031174811979690914,6.323496894284622e-06
24,16 HY MM Glut,8.092857692143208e-05,0.0005395238461428805,0.002145088014902376,-1.8067788718285159e-06,0.0004594002448593991,0.0004594002448593991,7.559046695001148e-06
24,19 MB Glut,5.5566194183710726e-05,0.0003704412945580715,0.0014728342164342459,4.554773635171495e-05,0.0001098797394021911,6.433200305047614e-05,7.267944935862501e-07
24,20 MB GABA,0.00011582763673601965,0.0007721842449067976,0.0030701204050346135,0.00016209523271481398,0.000474846234331545,0.00031275100161673106,7.365204448354949e-06
24,21 MB Dopa,0.00020683383860744574,0.0013594168738181815,0.0054823253435411215,0.00019445806463213458,0.0004982905714618552,0.00030383250682972064,1.2777024603662987e-05
24,22 MB-HB Sero,8.461819120090786e-05,0.0005641212746727189,0.0022428847101068385,0.00010403177462240819,0.00015831944651889787,5.4287671896489676e-05,9.339827544926732e-07
24,23 P Glut,8.510542909696463e-05,0.0005673695273130977,0.0022557994086100917,0.00016331941482744744,0.00041207662431850525,0.0002487572094910578,4.3043427283092666e-06
24,24 MY Glut,4.555496088826857e-05,0.0003036997392551238,0.0012074770660509746,0.00031895480585858113,0.0009392772861876,0.0006203224803290188,5.745490361515461e-06
24,26 P GABA,0.00010205858290476716,0.0006803905526984479,0.0027051586884998024,0.00015185379329889378,0.0003160703445228965,0.0001642165512240027,3.4075352960726e-06
24,30 Astro-Epen,0.00023760068774330667,0.0015810480751044002,0.006297829604807415,-0.00031494073217913377,-0.0009380741424422567,-0.0009380741424422567,-4.531675049220394e-05
24,31 OPC-Oligo,0.0001875459202142264,0.0012503061347615095,0.0049710809333264536,-0.00024010826952250503,-0.0002842403268346223,-0.0002842403268346223,-1.0838450965708045e-05
24,33 Vascular,0.03434410505982416,0.14302737972923263,0.9103227926261329,-0.0055467031315447335,-0.014950920985080893,-0.014950920985080893,-0.10439845039654408
24,34 Immune,0.0005399858221717891,0.003586136178133141,0.014312831874980824,-0.0001145537398417932,-0.0005172004173417858,-0.0005172004173417858,-5.678258059101797e-05
25,01 IT-ET Glut,0.0024568790292123694,0.0139886930485308,0.023132001169058163,-0.0017413424566467448,-0.006189542314257342,-0.006189542314257342,-0.003917212214093849
25,02 NP-CT-L6b Glut,0.0016999594182158185,0.010132761350376518,0.016005453578284697,-0.001413280504859668,-0.005305708225593797,-0.005305708225593797,-0.002323361067249131
25,03 OB-CR Glut,0.017243923139196843,0.06749524378479847,0.1623549411559454,-0.011426795826180777,-0.040819383056095684,-0.040819383056095684,-0.18131649083753618
25,04 DG-IMN Glut,0.003842799386886442,0.01716529641792006,0.0361807149855523,-0.0024619898308805388,-0.005150532325860708,-0.005150532325860708,-0.005098408391468881
25,05 OB-IMN GABA,0.02240260239530506,0.0737382851397172,0.21092492492976864,0.020551762502363843,0.04265914614333606,0.022107383640972218,0.1275764782182812
25,06 CTX-CGE GABA,0.003125313722523196,0.015101300222886919,0.029425445788536227,-0.0025604430923256063,-0.00976299598427138,-0.00976299598427138,-0.007859800446357633
25,07 CTX-MGE GABA,0.003524842076824569,0.01727426173755792,0.03318708413087416,-0.0013177923545649357,-0.006343985415349875,-0.006343985415349875,-0.0057601876313112
25,09 CNU-LGE GABA,0.0025866893443056266,0.01471289076859866,0.02435419091661593,-0.0013704623431927366,-0.005824931035574624,-0.005824931035574624,-0.0038812342237143213
25,11 CNU-HYa GABA,0.002918849215293649,0.015029288596703222,0.027481541686699362,-0.0011440811022728134,-0.0050483118962682035,-0.0050483118962682035,-0.0037957065512160596
25,12 HY GABA,0.0048418329800038185,0.02115515407871427,0.04558681352322758,0.00012812352412206978,0.001161412725727478,0.0010332892016054083,0.0012887434927112407
25,13 CNU-HYa Glut,0.002016617983648425,0.011893561223705698,0.01898685649584209,0.0005299908596688236,0.0023155061864997065,0.0017855153268308828,0.0009275172782343525
25,14 HY Glut,0.003486756489935406,0.015749354137658572,0.03282850081034054,-0.0003838590960629307,-0.00019837947495612802,-0.00019837947495612802,-0.0001781776163717735
25,16 HY MM Glut,0.0033567824524135237,0.014381765884557472,0.03160476958379039,0.0015163862811523954,0.008666366897140924,0.007149980615988529,0.006182481862459787
25,19 MB Glut,0.0031168064215210496,0.014966327467088477,0.029345347869840464,-0.0019391231358356679,-0.011405906566747991,-0.011405906566747991,-0.009157447340262933
25,20 MB GABA,0.0029805333051116105,0.014841705814240313,0.028062309571815304,-0.001192960351669833,-0.007098104219795066,-0.007098104219795066,-0.005449681749510594
25,21 MB Dopa,0.004440434119667923,0.019604258934304283,0.041807563997244536,-0.00203381493366017,-0.013498507999893218,-0.013498507999893218,-0.015439953555217153
25,22 MB-HB Sero,0.004712312939780906,0.021378630067238436,0.044367356770888676,-0.0047507553762500005,-0.0234665434773064,-0.0234665434773064,-0.028485119034754768
25,23 P Glut,0.0036842053307629997,0.016603195413781625,0.03468752063286607,-0.0008035403940842363,-0.007948129410892365,-0.007948129410892365,-0.00754299025352473
25,24 MY Glut,0.0020510305522450398,0.012375433755101261,0.019310857623916506,-0.0018964414638219268,-0.011282056825328755,-0.011282056825328755,-0.005960671703765748
25,26 P GABA,0.003663324612664799,0.017641906804580422,0.03449092454908852,-0.002338504326939274,-0.01402828200902673,-0.01402828200902673,-0.01323776545418926
25,30 Astro-Epen,0.0015788515520375153,0.009477925459527525,0.014865199105553596,-0.0015553107972576953,-0.00634561712708606,-0.00634561712708606,-0.00258077387283649
25,31 OPC-Oligo,0.0014555554991018806,0.008423677934198091,0.013704342422446293,-0.0008183804085815738,-0.0031104039098115116,-0.0031104039098115116,-0.0011662196342048493
25,33 Vascular,0.002950464663185057,0.016226423808192544,0.027779207371044758,-0.0009432366652605057,-0.0031432145246001984,-0.0031432145246001984,-0.0023889069313774007
25,34 Immune,0.0020738950442541074,0.011641306496343604,0.019526131330759627,-0.0009365196246195837,-0.0027935838851078985,-0.0027935838851078985,-0.0014923932665596247
26,01 IT-ET Glut,0.020404991700758022,0.08929614611508907,0.19049775539930935,-0.005227623283535794,-0.02171487451774235,-0.02171487451774235,-0.0909261278905504
26,02 NP-CT-L6b Glut,0.018562736040733052,0.07482674181233423,0.17329874972201753,-0.0043688405998484146,-0.011706125472054987,-0.011706125472054987,-0.04459129799729388
26,03 OB-CR Glut,0.0019583198820208036,0.010693365843483682,0.018282562784132123,0.0015132426846377028,0.006399133105260876,0.004885890420623173,0.001963461120793543
26,04 DG-IMN Glut,0.0036754930625996053,0.022798125861110956,0.03431381833813475,-9.09371813855392e-05,-5.379817449434452e-06,-5.379817449434452e-06,-4.057682827506218e-06
26,05 OB-IMN GABA,0.0006974525355814739,0.004622834356613566,0.0065113058840838445,0.00011646314570847949,0.003590056011829476,0.0034735928661209967,0.0004971512343869771
26,06 CTX-CGE GABA,0.00663263814172417,0.028758047375758218,0.06192125421581834,-0.001601168235828903,-0.007037422072223425,-0.007037422072223425,-0.009578441546379822
26,07 CTX-MGE GABA,0.0056462884492330286,0.025615506097614246,0.05271285044805883,-0.00044726627587307735,-0.00306985115149115,-0.00306985115149115,-0.0035569300920343864
26,09 CNU-LGE GABA,0.009675878033770261,0.05210941997424459,0.09033245756636323,-0.0015694242465213912,-0.010215767397128784,-0.010215767397128784,-0.02028412749772574
26,11 CNU-HYa GABA,0.004543426914084787,0.02581662350710072,0.04241671065819693,-0.004041553488977453,-0.01981890449811223,-0.01981890449811223,-0.018478135253941347
26,12 HY GABA,0.003311195472334639,0.020338439547409923,0.030912794007393402,-0.002058307338013884,-0.012492921470810816,-0.012492921470810816,-0.008488750714064217
26,13 CNU-HYa Glut,0.0020248139300585847,0.011766949853596267,0.018903340635178276,0.00031199448676024437,0.0005659703850013261,0.00025397589824108176,0.00010552918287193356
26,14 HY Glut,0.005308791237970006,0.02751315734001656,0.04956203019083991,-0.0049412874479791485,-0.022692116654391976,-0.022692116654391976,-0.024720975571573243
26,16 HY MM Glut,0.0022594746558543917,0.012613280446226768,0.02109409582881128,-0.0024271532327964987,-0.01203584739039143,-0.01203584739039143,-0.005580576900730958
26,19 MB Glut,0.0033461362995260567,0.019353568403226773,0.031238996009794264,-0.0014529004413508977,-0.00682025902183631,-0.00682025902183631,-0.004683164860383183
26,20 MB GABA,0.002110859883591029,0.01196565421336729,0.01970665196455828,0.00015558557672224024,0.0009466283206909179,0.0007910427439686776,0.0003426528180747791
26,21 MB Dopa,0.0020992966082341302,0.011622467775439916,0.019598699065931445,0.0014038540710759875,0.004776531708605675,0.003372677637529687,0.0014529263079790067
26,22 MB-HB Sero,0.0027222425131051375,0.014977865400107123,0.02541442290220775,0.0007484395907765727,0.005487210829254173,0.004738771238477601,0.0026472045849133172
26,23 P Glut,0.0034601490560274358,0.017997979134159507,0.03230340096123533,-0.001116267911735847,-0.005236428741644151,-0.005236428741644151,-0.003718133302590834
26,24 MY Glut,0.00463440735124212,0.019127250692675853,0.04326608954145695,-0.0007130593048587999,-0.005308216751827983,-0.005308216751827983,-0.005048214535883432
26,26 P GABA,0.001595083810025147,0.009389556522338567,0.014891448619029864,-4.8495775160477374e-05,0.000390430832945133,0.000390430832945133,0.00012779756077521413
26,30 Astro-Epen,0.0004258260582451044,0.002758860094275775,0.00397544431655978,0.00033334336569684287,0.001953120107772333,0.00161977674207549,0.00014154102735643598
26,31 OPC-Oligo,0.0005404134015197312,0.0034104727193500005,0.00504521351867985,0.0006915195064264775,0.004003096067700218,0.0033115765612737407,0.0003672449739955933
26,33 Vascular,0.0009247351205198188,0.005833733001723044,0.008633179928781405,0.0004909728657064201,0.002647775857539223,0.0021568029918328027,0.00040928212692510364
26,34 Immune,0.0005534292590611803,0.003535122477461219,0.005166727493427074,0.0005962851866160279,0.0031685494154780444,0.0025722642288620165,0.0002921276362655787
27,01 IT-ET Glut,9.693517034948325e-05,0.0006462344689965549,0.002745997429346506,5.5155553843127016e-05,0.0010555078103847777,0.0010003522565416507,3.720828950254455e-05
27,02 NP-CT-L6b Glut,9.504582761020837e-05,0.0006336388507347223,0.002692475778881578,-0.00013509721104519178,0.0006213262494750833,0.0006213262494750833,2.2659907364667568e-05
27,03 OB-CR Glut,0.0012121054047291248,0.00779590230397307,0.034336746028124414,-0.0027818573647499386,-0.009534124414252537,-0.009534124414252537,-0.004434315341260416
27,04 DG-IMN Glut,0.00021917142470102074,0.0014611428313401383,0.006208728644571083,-0.00030739046014162234,0.0004540093905385736,0.0004540093905385736,3.818160127404183e-05
27,05 OB-IMN GABA,0.0030532137496772026,0.01890059699141783,0.0864920036518376,0.0025425309622605463,0.010327680216057736,0.00778514925379719,0.009120728417667201
27,06 CTX-CGE GABA,0.0002806592940188462,0.0018173924647309021,0.007950568375950302,-0.0007072718384066077,-0.001845110808568341,-0.001845110808568341,-0.00019870429430054423
27,07 CTX-MGE GABA,0.00023478703403360338,0.0015591725549670304,0.006651090513130794,-0.00039400925009839963,-0.0009433834934991634,-0.0009433834934991634,-8.49899853285278e-05
27,09 CNU-LGE GABA,9.655029628142499e-05,0.0006436686418761667,0.002735094645581854,-0.0004540050536214978,-0.001484658048357947,-0.001484658048357947,-5.500287863655815e-05
27,11 CNU-HYa GABA,0.0001072531897506312,0.0007150212650042077,0.003038288190783752,0.0007026857353956803,0.002898413161533575,0.0021957274261378947,9.036370212227588e-05
27,12 HY GABA,0.00017686603640631419,0.0011791069093754281,0.0050102937825294005,0.0011596834279746292,0.004150388568610463,0.002990705140635834,0.00020296605575329899
27,13 CNU-HYa Glut,0.00011689970775695684,0.0007793313850463789,0.0033115565365452776,0.0009797648992390855,0.0033031005097499747,0.0023233356105108894,0.00010421512315737928
27,14 HY Glut,0.00014594316925224912,0.0009729544616816608,0.004134305084031809,0.0003176123071857178,0.0016177856625719184,0.0013001733553862007,7.280989526902601e-05
27,16 HY MM Glut,7.471792499271417e-05,0.0004981194999514278,0.0021166231948257152,8.589697469218995e-06,0.0011313872073306528,0.001122797509861434,3.219078851584724e-05
27,19 MB Glut,7.408762394975463e-05,0.0004939174929983642,0.0020987679103356663,-0.00019046562080266574,-0.0002845709082858663,-0.0002845709082858663,-8.08986991980561e-06
27,20 MB GABA,0.00022638035863576625,0.0014785732821026235,0.006412944658034204,-0.00048756936468499594,-0.0018776450628023684,-0.0018776450628023684,-0.00016310137219226458
27,21 MB Dopa,0.00017194014629601687,0.0011462676419734458,0.004870752256668845,-0.00022094764027953486,-0.0007335384179677283,-0.0007335384179677283,-4.839556091808117e-05
27,22 MB-HB Sero,0.00020670901465519762,0.0013774751744377266,0.005855691188445389,-0.0008449155809834377,-0.002159772852739486,-0.002159772852739486,-0.00017130611516844293
27,23 P Glut,8.287774114682173e-05,0.0005525182743121449,0.002347775975620708,-0.000569779643307867,-0.001445845416265207,-0.001445845416265207,-4.5979594818045596e-05
27,24 MY Glut,3.86692583854738e-05,0.0002577950559031587,0.0010954299016385123,-0.0001541675252197468,-0.0002602273431695045,-0.0002602273431695045,-3.861216402685056e-06
27,26 P GABA,0.00018539873213538417,0.001235991547569228,0.0052520095648708,-0.0005486380894334266,-0.0014876024472624846,-0.0014876024472624846,-0.00010582761668498845
27,30 Astro-Epen,0.025128229746464,0.09986157932725247,0.7118371385642939,-0.0006020513060568336,0.0019434721013170918,0.0019434721013170918,0.01873896398126372
27,31 OPC-Oligo,0.0008214771770052314,0.005366819485820868,0.02327095736449815,-0.00017179002581628588,-5.925216963622653e-05,-5.925216963622653e-05,-1.8676914520037307e-05
27,33 Vascular,0.0016553420340867412,0.010806420211566675,0.046892835220726875,0.0004431263901490118,0.0011063131785737834,0.0006631867884247716,0.0004212393953694148
27,34 Immune,0.0007992720188595091,0.005314274720990453,0.022641925538726862,0.0005281529062272421,0.0013249546580748007,0.0007968017518475587,0.0002443713348902249
28,01 IT-ET Glut,0.000983984109624926,0.006336589861478257,0.008081765839774997,0.00039453730164626106,0.0014438779954652743,0.0010493406938190133,4.653109194387685e-05
28,02 NP-CT-L6b Glut,0.0008428834171409047,0.0054560792291361935,0.00692286220979602,4.649906985359281e-05,0.0002431161063517249,0.0001966170364981321,7.468395342493699e-06
28,03 OB-CR Glut,0.0012810619048904742,0.00779225618537558,0.010521757658797315,7.291139489145877e-05,0.001120837028455678,0.0010479256335642192,6.049775021690031e-05
28,04 DG-IMN Glut,0.0023646779599571853,0.010508651698775379,0.019421831482761887,-0.0008551861173332361,-0.004555922407797824,-0.004555922407797824,-0.00048549746476158386
28,05 OB-IMN GABA,0.0003871868564967248,0.0024887488236289166,0.00318008540975104,0.0007968482270276148,0.0019144657414483968,0.001117617514420782,1.950080094364213e-05
28,06 CTX-CGE GABA,0.0008367222680842028,0.005415192879711453,0.006872258786942783,0.00041389594286100423,0.0013049976759004485,0.0008911017330394443,3.360061754881127e-05
28,07 CTX-MGE GABA,0.001028810251412955,0.005831089134739462,0.008449936807057686,0.0007303754870069862,0.0022461424812487865,0.0015157669942418004,7.027589301763442e-05
28,09 CNU-LGE GABA,0.08945210059286528,0.24411973456006236,0.7346977698075852,0.018505929073105727,0.021451654212566753,0.002945725139461026,0.011874666150235623
28,11 CNU-HYa GABA,0.0011654405673134772,0.0074629360948533195,0.00957212385146373,0.0004382932017872583,0.0019679225427081683,0.00152962934092091,8.033688357564934e-05
28,12 HY GABA,0.004092877124838855,0.020744068888218246,0.033616065757939614,0.00039576613554261324,0.002802282432955226,0.002406516297412613,0.00044387037244655436
28,13 CNU-HYa Glut,0.0008174798898093219,0.005268886077980518,0.006714215182481285,-0.00011586135560879882,0.001500190438828609,0.001500190438828609,5.526651947617042e-05
28,14 HY Glut,0.00271509160284755,0.014645582318797694,0.022299887115166304,-0.0008966742185866588,-0.004390541296785808,-0.004390541296785808,-0.000537206423359932
28,16 HY MM Glut,0.0008135339103747972,0.005309961982175263,0.006681805632889522,0.00020850969092038807,-0.0007224149387905836,-0.0009309246297109716,-3.41294134740041e-05
28,19 MB Glut,0.002361828113846699,0.012954014063756902,0.019398424815195756,0.000172548031363423,-9.197063055161236e-05,-0.00026451866191503536,-2.8154203727751742e-05
28,20 MB GABA,0.0018413894317692858,0.011095508166319407,0.015123900947006443,0.0002603662473012967,0.0007710081336895213,0.0005106418863882246,4.237412329824628e-05
28,21 MB Dopa,0.001368214391473212,0.008395795765965148,0.011237567987466444,-4.009664657741681e-05,-0.0005757607577600845,-0.0005757607577600845,-3.550053183983369e-05
28,22 MB-HB Sero,0.0016237924814588541,0.008622119105355387,0.013336709891117956,-0.0003903211913214494,-0.0005390388311408903,-0.0005390388311408903,-3.9444751282602404e-05
28,23 P Glut,0.002025920356680838,0.01153423430619729,0.016639510508933957,7.086280364110492e-05,-1.5332790442911813e-05,-8.619559408401673e-05,-7.869480788271876e-06
28,24 MY Glut,0.0005075409618658485,0.003315373159910951,0.004168590902811926,0.0003679979701843042,0.0025813182820703237,0.0022133203118860196,5.062371492715866e-05
28,26 P GABA,0.0028711439335007494,0.015431462588083589,0.023581593173987756,0.0008628867528820079,0.003113156465785227,0.002250269712903219,0.00029115763528412354
28,30 Astro-Epen,0.0005548873030899431,0.0034305637775431195,0.004557461047563627,0.0002399358143979918,0.0002814347019081221,4.149888751013033e-05,1.037719280177024e-06
28,31 OPC-Oligo,0.0005706381227731916,0.003442857101395693,0.00468682740136893,0.0005682628319176947,0.001879971346861886,0.0013117085149441914,3.373158619698941e-05
28,33 Vascular,0.0007595295498586391,0.003974295289559937,0.00623825111635902,-5.71187029397066e-06,-0.0008552448418301512,-0.0008552448418301512,-2.927344147252302e-05
28,34 Immune,0.0004868679017380513,0.002620535453174651,0.003998796665780871,-0.0001210342703770962,-0.001321141230450244,-0.001321141230450244,-2.8986717201430514e-05
29,01 IT-ET Glut,3.354043459874465e-05,0.0002236028973249643,0.0016190395603499054,0.0004500671748009881,0.0012934895490416087,0.0008434223742406206,2.8286067535310697e-05
29,02 NP-CT-L6b Glut,3.71038750273316e-05,0.0002473591668488774,0.0017910513751594973,0.00025737679752418647,0.0008630078235303976,0.0006056310260062111,2.2469124708508885e-05
29,03 OB-CR Glut,0.00031167048078321885,0.0020778032052214588,0.015044731656523995,0.006383334838891718,0.010638931668022709,0.004255596829130991,0.001326218000128859
29,04 DG-IMN Glut,6.299049042729732e-05,0.0004199366028486488,0.0030406313200084007,0.00037246943987948717,0.0009574173325978709,0.0005849478927183837,3.684265683688077e-05
29,05 OB-IMN GABA,0.00015804612041650195,0.0010536408027766796,0.007629087827136227,0.0003282680414480882,0.00026783117927819435,-6.043686216989383e-05,-9.550904844074264e-06
29,06 CTX-CGE GABA,8.187205385371457e-05,0.0005458136923580973,0.003952068470848707,0.002815046431932934,0.005067260307546102,0.0022522138756131678,0.00018437587127912935
29,07 CTX-MGE GABA,1.664095710860298e-05,0.00011093971405735323,0.0008032802258895776,0.0011049509779885909,0.0022684363982343457,0.0011634854202457548,1.9359672989497865e-05
29,09 CNU-LGE GABA,5.134741823581149e-05,0.0003423161215720766,0.002478605374085477,0.001152095828890798,0.0023061734180388344,0.0011540775891480364,5.9253279207742027e-05
29,11 CNU-HYa GABA,0.0005410092669515987,0.0034785285885008074,0.026115207396368224,0.0016701235227770431,0.005037464181188237,0.0033673406584111944,0.0018215895615457636
29,12 HY GABA,0.00011308290899918124,0.0007538860599945415,0.005458656259509986,0.00183667814177097,0.0050677321077230875,0.0032310539659521176,0.00036534229642182843
29,13 CNU-HYa Glut,3.837895681137456e-05,0.0002558597120758304,0.0018526011992969686,0.002378438000830766,0.006790177137409863,0.004411739136579097,0.0001693018724589387
29,14 HY Glut,7.707982587228915e-05,0.0005138655058152611,0.0037207415134921694,0.001618729294143518,0.003138838819800985,0.001520109525657467,0.00011715865463529635
29,16 HY MM Glut,7.233708161314342e-05,0.00048224721075428945,0.0034918031985286912,0.00042175424243405746,0.0010961633969706016,0.0006744091545365441,4.8780158919649674e-05
29,19 MB Glut,5.781454728911237e-05,0.0003854303152607492,0.002790781942589877,4.846107304557175e-06,-8.497919151102519e-05,-8.982529881558237e-05,-5.1927159955917075e-06
29,20 MB GABA,7.793362175406792e-05,0.0005195574783604526,0.003761955329759041,1.169411053856951e-05,8.677658945692843e-05,7.508247891835892e-05,5.850894035167535e-06
29,21 MB Dopa,3.7956857123989264e-05,0.00025304571415992843,0.0018322259089805545,4.7396658537727027e-05,0.00020430696223521392,0.00015691030369748688,5.955256593451266e-06
29,22 MB-HB Sero,0.00018023101199685958,0.001201540079979064,0.008699980841504529,-6.011013051794244e-05,-0.0004343171712373877,-0.0004343171712373877,-7.826999243582087e-05
29,23 P Glut,6.409157176050932e-05,0.00042727714507006213,0.003093781920439195,9.927312555553878e-05,0.00018924704209649125,8.997391654095247e-05,5.766022308969894e-06
29,24 MY Glut,0.00041060800076740754,0.0027372344806140484,0.019820571945227534,-4.9764950870140025e-05,-0.0004625071525669839,-0.0004625071525669839,-0.00018989110921059486
29,26 P GABA,9.720084359733057e-05,0.0006480056239822038,0.00469200870430439,0.00010479276372725624,0.00017683157172925312,7.203880800199688e-05,7.001568188633461e-06
29,30 Astro-Epen,0.01732418731098133,0.05736289331498149,0.8362606192479218,0.00018327377000298956,-0.0007893763984169853,-0.0009726501684199748,-0.016848774102348137
29,31 OPC-Oligo,0.00035336802370742346,0.0023551225310129553,0.01705752524048675,0.0007858359721002737,0.0025700839627250207,0.001784247990624747,0.0006304363333437927
29,33 Vascular,0.0003567414463707392,0.002377867825551812,0.017220364655390858,0.0009362921330868279,0.0029177746618938185,0.0019814825288069905,0.0007068098395640738
29,34 Immune,0.00016102078925311344,0.0010734719283540897,0.007772678886197646,0.00046820678638696215,0.001689256195948817,0.0012210494095618548,0.0001965956750752928
30,01 IT-ET Glut,0.020698792139577156,0.07842622575690367,0.2861204010359774,0.015072226236417711,0.0494953959431416,0.034423169706723884,0.2988350350958399
30,02 NP-CT-L6b Glut,0.003859656777174976,0.019447211150969507,0.05335222159340414,-0.0011518852054309165,-0.004743978826845304,-0.004743978826845304,-0.007679396288631816
30,03 OB-CR Glut,0.0016003632568686345,0.010010172241633163,0.02212189840695945,-0.0031808632871175523,-0.012532360169745847,-0.012532360169745847,-0.008411764210283529
30,04 DG-IMN Glut,0.002385581864458257,0.012030522305516888,0.032976013052368136,0.002032582258958234,0.005721390862054672,0.0036888086030964383,0.0036907624865363652
30,05 OB-IMN GABA,0.0006810009693924807,0.004521723865988063,0.009413509211289004,-0.0006380570399200718,-0.004943640124668764,-0.004943640124668764,-0.0014119854767390653
30,06 CTX-CGE GABA,0.0026901285353342383,0.015035396364701359,0.03718577635728085,-0.0015970388120875977,-0.005739127473696204,-0.005739127473696204,-0.0064752203728194275
30,07 CTX-MGE GABA,0.0029487720959434967,0.01450898818542423,0.040761018757314235,-0.0022318236188887154,-0.009354667930287627,-0.009354667930287627,-0.011569250774391429
30,09 CNU-LGE GABA,0.0014738686109516384,0.008948882618200964,0.02037335682179745,-0.0004971293326046248,-0.0036024883788224283,-0.0036024883788224283,-0.002226880997580784
30,11 CNU-HYa GABA,0.0034778198317344778,0.01754103187420045,0.04807407109925556,-5.804676280315714e-05,-0.0014612315824666581,-0.0014612315824666581,-0.0021313843915488624
30,12 HY GABA,0.0026124634330827318,0.01566967412646327,0.03611220790686811,-0.0004552449175315459,-0.0029130774001240207,-0.0029130774001240207,-0.003191816351954927
30,13 CNU-HYa Glut,0.0022623870271962572,0.01195366543298522,0.031273084881232566,0.0009060441904974147,0.003556836472987037,0.0026507922824896223,0.002515233162588058
30,14 HY Glut,0.0028498930899015103,0.016219864209497944,0.039394209492696446,0.0009288937591034977,0.004658254991478125,0.0037293612323746274,0.004457575126032674
30,16 HY MM Glut,0.0022751741994335947,0.011754987426716705,0.03144984257916932,-0.0008548120970441874,-0.003038315857351238,-0.003038315857351238,-0.0028992337091450133
30,19 MB Glut,0.0035088516767670932,0.017801054520011454,0.048503025788289876,0.0008403507765422365,0.00059695174062103,-0.00024339903592120648,-0.0003581949966810465
30,20 MB GABA,0.00276660819792677,0.0144877225079432,0.03824295841817178,8.769938403413427e-05,-0.0013049602219449283,-0.0013926596059790626,-0.0016159513795987123
30,21 MB Dopa,0.003242835322215469,0.01609778812941724,0.04482586890236183,0.0008648706313889525,0.0015807113073570641,0.0007158406759681116,0.0009735918248026501
30,22 MB-HB Sero,0.002861546764171227,0.013952412540033012,0.0395552987936136,0.001389552717073442,0.0032797750140354234,0.0018902222969619815,0.0022685553528209532
30,23 P Glut,0.0038867543857024293,0.019813058520150677,0.05372679314167175,-0.0008152545615002619,-0.004017895117783271,-0.004017895117783271,-0.006549699035191
30,24 MY Glut,0.0020699323312608283,0.01226075246147714,0.028612774346637917,0.0007719031367121929,0.005052169685944034,0.004280266549231841,0.0037158879890954177
30,26 P GABA,0.0025888595954908396,0.01481488815249641,0.03578593092257649,0.0002857874932839897,0.0002279243888621842,-5.78631044218055e-05,-6.282693581959107e-05
30,30 Astro-Epen,0.0003817767380826111,0.0024228995090677494,0.005277318244939653,-0.0005652057754131411,-0.002946437341056921,-0.002946437341056921,-0.0004717830393756782
30,31 OPC-Oligo,0.0005823545230653521,0.0036021575070110203,0.008049914630814673,8.604418838148685e-05,-0.00027004700376985626,-0.0003560911921513431,-8.697297696584005e-05
30,33 Vascular,0.00035909829575561783,0.002315996051994353,0.004963833043981296,-0.0007132050435635599,-0.0031713860052514256,-0.0031713860052514256,-0.00047763715242779407
30,34 Immune,0.0002784243041697833,0.0017634982783025822,0.0038486725713285388,-0.000749232276896295,-0.0035418638817111777,-0.0035418638817111777,-0.0004135944103744736
31,01 IT-ET Glut,0.01625070533411763,0.07420275075455614,0.27146022865936187,-0.002866232620160849,-0.008114767452094569,-0.008114767452094569,-0.07361718366174592
31,02 NP-CT-L6b Glut,0.0036790342409815505,0.01784654194488258,0.0614565002422217,-0.0009696119722601296,-0.0038713743694532027,-0.0038713743694532027,-0.007951149238958826
31,03 OB-CR Glut,0.000870239635965421,0.005719721075058745,0.014536935210538046,6.120086110787356e-05,-0.001146853322829677,-0.0012080541839375506,-0.0005868892819469357
31,04 DG-IMN Glut,0.002105200763035798,0.010964624300050782,0.035166367782681264,0.0004286352060559644,-0.0002350363334078551,-0.0006636715394638195,-0.0007799694948002681
31,05 OB-IMN GABA,0.00036168009609465244,0.002411200640631016,0.006041692318503007,-0.0009641592192675613,-0.004450432923567879,-0.004450432923567879,-0.0008985821223640122
31,06 CTX-CGE GABA,0.0036896550639877288,0.017520497789233046,0.06163391599018648,-0.0008922411889233135,-0.0023138289257307347,-0.0023138289257307347,-0.004765932835505694
31,07 CTX-MGE GABA,0.0029300275270065412,0.014869134164804758,0.048944702774810826,-0.00023039071529334235,0.000658534126849819,0.000658534126849819,0.0010771616707135987
31,09 CNU-LGE GABA,0.0015531977472573641,0.009694684780216886,0.025945422488123853,0.0005522335562022202,0.0031531763598610743,0.002600942803658854,0.0022552176332330228
31,11 CNU-HYa GABA,0.0018364002628607741,0.01105927521375243,0.03067618451118545,2.6359670642952477e-05,0.00022873654096432076,0.0002023768703213683,0.00020747182461851887
31,12 HY GABA,0.0028967843917638617,0.016750972883932798,0.04838939216466851,-0.0016903719815312183,-0.007923784481044754,-0.007923784481044754,-0.012813852812692017
31,13 CNU-HYa Glut,0.0013672410448990785,0.008211976634494765,0.02283910507573801,0.0008422782649947735,0.004483261924730102,0.0036409836597353284,0.0027790395154692143
31,14 HY Glut,0.003280465432431649,0.01703038684390629,0.05479859969692697,-0.0003444571890322532,0.00012181166733353121,0.00012181166733353121,0.00022307723776836705
31,16 HY MM Glut,0.0023618305136362634,0.014195402445047824,0.039453244527196424,1.9561945416929196e-05,0.0006587971289364114,0.0006392351835194822,0.0008428306185934861
31,19 MB Glut,0.002169204993204381,0.012933965819397469,0.03623552771140465,-0.0007765001063268902,-0.0033837873332590697,-0.0033837873332590697,-0.004097647169811186
31,20 MB GABA,0.002163128526377678,0.012362289950449893,0.03613402325111795,-0.0006227732084954342,-0.0029643408291279865,-0.0029643408291279865,-0.0035796565897848755
31,21 MB Dopa,0.0022993348337426484,0.012884005631833334,0.03840928420637727,0.00047534427249164795,0.0027397674461905564,0.0022644231736989083,0.0029066364413284245
31,22 MB-HB Sero,0.0016978558250287435,0.010361043578122512,0.028361866209295702,-0.0005392272571236113,-0.0041560244117467,-0.0041560244117467,-0.003939216075065862
31,23 P Glut,0.0026453403097149875,0.014609130430338653,0.044189139523035284,-0.00013689586711410567,-0.0006903697203963506,-0.0006903697203963506,-0.0010195163370266417
31,24 MY Glut,0.0020597137736002562,0.01130118584195079,0.03440652946801598,-0.0005815658113027637,-0.0009382556618984825,-0.0009382556618984825,-0.001078844797764403
31,26 P GABA,0.0022875246691455896,0.013571647353445675,0.03821200107828489,-0.0003483005571244309,-0.0015370481235803034,-0.0015370481235803034,-0.0019628366388951568
31,30 Astro-Epen,0.00028078788048873586,0.0018462972157239788,0.004690426703031995,-0.0003577574490517306,-0.0016009972474896965,-0.0016009972474896965,-0.00025095730886670956
31,31 OPC-Oligo,0.0004758267436841752,0.003074118019253967,0.007948457250748572,-5.7641822012635015e-05,0.00019864705007270066,0.00019864705007270066,5.276693547794594e-05
31,33 Vascular,0.00038395311893527057,0.002325386253864198,0.006413752469058785,-0.0001646519091482435,-0.0008507463708852953,-0.0008507463708852953,-0.00018235144522321496
31,34 Immune,0.00021890486743077577,0.0012976815150407338,0.003656700687486329,-0.00022715376291224394,-0.001098432365706634,-0.001098432365706634,-0.0001342331074667874
32,01 IT-ET Glut,0.0017600748158333524,0.010663241222335815,0.010654997901672373,-0.0001963961716722078,-0.0012746742215168573,-0.0012746742215168573,-0.00022553778207201906
32,02 NP-CT-L6b Glut,0.0018828133539323644,0.011056172710332844,0.01139802249024937,-0.000367773906463536,-0.00204994879780499,-0.00204994879780499,-0.00038800672874551856
32,03 OB-CR Glut,0.0013256175393939037,0.008198555402198103,0.008024915744263153,-0.00013954614042042883,-0.002012499646624643,-0.002012499646624643,-0.00026819027646006347
32,04 DG-IMN Glut,0.0016268667271010515,0.009165693950461839,0.009848593598195971,-0.0012136495814070083,-0.0058405442588735,-0.0058405442588735,-0.000955199903342696
32,05 OB-IMN GABA,4.7557570086713925e-05,0.0003170504672447595,0.0002879001534049287,-0.0001976137269835629,-0.0009478098905357699,-0.0009478098905357699,-4.531373561920157e-06
32,06 CTX-CGE GABA,0.0028789367546407643,0.01460307192931212,0.01742827339144724,-0.0002589058256666919,-0.0010136304951927127,-0.0010136304951927127,-0.000293359911325982
32,07 CTX-MGE GABA,0.002621853734188337,0.014463849086927289,0.015871965092030288,-0.0005652626339891105,-0.002735616418667878,-0.002735616418667878,-0.0007210288383022195
32,09 CNU-LGE GABA,0.0013511930838861158,0.008386574221259577,0.008179742897317793,-0.00034274020001129866,-0.0035128363969720547,-0.0035128363969720547,-0.0004771603089000917
32,11 CNU-HYa GABA,0.012342335507870809,0.043470125731706256,0.07471702779624984,-0.0009890970937951043,-0.004815384646653377,-0.004815384646653377,-0.005974716531435475
32,12 HY GABA,0.016684640104242247,0.05522072322058305,0.10100411851906867,0.002052440026882294,0.004154670499930837,0.002102230473048543,0.003526031143239082
32,13 CNU-HYa Glut,0.005614139769675826,0.028136915785194082,0.03398642314944361,0.0022655782097337354,0.009841354716744922,0.007575776507011187,0.004275622444855588
32,14 HY Glut,0.0093435004972329,0.04296810521100084,0.05656292408522105,0.0006578717072646497,0.002894892409763116,0.0022370207024984662,0.002101205794896358
32,16 HY MM Glut,0.002848166860020977,0.015167167997561105,0.01724200110366765,0.0005527254407053693,0.0008313956363258288,0.00027867019562045946,7.978934958638437e-05
32,19 MB Glut,0.012589173575335696,0.0466345229943876,0.07621131603174508,0.00028915513811461716,4.679615694188026e-05,-0.0002423589811727369,-0.000306722272462929
32,20 MB GABA,0.028102203706144864,0.11759974226188334,0.17012283729516967,-0.005986988652236724,-0.02562972604071262,-0.02562972604071262,-0.07240579311781402
32,21 MB Dopa,0.00934488835607477,0.040904589060921266,0.0565713257923047,-0.000822599019356326,-0.0026661315886056707,-0.0026661315886056707,-0.00250463630375555
32,22 MB-HB Sero,0.03042071541913104,0.07904220304666289,0.18415845510791243,0.005531011929848802,0.007148420649026047,0.0016174087191772454,0.004946274072283527
32,23 P Glut,0.006400639656078012,0.029521639194753636,0.03874767225311484,-0.0003462852753659825,0.00014649616885424214,0.00014649616885424214,9.42624272673713e-05
32,24 MY Glut,0.001094959248365996,0.007151891634334782,0.0066285753246418146,0.0002888975622818592,0.002269578038930465,0.001980680476648606,0.0002180225176748744
32,26 P GABA,0.015362593534076811,0.05532666365444237,0.09300082041815452,0.00312182772792087,0.005206336366424392,0.0020845086385035223,0.0032192685944701133
32,30 Astro-Epen,0.00044157020910703644,0.002807536101348721,0.002673141851216612,0.00028396756392370866,0.0005337148356246078,0.00024974727170089917,1.1086373140458014e-05
32,31 OPC-Oligo,0.0006708484614968068,0.004376961328618037,0.00406112790506821,0.000491734834690843,0.0018757039166919977,0.0013839690820011546,9.33339808700098e-05
32,33 Vascular,0.0002785394716981518,0.0018252858257896383,0.0016861996204812126,0.00013512143300470087,0.0002388649973872617,0.00010374356438256084,2.9049381245742334e-06
32,34 Immune,0.00015389259354637525,0.0010191222387330486,0.0009316224779588009,-2.6356702371625347e-07,-0.0007338990231854737,-0.0007338990231854737,-1.1353846072127573e-05
33,01 IT-ET Glut,0.006320120129981443,0.030667082663210634,0.06433317175302139,-0.004338962165342976,-0.011814845163148053,-0.011814845163148053,-0.010747814163124782
33,02 NP-CT-L6b Glut,0.04754831974896215,0.12769806306867665,0.4839993794527039,0.022029026711108145,0.037357519362804535,0.01532849265169639,0.10490626027358502
33,03 OB-CR Glut,0.001542930534080693,0.009899392246498996,0.01570565321711467,-0.0043569877598127,-0.0107481971445814,-0.0107481971445814,-0.0023869799896364357
33,04 DG-IMN Glut,0.002027093899053307,0.010906619105078955,0.020634003355199056,0.000369824128599013,0.00025707038262920456,-0.00011275374596980844,-3.289816137534224e-05
33,05 OB-IMN GABA,0.00022102535763082645,0.0014701585181423648,0.00224984050964213,0.000819448933826502,-0.00015098681549814458,-0.0009704357493246466,-3.087277513670903e-05
33,06 CTX-CGE GABA,0.0018549105502009386,0.010544693743879315,0.018881330822570735,-0.001803756841425666,-0.005030313877092496,-0.005030313877092496,-0.0013430272880511718
33,07 CTX-MGE GABA,0.001031630020500789,0.006493010347965788,0.010501071171038818,-0.002670539214174119,-0.005875131819256359,-0.005875131819256359,-0.0008723853579106993
33,09 CNU-LGE GABA,0.0016298925506096089,0.009700169124552441,0.016590848787813462,0.0003468116171243891,-0.00035686751033783956,-0.0007036791274622287,-0.00016508226725666384
33,11 CNU-HYa GABA,0.00758911022504013,0.02804946039427243,0.07725035624624291,0.002193929655354553,0.00447723031084443,0.0022833006554898766,0.0024941395140692596
33,12 HY GABA,0.003047161583217331,0.017138544285934445,0.031017380280856263,-0.0005237377227168868,-0.0029717091427076004,-0.0029717091427076004,-0.001303372536441253
33,13 CNU-HYa Glut,0.004433316599335016,0.014900107831960897,0.04512719890679953,0.003053143026633931,0.005561225939783412,0.002508082913149481,0.0016004327038094592
33,14 HY Glut,0.003705262265590733,0.018939308335455905,0.03771625678307126,-0.00019869553652656144,-0.0010994745992201397,-0.0010994745992201397,-0.0005863689093788041
33,16 HY MM Glut,0.002780943831170617,0.014240309891331678,0.028307521605088527,-0.0003489626208417295,-0.0012085087998441931,-0.0012085087998441931,-0.00048373645228761157
33,19 MB Glut,0.0027571879844246754,0.015878242620017816,0.028065708326635925,0.00025242227708301813,-0.0011713801069894044,-0.0014238023840724226,-0.0005650447887596124
33,20 MB GABA,0.0027314790493898487,0.013449275574084287,0.02780401435576711,5.719993542483527e-05,0.0001969716844120534,0.00013977174898721813,5.4952069709788464e-05
33,21 MB Dopa,0.0016811243575835758,0.010415412212952302,0.017112342773606345,0.00034573963105519607,-0.0006789357061220847,-0.0010246753371772807,-0.0002479436012807971
33,22 MB-HB Sero,0.002226918703710273,0.012218413801984261,0.022668041192158383,0.0013459150900224537,0.004046962146263671,0.0027010470562412172,0.0008657715174547249
33,23 P Glut,0.0016515783688900224,0.010144151059412824,0.016811591027414332,0.0009612818718157081,0.0029211778419252032,0.001959895970109495,0.00046590673337677487
33,24 MY Glut,0.0011477759058539936,0.007073615261441613,0.011683332431451978,0.0006590407214291155,0.004133763951345388,0.0034747232299162725,0.0005740425729930697
33,26 P GABA,0.0011476381306619419,0.007401190890598421,0.011681930003189336,0.0008377389135567979,0.0025567442913405143,0.0017190053777837164,0.0002839546504032667
33,30 Astro-Epen,0.0003045225351023728,0.001963195837198246,0.003099767116841805,-0.0006240828961366978,-0.00219925706162016,-0.00219925706162016,-9.639671018163694e-05
33,31 OPC-Oligo,0.0004744213915121307,0.003114017270884309,0.0048291855590958405,0.00013382717862943637,0.00024868609893433373,0.00011485892030489736,7.843244857373764e-06
33,33 Vascular,0.0002550336996728778,0.0016931870614575284,0.0025960150228840503,-0.0010303151248566296,-0.0027569835986376227,-0.0027569835986376227,-0.00010120419959289999
33,34 Immune,0.00013105859396417968,0.000873685237880951,0.0013340592997924266,-0.000765719427376053,-0.002449755061740062,-0.002449755061740062,-4.6212019612929686e-05
34,01 IT-ET Glut,5.603693393334077e-05,0.00037357955955560505,0.002463695351068024,0.0002972118537039385,0.0012229593323486332,0.0009257474786446947,2.8239873196910617e-05
34,02 NP-CT-L6b Glut,6.596389358186407e-05,0.00043975929054576054,0.0029001397212293136,0.0006102589034687167,0.00323820847557016,0.002627949572101443,9.436678283322021e-05
34,03 OB-CR Glut,0.00037909092535892165,0.002501416397356295,0.016666945974414954,0.00015931007725444244,0.0005729276362285498,0.0004136175589741073,8.535681378889498e-05
34,04 DG-IMN Glut,4.772956277930951e-05,0.0003181970851953968,0.002098457100950166,0.00030114114578570035,0.0007486442528097754,0.00044750310702407507,1.1627312655509327e-05
34,05 OB-IMN GABA,0.0003279526666991366,0.0021430180011422807,0.014418623639868634,-0.00161677021715422,-0.01030575120532654,-0.01030575120532654,-0.0018398679750035298
34,06 CTX-CGE GABA,0.00013179574194031827,0.0008786382796021219,0.005794473999865487,0.00048685856509313223,0.0026530754721155025,0.0021662169070223703,0.00015541722848682184
34,07 CTX-MGE GABA,9.894945138107393e-05,0.0006596630092071597,0.0043503683418560255,0.00022443587511963246,0.0007830498657809454,0.0005586139906613129,3.0089920396161104e-05
34,09 CNU-LGE GABA,5.7996444837319464e-05,0.00038664296558212985,0.002549846351232347,0.0008150524981688463,0.0043624096414723494,0.0035473571433035033,0.0001119959006908739
34,11 CNU-HYa GABA,0.00019183155647236312,0.0012788770431490875,0.008433982387960535,0.0005852499829356571,0.0030481502680084144,0.0024629002850727576,0.0002571951171204805
34,12 HY GABA,0.00031676582831629966,0.0021117721887753313,0.013926787991798913,0.0006549886359996903,0.004048300794262723,0.0033933121582630323,0.0005851375621298568
34,13 CNU-HYa Glut,0.00023527798619098618,0.0015685199079399081,0.010344129132348874,0.0007821790201114074,0.004467141481161174,0.003684962461049767,0.00047196544396556963
34,14 HY Glut,0.00018591406234856194,0.0012394270823237463,0.008173816427058325,0.0005086868381104983,0.002951188493822619,0.0024425016557121206,0.0002471968583846697
34,16 HY MM Glut,0.00027218911658560553,0.0018145838611310396,0.011966947762362878,0.00032122743430827515,0.0012485796120082617,0.0009273521776999864,0.00013740777011591929
34,19 MB Glut,0.0003602744990338718,0.0023801653434677565,0.015839671196749835,-7.321227572674194e-05,-0.0004065928894382204,-0.0004065928894382204,-7.974237052971601e-05
34,20 MB GABA,0.000228527484111024,0.00152351656074016,0.010047339507642396,-0.0005282455712045895,-0.0026287249666867452,-0.0026287249666867452,-0.00032702385068104873
34,21 MB Dopa,0.000398417784066056,0.0026121747712851634,0.017516662199149106,-6.289295049371909e-05,-0.0005102401853603406,-0.0005102401853603406,-0.00011066472648432566
34,22 MB-HB Sero,0.00013526529881861097,0.0009017686587907399,0.005947015021497471,-0.001560889845785361,-0.00821574395102646,-0.00821574395102646,-0.0006049634428940952
34,23 P Glut,0.00026908696196965756,0.001792893485888809,0.011830559788054777,-0.0005263445916827541,-0.0027634838450654666,-0.0027634838450654666,-0.0004048045871650049
34,24 MY Glut,0.00018286223457457043,0.0012190815638304698,0.008039641100692553,0.00015276495119910554,0.0008612594266503514,0.0007084944754512459,7.052714934097182e-05
34,26 P GABA,0.00014575691156593879,0.0009717127437729252,0.00640828468306649,-0.0004738863887085818,-0.0024308140105567264,-0.0024308140105567264,-0.00019287535035269313
34,30 Astro-Epen,0.00039029313047891755,0.0025222021165229682,0.01715945722973586,0.00023251729470444386,0.0016871643511859543,0.0014546470564815105,0.0003090611238287414
34,31 OPC-Oligo,0.017513879001189003,0.10431135841929359,0.7700075511933852,-0.00258992026150004,-0.016531455405220705,-0.016531455405220705,-0.15761199799995357
34,33 Vascular,0.0004513140111397633,0.0029896671803210637,0.01984227460480918,-0.0006430388263003126,-0.0036886941532263923,-0.0036886941532263923,-0.000906248505682192
34,34 Immune,0.0003019028616327223,0.00200708330930777,0.013273329293202601,-0.0002633829550127947,-0.0015523618847338404,-0.0015523618847338404,-0.0002551267755096659
35,01 IT-ET Glut,0.003061923126497252,0.016109862211348535,0.033604366221017916,0.0016332281089275367,0.00635774583154675,0.004724517722619213,0.0028209523961712332
35,02 NP-CT-L6b Glut,0.04150919674864799,0.1057620905366494,0.4555601794867939,0.02113806639993779,0.032736422666263656,0.011598356266325865,0.09388252600199398
35,03 OB-CR Glut,0.0014130077841455384,0.008126776198266005,0.015507649633874085,-0.002576327002092444,-0.005427250241781751,-0.005427250241781751,-0.0014954379342054607
35,04 DG-IMN Glut,0.001438503232827002,0.007940406303650276,0.015787460183997588,-0.0006383818600529439,-2.3258826032886274e-05,-2.3258826032886274e-05,-6.524430730498413e-06
35,05 OB-IMN GABA,0.0006660189985238923,0.002761153710316518,0.007309506284749815,0.00018186926227293438,-0.0010690689386398495,-0.0012509382009127839,-0.00016246748774107478
35,06 CTX-CGE GABA,0.0014152433705861486,0.008072347712778618,0.015532185019762414,0.000577229403416026,0.0021505230579847105,0.0015732936545686843,0.00043419509426280157
35,07 CTX-MGE GABA,0.002568308813664072,0.010945140234942858,0.028186987843083915,0.0024845458073201663,0.007018264833064213,0.004533719025744046,0.0022706271983334724
35,09 CNU-LGE GABA,0.0016650356018866799,0.008724474304747685,0.018273635171514223,0.0024477176611269504,0.008082977551915132,0.005635259890788181,0.001829706647906109
35,11 CNU-HYa GABA,0.0015445441937426932,0.009354198524517607,0.016951251415136693,0.0016136031358526637,0.004711211372072733,0.003097608236220069,0.0009329767509361061
35,12 HY GABA,0.0036257544843931087,0.018850243472535638,0.039792371162638125,0.000708506351542288,0.0002346555525449903,-0.00047385079899729774,-0.00033503023508062705
35,13 CNU-HYa Glut,0.0006346078548398684,0.003915921935742478,0.006964771445836184,0.0009058018257780456,0.0017346966372710287,0.0008288948114929831,0.00010257673146078622
35,14 HY Glut,0.005930026002213877,0.021387569000773418,0.0650815703876009,-0.0006537449191531683,-0.0004617254892032677,-0.0004617254892032677,-0.0005339301432318258
35,16 HY MM Glut,0.004963669844615856,0.019980273883174537,0.05447588733212568,0.0018617945157858651,0.003771270540396294,0.0019094760246104287,0.0018482515910425306
35,19 MB Glut,0.0036100827893528957,0.017491400966921998,0.03962037553842469,0.0012960771074193274,0.003520132010998345,0.0022240549035790176,0.0015656931725955214
35,20 MB GABA,0.0029899574221768227,0.01472071086460108,0.03281454825909418,0.0009468067214045599,0.0024557557240541626,0.0015089490026496026,0.000879799190936385
35,21 MB Dopa,0.0019089831186862812,0.01004125115986086,0.020950940039915558,0.00021297761648371034,-0.0006160890932128905,-0.0008290667096966009,-0.00030862816507531683
35,22 MB-HB Sero,0.0031860079174925965,0.014448045372590044,0.034966187072423854,0.0023645431717089394,0.005029456826200427,0.002664913654491488,0.0016556707822384703
35,23 P Glut,0.0026383546602941742,0.014169569533283199,0.028955735517396674,0.0015890348033154005,0.004208769132957159,0.0026197343296417586,0.0013478278265393498
35,24 MY Glut,0.001213962673549894,0.007584187800338472,0.013323145152662367,0.0004134619045898154,0.004292430356285181,0.0038789684516953656,0.0009182598018728619
35,26 P GABA,0.0038044418488491208,0.020076485187334868,0.04175345097626411,0.0015245090276869537,0.003588450989425147,0.002063941961738193,0.0015312017719521967
35,30 Astro-Epen,0.0004028717126797938,0.002682182236501054,0.004421485456582265,0.0006604150724523704,0.0005434639714993468,-0.00011695110095302362,-9.18787507029344e-06
35,31 OPC-Oligo,0.00046061644496909364,0.003029203511361465,0.0050552293655628,0.0010097060962515132,0.002003793680893556,0.000994087584642043,8.929108104505692e-05
35,33 Vascular,0.00029467484906015446,0.001958373316329938,0.003234033362316516,0.0009507429163875601,0.0013369888481555747,0.00038624593176801465,2.219478691767734e-05
35,34 Immune,0.00017103062251680877,0.0011357854875080078,0.0018770476712256128,0.0006266210648335028,7.008724549128838e-05,-0.0005565338193422144,-1.8561344403334015e-05
36,01 IT-ET Glut,0.0015050797085371446,0.008783525379143325,0.006625181675760433,0.002814506612356812,0.00491739870611885,0.002102892093762038,8.459223755066719e-05
36,02 NP-CT-L6b Glut,0.002064805022263637,0.011143377298420364,0.009089025863497349,0.0023462279757167576,0.0033458206674944076,0.00099959269177765,5.5164050064406094e-05
36,03 OB-CR Glut,0.0009131588728063537,0.0058140540123071405,0.0040196166334969885,0.0007563189846556484,-0.0024556133382409796,-0.003211932322896628,-7.839109899701705e-05
36,04 DG-IMN Glut,0.0012127372544268066,0.007075805639419328,0.005338325000308252,0.002606369753254016,0.0011583350915838478,-0.001448034661670168,-4.693531106584331e-05
36,05 OB-IMN GABA,0.0008526326919397417,0.0037864148220161614,0.0037531875918278357,0.0003163051616939353,-0.005939367999558428,-0.006255673161252364,-0.0001425574946955803
36,06 CTX-CGE GABA,0.002196743483655398,0.012636595030507434,0.009669803261387002,0.002440818785085314,0.003145907192611675,0.0007050884075263612,4.139776978139894e-05
36,07 CTX-MGE GABA,0.0022775069882945455,0.012806100083056668,0.010025314592760631,0.0022112207692882896,0.002261009839994295,4.978907070600546e-05,3.030733590821736e-06
36,09 CNU-LGE GABA,0.0012686946981200161,0.007755102944343789,0.005584643004913454,0.0012103667345637586,0.0030184118425901447,0.001808045108026386,6.130846039045001e-05
36,11 CNU-HYa GABA,0.0042846797977607026,0.021600317329198107,0.018860650317460943,0.0009863299630396196,-0.0007870894249225001,-0.0017734193879621197,-0.00020308780594431106
36,12 HY GABA,0.002361452383151226,0.014785303671656501,0.010394832226022397,0.0008261516470503406,0.0021952481661215027,0.0013690965190711621,8.641065216130182e-05
36,13 CNU-HYa Glut,0.008457395311221388,0.027702557122143978,0.037228447186379236,0.0065452193266879255,0.013853857207404266,0.007308637880716341,0.001652064880083818
36,14 HY Glut,0.006300771645286304,0.028020495079976906,0.027735246585760157,0.00031882212456401645,0.0011000349885326164,0.0007812128639685999,0.0001315579658865685
36,16 HY MM Glut,0.0038778143599166328,0.01928986906098415,0.017069677103208582,-3.3843093268529375e-05,-0.0029927079796241807,-0.0029927079796241807,-0.0003101739923155509
36,19 MB Glut,0.009536105384891394,0.03630305937177081,0.041976800494844785,-0.002599000938900123,-0.0030276111403559555,-0.0030276111403559555,-0.0007716585282051257
36,20 MB GABA,0.008521421155296157,0.03117054969852704,0.03751028132880584,-0.005993860825966334,-0.008446481174674747,-0.008446481174674747,-0.0019237200537311576
36,21 MB Dopa,0.0034063106868109008,0.01699113364601413,0.014994174073438822,0.0013230839315186023,0.004342906946950264,0.003019823015431662,0.000274928505731639
36,22 MB-HB Sero,0.0013487932642908447,0.00816875294831452,0.005937227356319957,-0.021022093134578236,-0.02907712143957749,-0.02907712143957749,-0.0010482160918604527
36,23 P Glut,0.1492542102177406,0.23822763493162127,0.656999262534584,0.05082175975951641,0.059012023047300695,0.008190263287784286,0.03267220741923956
36,24 MY Glut,0.010807011360678288,0.02941119483881486,0.04757117728076366,0.0028824113055037023,0.003736663181475137,0.0008542518759714346,0.0002467434160365022
36,26 P GABA,0.004935459881879947,0.02463308162550357,0.02172530676309679,-0.0062934823876690926,-0.007984613812400277,-0.007984613812400277,-0.0010532599379718878
36,30 Astro-Epen,0.0004274287943722179,0.0028161125517517987,0.0018814906613281901,-7.401212948166241e-05,-0.0011908923318301563,-0.0011908923318301563,-1.3604741627633429e-05
36,31 OPC-Oligo,0.0005457808863366842,0.0034041309099597157,0.0024024624786500794,0.0004124215191459139,0.0004177183059956072,5.296786849693269e-06,7.726536183370726e-08
36,33 Vascular,0.0005712445861626176,0.0030287363489793786,0.0025145506534669515,0.0018953053467054295,0.00171706652513371,-0.00017823882157171956,-2.7213125413620974e-06
36,34 Immune,0.00024837458074880315,0.0016253404957340708,0.0010933153319175452,0.002245076550864647,0.0007934936424036639,-0.001451582908460983,-9.636138131018192e-06
37,01 IT-ET Glut,0.0011252517822252723,0.006996350674668452,0.005175573517542816,-0.0015211530341163806,-0.0036682920119795424,-0.0036682920119795424,-0.00023297440874585934
37,02 NP-CT-L6b Glut,0.002393097920031779,0.01393039291834772,0.011007006978748953,-0.0012259355392191802,-0.0029453830034134936,-0.0029453830034134936,-0.00039782938126071385
37,03 OB-CR Glut,0.001774304036495721,0.010649466160973838,0.00816087663971205,-0.0015687070624710606,-0.0045866054551176455,-0.0045866054551176455,-0.00045931860004202205
37,04 DG-IMN Glut,0.0026057832737913142,0.011786990100101263,0.011985249094758068,-0.0028414517695605625,-0.009056391633141293,-0.009056391633141293,-0.001331950531693743
37,05 OB-IMN GABA,0.0001704969913177393,0.001136646608784929,0.0007841975698450047,-0.0012085863670392631,-0.003586525331726268,-0.003586525331726268,-3.4513200217953436e-05
37,06 CTX-CGE GABA,0.00241845013611233,0.013600156117975095,0.011123613999711002,-0.0012850698834959028,-0.0029840235243641057,-0.0029840235243641057,-0.0004073183620732393
37,07 CTX-MGE GABA,0.002627225122725539,0.014289894105508075,0.012083870458673322,-0.0012986039578708128,-0.004383466140542365,-0.004383466140542365,-0.0006499943076418511
37,09 CNU-LGE GABA,0.0025921810091642543,0.013865254610010633,0.011922685745208689,-0.0001824759780132254,-0.0010289991333246643,-0.0010289991333246643,-0.0001505479833041135
37,11 CNU-HYa GABA,0.005549031314326116,0.025938968433149752,0.025522660769883146,-0.0009253266741948958,-0.004906114091491473,-0.004906114091491473,-0.0015365596618285898
37,12 HY GABA,0.007717992066058766,0.03375234106363566,0.03549875323610234,-0.0007602557364810174,-0.0029825421255564415,-0.0029825421255564415,-0.0012992284524567207
37,13 CNU-HYa Glut,0.0024201521219016655,0.013865438971760317,0.011131442249990329,4.2196043553790735e-06,8.9168123502827e-05,8.494851914744792e-05,1.160360899865263e-05
37,14 HY Glut,0.004332355672924102,0.02113584810851419,0.019926585003953775,1.6898619337927635e-06,-0.0003266994288547205,-0.0003283892907885133,-8.029854908231912e-05
37,16 HY MM Glut,0.01131214758755173,0.0425277121316207,0.052030001112184567,-0.002204662317986675,-0.0066121721870166725,-0.0066121721870166725,-0.0042216655622143665
37,19 MB Glut,0.02709468008914454,0.07861564759595806,0.12462145001748358,-0.0026940698843244335,-0.005741202487116224,-0.005741202487116224,-0.008779736877106755
37,20 MB GABA,0.006565836826817849,0.030954988426480135,0.030199437795320656,-0.0007949881168772188,-0.0027828259067196968,-0.0027828259067196968,-0.0010312660766756303
37,21 MB Dopa,0.003630871607580593,0.01854928390220818,0.016700122794411316,-0.0007004777993699158,-0.002195321494270884,-0.002195321494270884,-0.0004498871929728186
37,22 MB-HB Sero,0.007771353580983187,0.02902741388290552,0.03574418847811781,-0.0015801745470161188,-0.0041347928109613805,-0.0041347928109613805,-0.0018136147119555016
37,23 P Glut,0.0346885156836148,0.1454392558547153,0.1595491479959668,-0.001024286381630377,0.014259767631520115,0.014259767631520115,0.02791854456217334
37,24 MY Glut,0.0621738299621385,0.10008941214092218,0.2859673123111158,-0.00554625446476983,0.0009316700557560735,0.0009316700557560735,0.003269372212535573
37,26 P GABA,0.02660659142410838,0.09805517530748213,0.12237649576913008,0.0031713895651620198,0.017140768742980664,0.013969379177818644,0.020977849000061343
37,30 Astro-Epen,0.0005565144391061236,0.0035781211949703243,0.002559677255051192,-0.002144456794993645,-0.006647711670220935,-0.006647711670220935,-0.0002088061184010864
37,31 OPC-Oligo,0.0007101718351671435,0.004539490737313393,0.0032664214365669985,-0.0009940199443525589,-0.0021314214142670916,-0.0021314214142670916,-8.543333855399931e-05
37,33 Vascular,0.00039381320247452203,0.002479443085702738,0.0018113361060892053,-0.0014931810803785314,-0.004030611435944707,-0.004030611435944707,-8.958923188518301e-05
37,34 Immune,0.00018521519613622664,0.0012323722361800053,0.0008518936644325572,-0.0010425246482226205,-0.0034094558519876424,-0.0034094558519876424,-3.5641526461010684e-05
38,01 IT-ET Glut,0.0002587473411668444,0.001722427545836847,0.013563992311967981,0.0006502075396623939,0.003315471633598912,0.002665264093936518,0.0031979351065928563
38,02 NP-CT-L6b Glut,0.00023605852279996896,0.0015702418509407458,0.012374604407504479,0.0004810337875392133,0.002567991015959402,0.002086957228420189,0.0022844767152298212
38,03 OB-CR Glut,0.0008390615266413869,0.0050685385934617615,0.043985086166714364,-0.0003285174907663739,-0.0022969913187817327,-0.0022969913187817327,-0.008937306746613681
38,04 DG-IMN Glut,0.000444799753803845,0.002965331692025633,0.023317188164149145,0.001093491820894014,0.00482248993954508,0.003728998118651066,0.007691485130213661
38,05 OB-IMN GABA,0.0010566401297072237,0.006911190981456371,0.055390940564772666,0.00046055994237747963,0.001239067546025662,0.0007785076036481823,0.0038145513145729473
38,06 CTX-CGE GABA,0.0005186514956487582,0.0034180844107668576,0.027188626819682687,0.00029276942747043656,0.001297828635587033,0.0010050592081165964,0.0024172456300308783
38,07 CTX-MGE GABA,0.0004313644229118062,0.0028547741852853544,0.022612884405484236,0.000586567020882276,0.0030363108662504654,0.0024497438453681894,0.004900252975532922
38,09 CNU-LGE GABA,0.00023389075993648643,0.0015204616751104737,0.01226096645210811,0.00012704736701514734,0.0005626789159465852,0.00043563154893143787,0.00047248267845827977
38,11 CNU-HYa GABA,0.0002993756776326537,0.001950950579067814,0.015693801418353887,-4.7103643629109525e-06,0.0003482286293256902,0.0003482286293256902,0.000483430992677761
38,12 HY GABA,0.0004019874669181009,0.0024779645919322333,0.021072892522086672,0.00012484693379970652,0.0009463456824479347,0.0008214987486482282,0.0015313445650552333
38,13 CNU-HYa Glut,0.0003119782765285881,0.0017567616287285943,0.016354451896014425,0.00017517028101037216,0.0007654482773029514,0.0005902779962925792,0.0008539539491147245
38,14 HY Glut,0.00038644167772860046,0.0024137564959684035,0.020257954814518534,0.0002652893402472788,0.0017119996090213304,0.0014467102687740515,0.002592501553771055
38,16 HY MM Glut,0.00031513612429503513,0.0020132806791429447,0.01651999184952001,0.00023187344673096316,0.0011798354695431667,0.0009479620228122035,0.0013852961615935064
38,19 MB Glut,0.0002459484591768692,0.001599125720474754,0.012893052328078965,3.654253611078611e-05,1.839415254062472e-05,-1.814838357016139e-05,-2.0698341976506728e-05
38,20 MB GABA,0.000277564472050762,0.0017637963459947107,0.014550419525062216,5.048095503366708e-05,0.0001568914130338665,0.00010641045800019943,0.00013696250511668876
38,21 MB Dopa,0.00035239614066661187,0.0023026065852119987,0.018473227671495014,0.00041886131104671386,0.0023152752012895912,0.0018964138902428773,0.003098972864648866
38,22 MB-HB Sero,0.000127443302546216,0.0008495007271024056,0.0066808028563819285,0.0005063837395319365,0.002422954606355804,0.0019165708668238673,0.0011326491457952805
38,23 P Glut,0.00027358031359894265,0.0017424813047971714,0.014341562906994428,0.00011827540606519284,0.0005357060741809403,0.00041743066811574745,0.000529569175552687
38,24 MY Glut,0.00043115603848719073,0.002761197853165611,0.022601960526148233,-6.206316380975922e-05,-0.0009292625283172874,-0.0009292625283172874,-0.0018579173920946492
38,26 P GABA,0.00037174248048427264,0.0024398897288749493,0.019487396950947675,8.910573327228559e-05,0.00045738682266126826,0.0003682810893889827,0.0006348558326195763
38,30 Astro-Epen,0.0022743001452060216,0.012466408226938886,0.11922282774218144,-0.0004735008841755972,-0.0022243427242646372,-0.0022243427242646372,-0.023458648347050325
38,31 OPC-Oligo,0.004065801406833951,0.023520402582922043,0.2131364858691386,-0.0003385916230991043,-0.0016267357722045182,-0.0016267357722045182,-0.030670205161675266
38,33 Vascular,0.0023303546975708246,0.0130420216174443,0.12216130631320075,-0.0007065891553281055,-0.0030430246892263484,-0.0030430246892263484,-0.032883724970982235
38,34 Immune,0.002591625358819222,0.013949329609509982,0.1358575755174934,-0.0008853967544534746,-0.0036817656564848466,-0.0036817656564848466,-0.04424679981289707
39,01 IT-ET Glut,6.390223703783806e-05,0.0004260149135855871,0.003886946594627724,-0.00035751127083767355,-0.0009592032748989907,-0.0009592032748989907,-0.00012328188311071608
39,02 NP-CT-L6b Glut,6.210883954117735e-05,0.00041405893027451565,0.003777860581123508,-0.00020061357617595746,-0.00037867223579048304,-0.00037867223579048304,-4.730308044376812e-05
39,03 OB-CR Glut,0.00015261472064093034,0.0010174314709395357,0.009283012554538183,-1.460723056211542e-05,0.0004754835831137964,0.0004754835831137964,0.00014595013386154543
39,04 DG-IMN Glut,5.464613820521899e-05,0.0003643075880347932,0.003323930908405614,-0.0006276516750565971,-0.0013856871005846773,-0.0013856871005846773,-0.00015229905027154116
39,05 OB-IMN GABA,9.688637462197379e-05,0.0006459091641464919,0.005893254780418996,4.503179780156953e-05,0.0011347802150118744,0.001089748417210305,0.00021235451397839358
39,06 CTX-CGE GABA,0.00011200344429975065,0.0007466896286650042,0.006812772550508829,-0.0001603740739485113,1.5832885543371386e-05,1.5832885543371386e-05,3.5666787579463666e-06
39,07 CTX-MGE GABA,0.00010593439217880722,0.000706229281192048,0.006443613620123481,-0.00036162801866491213,-0.0008972189401898156,-0.0008972189401898156,-0.00019116481322031082
39,09 CNU-LGE GABA,7.868206539495699e-05,0.0005245471026330467,0.004785951170443577,0.0003138460910943508,0.0013568420674572646,0.0010429959763629138,0.00016505585303437545
39,11 CNU-HYa GABA,0.0002912940875647066,0.0019383480122551337,0.01771838693259513,-0.0004991198454493482,-0.0018328529504718716,-0.0018328529504718716,-0.001073820863194883
39,12 HY GABA,0.000401830297842666,0.0026788686522844396,0.02444191283777687,-6.557537405992674e-06,0.0005451881081610446,0.0005451881081610446,0.0004406173542654527
39,13 CNU-HYa Glut,0.0002341028627287116,0.001560685751524744,0.014239647424818109,-0.00016973609364572039,0.0006286481198164869,0.0006286481198164869,0.0002959967143695691
39,14 HY Glut,0.00019430460863774528,0.0012953640575849687,0.011818860682729368,0.0006151169154102272,0.001922590697161701,0.0013074737817514739,0.0005109620379410177
39,16 HY MM Glut,0.00032631661591338296,0.0021651448163194703,0.019848683204062655,-0.00012447809134315504,-3.553770840987369e-05,-3.553770840987369e-05,-2.332389904181018e-05
39,19 MB Glut,0.0002841405576646484,0.001894270384430989,0.017283263062547596,0.0012915650569919927,0.0030297333335662416,0.001738168276574249,0.0009933392419225714
39,20 MB GABA,0.00015375859400603583,0.0010250572933735722,0.009352590317184419,0.0011252005389192409,0.0030904507771394576,0.001965250238220217,0.0006077567646993934
39,21 MB Dopa,0.0002051914586455501,0.0013676095541285487,0.012481069183176749,0.00022237725034461098,0.0004472519809489329,0.0002248747306043219,9.280523604125591e-05
39,22 MB-HB Sero,0.00024150852447230866,0.001610056829815391,0.014690107581294241,0.0025235633265418885,0.0060255202346617,0.0035019569081198116,0.0017010450172273955
39,23 P Glut,0.00016940133558100774,0.0011293422372067187,0.010304082845677215,0.0013878659357337419,0.0035724814285821175,0.002184615492848376,0.0007443280473229164
39,24 MY Glut,0.0005146737825380876,0.0034035119565160774,0.03130578206825591,-0.000584935198119974,-0.002403210881859526,-0.002403210881859526,-0.002487691215171089
39,26 P GABA,0.00033563824054211344,0.0022372498306172744,0.02041568459222357,0.001221011340556438,0.0033087502267233437,0.002087738886166906,0.001409354222774975
39,30 Astro-Epen,0.011733790856017787,0.04163273379301764,0.7137249104889128,-0.0017557581013025994,-0.005011242765331431,-0.005011242765331431,-0.11826502560527104
39,31 OPC-Oligo,0.0003776949453140314,0.00250075598034247,0.02297384488476034,0.0012872955096387962,0.004674516000630027,0.003387220490991231,0.0025731030849679036
39,33 Vascular,0.00016283785770604395,0.001085585718040293,0.009904849749034625,-0.0007943038503480178,-0.0017877856560358895,-0.0017877856560358895,-0.0005855222101543676
39,34 Immune,8.695199018293891e-05,0.0005796799345529261,0.005288981384760488,-0.0004160517272032942,-0.0009172176809026008,-0.0009172176809026008,-0.00016040743321065252
40,01 IT-ET Glut,0.0005393417870015044,0.003561495447444841,0.0009882895103127149,0.00028174537707527435,0.0006309629926961516,0.0003492176156208773,7.321749687678291e-07
40,02 NP-CT-L6b Glut,0.0007710135097429209,0.004935338268725941,0.0014128046117557616,0.0001852080478234282,0.0010091280019362508,0.0008239199541128226,2.469458167579725e-06
40,03 OB-CR Glut,0.4758381277320588,0.5372499732577659,0.8719254498319149,-0.008263098793571727,-0.011096998916240997,-0.011096998916240997,-0.020526714718436395
40,04 DG-IMN Glut,0.0014062302417671988,0.00827580861653361,0.0025767753037447463,0.00031626525789554073,-0.0009249207040062867,-0.0012411859619018274,-6.78497033606101e-06
40,05 OB-IMN GABA,0.009247970971602555,0.018890263563040355,0.01694597548935291,-0.01646619415743366,-0.030742309399644938,-0.030742309399644938,-0.0011051916927172908
40,06 CTX-CGE GABA,0.0019032654378777964,0.010705406448191856,0.0034875422467314145,-0.00033646064640267283,-0.0015786601254931074,-0.0015786601254931074,-1.1679995232345115e-05
40,07 CTX-MGE GABA,0.0016734476770932085,0.009650447701477313,0.0030664243438711792,0.0003560084314249205,0.0010782795787448718,0.0007222711473199513,4.698584798296591e-06
40,09 CNU-LGE GABA,0.0009454478619746458,0.005990996137453686,0.0017324379958241949,0.0002977510744520289,0.0004232509695443399,0.00012549989509231098,4.612491849015547e-07
40,11 CNU-HYa GABA,0.0023881647596209286,0.012912816612978174,0.00437607142208187,-0.0020274685019511522,-0.008884063029183892,-0.008884063029183892,-8.247656809837665e-05
40,12 HY GABA,0.004493486338222948,0.02020372272349467,0.008233861198644422,-0.004220086049158121,-0.012036316595029097,-0.012036316595029097,-0.00021024791278191306
40,13 CNU-HYa Glut,0.01570216752199302,0.04832647716239768,0.02877264069864369,0.005108836448083504,0.012360713758046966,0.007251877309963462,0.00044265433242986777
40,14 HY Glut,0.004756952628132397,0.021126297370548566,0.00871663664255378,-0.0010357880302449684,-0.003469905214625054,-0.003469905214625054,-6.416542910873816e-05
40,16 HY MM Glut,0.0025079247679762784,0.013675356273380608,0.00459551957697187,0.0001478147126845634,-0.00027465010357853657,-0.00042246481626309997,-4.118695784232227e-06
40,19 MB Glut,0.004919020280688132,0.021435685796882563,0.009013609294853373,0.0008121237834991417,0.0027296400134172176,0.0019175162299180759,3.6666742318363304e-05
40,20 MB GABA,0.0025307158121948975,0.013070132020991226,0.004637281870332372,0.0006240025593855356,0.0017852520691571307,0.0011612495097715952,1.142414185413053e-05
40,21 MB Dopa,0.0017641760152386102,0.009869234645917735,0.003232674886733261,7.784185770845152e-06,-0.0009146168700465694,-0.0009224010558174146,-6.325813294078597e-06
40,22 MB-HB Sero,0.0023008321327476176,0.011504168046588256,0.0042160431781610875,0.0021662773448636757,0.007254779453035846,0.005088502108172171,4.551238112553054e-05
40,23 P Glut,0.0038743380884947837,0.019560368441730414,0.0070993343822879605,-0.00035563011651521876,-0.0032246238742707936,-0.0032246238742707936,-4.8565878164679355e-05
40,24 MY Glut,0.0024258819972446,0.011847605816530772,0.004445184461716128,0.0006738708474948603,0.0021880870762034437,0.0015142162287085834,1.4279474750607564e-05
40,26 P GABA,0.0031021031134174644,0.016770277092465105,0.005684291558314474,0.00014834297853430424,0.00021368053367712872,6.533755514282448e-05,7.879048504806652e-07
40,30 Astro-Epen,0.0007041747015117783,0.004442294140018979,0.0012903292266685364,-0.0002868842376126561,-0.001484480006070477,-0.001484480006070477,-4.063585816727606e-06
40,31 OPC-Oligo,0.0006655471603000029,0.004333781570325679,0.0012195481473811212,0.00014621472144143814,0.0009113762503296378,0.0007651615288881996,1.9796418480545687e-06
40,33 Vascular,0.0007959966505148605,0.005117512433530981,0.001458583701295332,9.488476945801686e-05,0.00024701429242853293,0.00015212952297051607,4.707381633801637e-07
40,34 Immune,0.00047625559679748613,0.0031436506551699253,0.0008726904198531247,-0.00018403336123924433,-0.0014997556811274543,-0.0014997556811274543,-2.7766124904526057e-06
41,01 IT-ET Glut,0.000829195410350841,0.004554289632874672,0.008623876943614427,-0.001141353974125557,-0.001797467336635748,-0.001797467336635748,-0.0008483695005886308
41,02 NP-CT-L6b Glut,0.001085548556456001,0.005714646637623756,0.01129002530686202,-0.0010315176146405067,-0.001050453567443749,-0.001050453567443749,-0.0006490725828256467
41,03 OB-CR Glut,0.007663551178994298,0.021561412151478682,0.07970319359434822,0.011218045776648323,0.019069154764001103,0.00785110898735278,0.0342474482782968
41,04 DG-IMN Glut,0.003336038074459045,0.01141909770103177,0.03469578036035502,-0.001137750416276154,-0.0001677027271919374,-0.0001677027271919374,-0.00031844781548765036
41,05 OB-IMN GABA,0.005577669434410628,0.02591921090068621,0.05800940795627976,0.003764502772699917,0.013035190095705324,0.009270687323005407,0.029432818729312964
41,06 CTX-CGE GABA,0.0021277410244014954,0.010098807853325118,0.02212913449985787,-0.0006234085071948068,-0.0022237479215885723,-0.0022237479215885723,-0.0026932177778307394
41,07 CTX-MGE GABA,0.0017249903046719912,0.008329834594066778,0.01794040817245356,-0.0008574670240843337,-0.0012464073349055529,-0.0012464073349055529,-0.0012238094566278648
41,09 CNU-LGE GABA,0.0016858170646160565,0.0072083916522244825,0.01753299491677465,0.0008027022546943886,0.001636598915355006,0.0008338966606606173,0.0008001839398070867
41,11 CNU-HYa GABA,0.006188905262858303,0.021986524524832473,0.0643664409333806,-0.0008728148428165417,-0.005425533420755687,-0.005425533420755687,-0.019112760951370808
41,12 HY GABA,0.004033025757799841,0.017034945132762127,0.04194465793168977,0.001382351680122595,0.002968166742345488,0.001585815062222893,0.003640413233644467
41,13 CNU-HYa Glut,0.002090108207181713,0.008635553829161969,0.02173774209621731,0.0016164959531785536,0.004213295135009034,0.0025967991818304807,0.0030894010260647514
41,14 HY Glut,0.0020659419205862925,0.009968558209780461,0.021486405584724987,0.0018964494181021698,0.007137846222326464,0.0052413968042242945,0.006163569506732691
41,16 HY MM Glut,0.003004351198276652,0.012386252447086351,0.031246138975101142,0.0006580643861640984,0.0028786787000427785,0.00222061431387868,0.0037974405531303037
41,19 MB Glut,0.002435641673833358,0.012556709969638537,0.02533139210815296,0.0008962863049063758,0.005602054750487755,0.004705768445581379,0.006523957146967653
41,20 MB GABA,0.002866731896112934,0.013397516688386698,0.029814857624395348,0.0010344395416560651,0.0033307303534358505,0.002296290811779785,0.003746977772499044
41,21 MB Dopa,0.003220208543053615,0.014964388552392174,0.03349111905518172,0.0013630737195821886,0.004868843958691292,0.0035057702391091032,0.0064259093986649635
41,22 MB-HB Sero,0.005022246467298099,0.017328357467722412,0.052232845206120544,-0.0012307644123960605,0.0006266642416066848,0.0006266642416066848,0.0017914310034641604
41,23 P Glut,0.0027512855406641138,0.013335615839457096,0.028614181462236963,0.00035975409182109456,0.0021081916235530756,0.0017484375317319812,0.002738122893306283
41,24 MY Glut,0.0016824852909119372,0.009104412689583383,0.01749834348712414,0.00014922357832007797,0.00040296183804532933,0.0002537382597252514,0.0002429989422854571
41,26 P GABA,0.0027544659455360923,0.013667056305241175,0.02864725861136784,0.0003137236895414481,0.0015818165446256274,0.0012680928550841792,0.0019881795992797513
41,30 Astro-Epen,0.009419438536541152,0.024374273247966007,0.09796494023369033,0.004703201504314484,0.005601759694548911,0.000898558190234427,0.004817684703459396
41,31 OPC-Oligo,0.006097688964880884,0.017344556137913424,0.06341776451864202,0.005407548885888194,0.010225042877586077,0.004817493991697883,0.016720667073580234
41,33 Vascular,0.01057942569006001,0.027291531291403503,0.11002914891507654,0.004031072559304367,0.004069745709096692,3.867314979232473e-05,0.00023288353669339413
41,34 Immune,0.007908616140448773,0.01926760497632849,0.0822519415063522,0.0024446014941351367,0.00024086184039177436,-0.0022037396537433625,-0.009920371438745247
42,01 IT-ET Glut,4.800701546064877e-05,0.0003200467697376584,0.001822317915888247,0.0005913935680993889,0.0007762038289321035,0.00018481026083271457,9.23981967260585e-06
42,02 NP-CT-L6b Glut,4.7375112075705405e-05,0.00031583408050470265,0.001798331237098839,-0.001553532661367099,-0.0023714911017293453,-0.0023714911017293453,-0.00011700501000715553
42,03 OB-CR Glut,0.0005782507411428978,0.0037590899895386196,0.021950056160523482,-0.006938181817794482,-0.013306847379583561,-0.013306847379583561,-0.008013533968274696
42,04 DG-IMN Glut,4.194937853106114e-05,0.0002796625235404076,0.0015923736004832953,0.0014091540504514483,0.002111146207343693,0.0007019921568922447,3.066835624881e-05
42,05 OB-IMN GABA,0.004795069309873031,0.0120361185329678,0.18201799523384551,-0.002480544291454604,-0.011961236180003307,-0.011961236180003307,-0.05973153328855248
42,06 CTX-CGE GABA,0.00014935208746267792,0.0009956805830845196,0.005669316914350591,-0.0017607087496082927,-0.0034261035869718503,-0.0034261035869718503,-0.0005328984963806373
42,07 CTX-MGE GABA,8.171253428010572e-05,0.0005447502285340384,0.0031017594770774127,0.00017827535243606033,0.00028666044350922305,0.00010838509107316272,9.223397701821318e-06
42,09 CNU-LGE GABA,3.341258072793523e-05,0.00022275053818623488,0.0012683218044764468,-0.00048161321341373437,-0.0010068774245558785,-0.0010068774245558785,-3.503638845996951e-05
42,11 CNU-HYa GABA,4.461364174902388e-05,0.0002974242783268258,0.0016935074566113712,0.00040883872334275946,0.0011118908424574152,0.0007030521191146557,3.266539434024389e-05
42,12 HY GABA,0.0001821356404263125,0.0012142376028420835,0.006913761196896607,0.0009825552552764098,0.0027364883932757657,0.001753933137999356,0.00033269071387975117
42,13 CNU-HYa Glut,8.907009202495543e-05,0.0005938006134997029,0.003381048017866046,0.0008120693892056354,0.001859841704002215,0.0010477723147965796,9.71922258424476e-05
42,14 HY Glut,7.844870798956988e-05,0.0005229913865971324,0.0029778665612916794,0.0008586770964607805,0.0017807459028926908,0.0009220688064319102,7.533240519897927e-05
42,16 HY MM Glut,4.439377180742538e-05,0.0002959584787161692,0.0016851613236577682,-9.177237029441968e-05,-0.0002956655250385787,-0.0002956655250385787,-1.3669588524016707e-05
42,19 MB Glut,5.6141655080888484e-05,0.00037427770053925655,0.0021311040251061446,-0.00021892309548090095,-0.00043334163129508984,-0.00043334163129508984,-2.5336599925993394e-05
42,20 MB GABA,0.00010338860469513574,0.0006892573646342383,0.003924570290962375,-0.00015703119831201215,-0.00030272078288203576,-0.00030272078288203576,-3.25947474484286e-05
42,21 MB Dopa,8.281454276478701e-05,0.0005520969517652467,0.003143591067436153,-1.3511323622495897e-05,-0.0003081939934384576,-0.0003081939934384576,-2.6580520857960162e-05
42,22 MB-HB Sero,2.8638829601548867e-05,0.00019092553067699247,0.0010871130348803373,-0.0007077980041041175,-0.0010645671525515786,-0.0010645671525515786,-3.175126520717378e-05
42,23 P Glut,9.856725166155128e-05,0.0006571150110770083,0.003741554581120446,-0.00045618443245081815,-0.0006162127335840528,-0.0006162127335840528,-6.325516953413959e-05
42,24 MY Glut,5.16818530655404e-05,0.0003445456871036027,0.0019618125780978394,0.0001768895671684541,0.0010044829220989527,0.0008275933549304986,4.454385297676488e-05
42,26 P GABA,8.712655325433886e-05,0.0005808436883622592,0.003307272435528061,-0.00043039761869406896,-0.0005708077561914091,-0.0005708077561914091,-5.179324331368126e-05
42,30 Astro-Epen,0.01856135525052918,0.04831349176927156,0.7045780682602882,-2.1495923555578714e-05,0.0006718903478346201,0.0006718903478346201,0.01298795554162746
42,31 OPC-Oligo,0.00045605622842006085,0.002986806457849301,0.017311624722506094,-0.001175548423027439,-0.0014247191985250986,-0.0014247191985250986,-0.0006766753810407266
42,33 Vascular,0.0004006214823342775,0.0026505162585271,0.01520735454479333,0.0011375163847898691,0.0022568045127870275,0.0011192881279971584,0.00046699135307544734
42,34 Immune,0.00020374705094125683,0.001354132476920508,0.007734117559213708,0.0011549829750871223,0.0014299155568394503,0.00027493258175232804,5.833782723806319e-05
43,01 IT-ET Glut,5.0175107024617114e-05,0.00033450071349744743,0.0017475834292955596,-0.001478233562859628,-0.005200172278916598,-0.005200172278916598,-0.0001395057066796957
43,02 NP-CT-L6b Glut,4.347716048057274e-05,0.0002898477365371517,0.0015142960267408119,-0.0006268927349282018,-0.0021581155938593566,-0.0021581155938593566,-5.0167424899227106e-05
43,03 OB-CR Glut,0.0015394858863549007,0.00816753472499441,0.0536198163624892,-0.0013501962605612778,1.7771761006658342e-06,1.7771761006658342e-06,1.4628241112764835e-06
43,04 DG-IMN Glut,0.00011910684181033751,0.0007940456120689168,0.004148454391165532,-0.0022406774359948014,-0.008608503980297045,-0.008608503980297045,-0.0005482142597403665
43,05 OB-IMN GABA,0.001271136282624832,0.0075861570771812575,0.04427328282133276,-0.001064718643659976,-0.0008013441953621165,-0.0008013441953621165,-0.0005446244628922436
43,06 CTX-CGE GABA,0.0001352004256368369,0.0009013361709122459,0.004708988928727566,-0.0010078440651741952,-0.0028182654196513093,-0.0028182654196513093,-0.00020372573098697714
43,07 CTX-MGE GABA,0.00010905449604112457,0.0007270299736074972,0.003798334303066728,-0.0018355141478042993,-0.00665654645294456,-0.00665654645294456,-0.0003881311296860737
43,09 CNU-LGE GABA,8.359053859440947e-05,0.0005572702572960633,0.002911432556024442,0.00013748285539253924,-0.0007057781086166136,-0.0008432609640091529,-3.768817034102281e-05
43,11 CNU-HYa GABA,8.114450520472612e-05,0.0005409633680315076,0.002826237971043945,0.0001641417450585699,-0.0004934348166727628,-0.0006575765617313327,-2.852931705877245e-05
43,12 HY GABA,0.00017848644124773588,0.0011899096083182392,0.006216627438890032,0.0015298335184577372,0.0046778324496227226,0.0031479989311649853,0.00030041785489219234
43,13 CNU-HYa Glut,0.00024052488190375374,0.0015854993610639329,0.008377407102331518,0.0012446308467244471,0.002639625678235838,0.001394994831511391,0.00017939839062814002
43,14 HY Glut,0.0002380489571769648,0.0013337261277620908,0.008291171411342427,-0.0008843011057487313,-0.002246090051205695,-0.002246090051205695,-0.0002858771090118092
43,16 HY MM Glut,0.00017136239927730205,0.0011424159951820135,0.0059684992646735205,-0.001002159729289536,-0.004396549770410033,-0.004396549770410033,-0.00040282226038752133
43,19 MB Glut,8.45523935062449e-05,0.0005636826233749661,0.002944933664541967,-0.0002336829022003857,-0.0007678201003242386,-0.0007678201003242386,-3.471133502122316e-05
43,20 MB GABA,8.058273036441488e-05,0.0005372182024294325,0.0028066715274399205,-0.00039084902818879534,-0.0011023802749820133,-0.0011023802749820133,-4.7496252663040786e-05
43,21 MB Dopa,6.562805163185265e-05,0.00043752034421235095,0.002285804701373316,-0.00031550852335619523,-0.0008415675517118583,-0.0008415675517118583,-2.9530066653145937e-05
43,22 MB-HB Sero,6.694812078439778e-05,0.00044632080522931855,0.0023317823008905483,-0.0008399357366486367,-0.0026320519997915766,-0.0026320519997915766,-9.421472616185557e-05
43,23 P Glut,8.729038976546316e-05,0.0005819359317697545,0.003040297225794273,-0.00070776211812202,-0.002251965139386657,-0.002251965139386657,-0.00010510273805476406
43,24 MY Glut,0.00015952447833093554,0.0010634965222062374,0.005556188146472398,-0.0006952315868996849,-0.0029114076857868,-0.0029114076857868,-0.0002483226254688614
43,26 P GABA,9.050761069587723e-05,0.0006033840713058484,0.0031523520338411397,-0.0007451375640698527,-0.0025600481473384627,-0.0025600481473384627,-0.00012388512616597286
43,30 Astro-Epen,0.0006485817062821567,0.00406567714183393,0.02258989984589049,-2.7094657210645306e-05,-0.0016585146359938518,-0.0016585146359938518,-0.0005751351852606448
43,31 OPC-Oligo,0.021584857898856048,0.08501339896562608,0.751793911854203,-0.023045825524767728,-0.07202530291837797,-0.07202530291837797,-0.831228109822348
43,33 Vascular,0.001031224628379267,0.00631610054039992,0.03591723424830764,-0.0009679528165958765,-0.004405291329953557,-0.004405291329953557,-0.002428923546427756
43,34 Immune,0.0005506449348026826,0.003624138139560207,0.019178792444121254,-2.4966402564629345e-05,-0.0011401914481355808,-0.0011401914481355808,-0.0003356876486453117
44,01 IT-ET Glut,0.001837941747970609,0.01076308879689119,0.004639780932859185,0.0016996119533053003,0.006617398278273088,0.0049177863249677874,0.00020100678395510135
44,02 NP-CT-L6b Glut,0.002912993607991781,0.01510544987998766,0.0073536891007696305,0.0016172209224138004,0.004501771019866971,0.00288455009745317,0.00018686455675197202
44,03 OB-CR Glut,0.0014237370563563337,0.008419076243054163,0.0035941444035324324,0.0007541366464056954,0.004062903148712557,0.0033087665023068613,0.0001047623487268623
44,04 DG-IMN Glut,0.001295652011556038,0.007052158038191035,0.0032708008866309765,0.001958032777320658,0.0062742101210993325,0.004316177343778675,0.00012436465567990175
44,05 OB-IMN GABA,0.00063194070880755,0.004179475383494758,0.0015952989014261603,0.000805230886018306,0.004012825221120647,0.003207594335102341,4.507804660027949e-05
44,06 CTX-CGE GABA,0.0028462824289255937,0.016537370201655882,0.007185280468133902,0.0006386161283261988,0.0025916069970590406,0.0019529908687328417,0.0001236196534902559
44,07 CTX-MGE GABA,0.003882083131089784,0.020381162905653956,0.009800101287917804,0.0002957892415562986,0.001250302234090551,0.0009545129925342524,8.240546091162258e-05
44,09 CNU-LGE GABA,0.0014896891348651637,0.009415913229997937,0.003760636729355914,0.0007955015401354574,0.0027649006351264513,0.001969399094990994,6.524371796066608e-05
44,11 CNU-HYa GABA,0.01998130294135622,0.07771485444167618,0.050441679396723886,0.008044860158943897,0.015357592712838554,0.0073127325538946564,0.0032494720975394294
44,12 HY GABA,0.0372856872574801,0.11363831436629057,0.09412562775551758,-0.005507894171980751,0.001680666181003508,0.001680666181003508,0.001393583292698276
44,13 CNU-HYa Glut,0.02482960558527883,0.09674099629766902,0.06268094769172897,0.011411684795056654,0.02912303705597728,0.017711352260920625,0.009779819945591883
44,14 HY Glut,0.028688058430401626,0.09669272658277529,0.07242139564711396,-0.006735859985262097,-0.0038795079926466315,-0.0038795079926466315,-0.0024750679424624094
44,16 HY MM Glut,0.011786369808356383,0.04759793397312939,0.02975402999840538,-0.0007315954636480549,0.003820716580969353,0.003820716580969353,0.001001461375231978
44,19 MB Glut,0.07231413090000759,0.18085027399236714,0.18255297051531139,-0.010789019553486616,-0.015551069889162607,-0.015551069889162607,-0.025008794714207774
44,20 MB GABA,0.024591209382317153,0.09696881374292027,0.06207912983858486,0.0004800784403200203,0.00483620493881918,0.00435612649849916,0.002382262903039128
44,21 MB Dopa,0.00923349516736889,0.043440470756349915,0.023309441046491047,0.001335567811767596,0.0038194713518563965,0.0024839035400888005,0.0005100469678409114
44,22 MB-HB Sero,0.03435223163935998,0.12266927364953706,0.08672028345699957,0.009006941216652388,0.006250396829812386,-0.0027565443868400015,-0.0021058588732297922
44,23 P Glut,0.028927572715838845,0.09724501787130743,0.07302603603680316,0.0024615525859408107,0.008045300252309259,0.005583747666368448,0.0035920890566872314
44,24 MY Glut,0.05847365791976307,0.12431199802246169,0.14761347218442186,-0.0022475013939234375,0.0032757056303392867,0.0032757056303392867,0.004259655209778844
44,26 P GABA,0.027863494064820582,0.1094072754646762,0.07033982912001245,0.0045786564362111,0.007910828635328406,0.0033321721991173064,0.002064773082410855
44,30 Astro-Epen,0.00043975756888786654,0.0027061731681588086,0.001110143335858902,0.0006560450820364632,0.0018276340400715642,0.001171588958035101,1.145771222989901e-05
44,31 OPC-Oligo,0.0005035360122852868,0.0032634249429988778,0.0012711484416679036,0.0009828968504765597,0.0022087167751992137,0.001225819924722654,1.3726712252012524e-05
44,33 Vascular,0.0003377783349619874,0.0021223430405142426,0.0008527024753749781,0.0007783421544241389,0.0019507682867085925,0.0011724261322844536,8.806971640810494e-06
44,34 Immune,0.00019863001815876582,0.00129483346557662,0.0005014303483579464,0.00034543246044882735,0.00013704440971340693,-0.00020838805073542042,-9.20506823156645e-07
45,01 IT-ET Glut,0.001221478249096315,0.0075275628618678685,0.007499655435622737,-0.000410706902364027,-0.0006195113999010924,-0.0006195113999010924,-2.1163114226564155e-05
45,02 NP-CT-L6b Glut,0.0011811426869707561,0.00721178218886851,0.007252002382473696,0.0008690455397387578,0.0009795340357382897,0.00011048849599953187,3.6497571073102323e-06
45,03 OB-CR Glut,0.0018622605773447232,0.010791621492769365,0.01143394298814733,-0.0008723977857062638,-0.003863735738127187,-0.003863735738127187,-0.0002012298485753551
45,04 DG-IMN Glut,0.0007646291830850809,0.004801425874042493,0.004694684832417045,-0.002517631648226852,-0.007041181158643896,-0.007041181158643896,-0.00015057085736366118
45,05 OB-IMN GABA,0.0003046385312106654,0.002030923541404436,0.00187042546044882,-0.0032759470561644277,-0.005611768668253738,-0.005611768668253738,-4.781114323929091e-05
45,06 CTX-CGE GABA,0.005278246315263866,0.023406990396842183,0.03240747733175804,-0.000511865465686658,-0.0011715416869623981,-0.0011715416869623981,-0.0001729385986975469
45,07 CTX-MGE GABA,0.11307988408527947,0.30858601673966646,0.6942900276506558,0.007382326543606411,0.025436398181939383,0.01805407163833297,0.05709591691226595
45,09 CNU-LGE GABA,0.0009536244442396649,0.006120348756201519,0.005855081539172608,1.422369323073021e-05,-0.0023357335322700206,-0.0023499572255007506,-6.267319971566488e-05
45,11 CNU-HYa GABA,0.0021629074985183693,0.013124566007659027,0.013279860685209316,0.0003099705929031743,0.00019066032016707872,-0.00011931027273609561,-7.217060076317108e-06
45,12 HY GABA,0.0026083848736605823,0.014966605373020563,0.016015011164068813,0.0007507520896062358,0.0037823533751100663,0.0030316012855038307,0.00022115068620784148
45,13 CNU-HYa Glut,0.0006860461553103743,0.004573641035402495,0.004212199260664715,-0.0002232514976290739,-0.0016941621005548716,-0.0016941621005548716,-3.2505199258308083e-05
45,14 HY Glut,0.0025800443574474294,0.013639839369285128,0.015841005522442716,-0.0013478218203607163,-0.003241148672187217,-0.003241148672187217,-0.00023386792427046668
45,16 HY MM Glut,0.001989338916107974,0.011178941121917989,0.01221418099464545,9.283105048943818e-05,-0.0002477549779870327,-0.0003405860284764709,-1.894873152806005e-05
45,19 MB Glut,0.005125572450850778,0.023351193769113095,0.031470087429015,0.0012199314938873718,0.00229435777715477,0.0010744262832673983,0.00015401518299638773
45,20 MB GABA,0.004728792230803451,0.021033421629556202,0.029033928671192626,0.0010220121205303963,0.002489866303411632,0.0014678541828812358,0.00019412330795451932
45,21 MB Dopa,0.0017573149307211155,0.010004290394917646,0.01078959570670538,-0.00043434051323651575,-0.001436169004983458,-0.001436169004983458,-7.058293028274241e-05
45,22 MB-HB Sero,0.0013280627576938604,0.007925456806369573,0.008154065033049576,0.00046427766995328846,0.0018549432710787195,0.001390665601125431,5.1651845834876224e-05
45,23 P Glut,0.004249787307053773,0.021381501175186196,0.0260929251103457,0.00032269824182146374,0.0007607885518255319,0.0004380903100040681,5.206853733611764e-05
45,24 MY Glut,0.003726147784017142,0.01606335453310448,0.022877873186044995,0.002924554864128487,0.005806036719002897,0.00288148185487441,0.0003002759159671644
45,26 P GABA,0.005941949209285233,0.027068605328988325,0.0364824930108898,-0.0004895437401339845,-0.0032038105084319325,-0.0032038105084319325,-0.000532402752940285
45,30 Astro-Epen,0.0003161405813280398,0.002106528118779003,0.0019410459669927482,-0.0008469199115804416,-0.0023842087207789258,-0.0023842087207789258,-2.1079924711850047e-05
45,31 OPC-Oligo,0.0005505449678516789,0.0035312404373110456,0.003380246487203736,-0.0005181664603121817,-0.0006210077154384816,-0.0006210077154384816,-9.561682728496669e-06
45,33 Vascular,0.0002681396293916173,0.0017817879499133187,0.0016463288073778404,-0.0001657359100330803,-0.0004164163200028427,-0.0004164163200028427,-3.1227217081866604e-06
45,34 Immune,0.00020617144104900553,0.001371682963292801,0.0012658553434555888,-0.0006675189146497487,-0.0018890072570905104,-0.0018890072570905104,-1.0891975820310162e-05
46,01 IT-ET Glut,0.0024211362185766272,0.011577276927861306,0.030173225501359445,0.00021300695862313954,0.00111022916354175,0.0008972222049186103,0.0014727622392311911
46,02 NP-CT-L6b Glut,0.002452714821185164,0.011336535448970527,0.030566771428356218,0.0010965017939260726,0.004654396057008445,0.003557894263082372,0.005916345059593006
46,03 OB-CR Glut,0.0030204780762408505,0.01397501234759343,0.03764247769995644,0.0023636913988318016,0.008755938074331338,0.0063922466754995355,0.013090089521518387
46,04 DG-IMN Glut,0.0027431264412451613,0.01312876959043053,0.03418600409814666,-0.0016098762988303544,-0.009149794723993654,-0.009149794723993654,-0.017016513398038703
46,05 OB-IMN GABA,0.004375090444908272,0.023278381091152822,0.05452423104911819,0.0025384196841777753,0.014865747834590996,0.01232732815041322,0.03656532141648128
46,06 CTX-CGE GABA,0.003278927816796021,0.015697367497538264,0.040863387883656704,-0.0005894786631269696,-0.002320021480629155,-0.002320021480629155,-0.0051574765848306095
46,07 CTX-MGE GABA,0.0028496554279491774,0.013346558835658717,0.035513613471625564,0.00132774756073233,0.004887295028593128,0.0035595474678607976,0.006877024019631996
46,09 CNU-LGE GABA,0.0023172502326077493,0.01206422026674292,0.028878554323001373,-0.0002827482595405591,-0.0006656549163323466,-0.0006656549163323466,-0.0010457683196227435
46,11 CNU-HYa GABA,0.0027629548659845425,0.014156045925493405,0.034433114329453604,0.0004864831680083864,0.00302152100822075,0.0025350378402123636,0.0047486661698457125
46,12 HY GABA,0.0026971818260662244,0.013435134742421691,0.033613422834965094,0.000536965841307067,0.002155967200870024,0.0016190013595629572,0.0029605393713884073
46,13 CNU-HYa Glut,0.0021905484831311324,0.010921510143642229,0.027299543431733866,0.001181549180902094,0.004132750213990841,0.0029512010330887467,0.0043829353726097964
46,14 HY Glut,0.003626561889174633,0.015549320717615518,0.045195751001995556,0.0011042430146783104,0.0031837400360038644,0.0020794970213255538,0.005112894114755504
46,16 HY MM Glut,0.0029605836684898136,0.013501361004786348,0.03689604821058023,0.0009403063820247239,0.004154111338684129,0.0032138049566594047,0.006450750700409808
46,19 MB Glut,0.0040100499728692824,0.017127447812613463,0.04997494200232904,0.0032573822556996365,0.00894453640067522,0.0056871541449755834,0.01546173363419082
46,20 MB GABA,0.002988567702918176,0.014432906265300511,0.03724479710573375,0.0017427694517191058,0.005102016193127224,0.0033592467414081187,0.006806414700403784
46,21 MB Dopa,0.002509707778866792,0.01174621164141032,0.03127704181749119,0.001442418498104907,0.004995833940213349,0.0035534154421084417,0.0060462005016993815
46,22 MB-HB Sero,0.0049181411760274825,0.0187415092013418,0.06129195937560245,0.0034929451365553563,0.005701711713542698,0.0022087665769873416,0.007364855255509747
46,23 P Glut,0.0027699249672270233,0.013469155718990912,0.034519978684686085,0.002068592019105989,0.007940768011300713,0.005872175992194724,0.011027586445417579
46,24 MY Glut,0.001737985838142053,0.008972341214800455,0.021659515978518108,0.0018593751598697994,0.007655810769458184,0.005796435609588384,0.0068299991872227935
46,26 P GABA,0.002712906982033511,0.013493095366019427,0.03380939639209272,0.0018188583237063684,0.006772829614370114,0.004953971290663745,0.009111749918778249
46,30 Astro-Epen,0.004238972230476879,0.02258020970972581,0.05282786818140007,0.0007017595697195681,0.0037555339621661832,0.003053774392446615,0.008776289149776427
46,31 OPC-Oligo,0.0025872796089739503,0.013655786605686122,0.032243774834996686,-0.0007713555037436808,-0.0021208579215238835,-0.0021208579215238835,-0.0037202176105861733
46,33 Vascular,0.0038749060469823247,0.019193096537429146,0.04829072113130202,0.0005313614087036232,0.0037268408972141493,0.003195479488510526,0.008394805026967973
46,34 Immune,0.010196560623152365,0.0389920058404889,0.12707385923189898,-0.0005342575488794266,-0.00046145829333036855,-0.00046145829333036855,-0.0031900652338882375
47,01 IT-ET Glut,5.1024837905147045e-05,0.0003401655860343136,0.0019779302755832703,0.0018680351612313198,0.004408167283610418,0.0025401321223790987,6.863197512635002e-05
47,02 NP-CT-L6b Glut,5.465089461778069e-05,0.0003643392974518713,0.0021184909838060503,0.0011696574108714596,0.0026708763864069173,0.0015012189755354577,4.344400730009903e-05
47,03 OB-CR Glut,0.00015529547443053022,0.0010353031628702013,0.006019884298470819,0.0006847903222357772,0.0015183271501932247,0.0008335368279574475,6.854442693439162e-05
47,04 DG-IMN Glut,2.89881745570442e-05,0.0001932544970469613,0.001123699563668514,0.0034042302215640022,0.007674018649070586,0.004269788427506584,6.554141008520481e-05
47,05 OB-IMN GABA,0.00016391473865712722,0.0010927649243808483,0.006354002041259734,0.0024359818737302876,0.005935957158139048,0.0034999752844087607,0.00030378864741293927
47,06 CTX-CGE GABA,7.70017286953651e-05,0.0005133448579691007,0.002984900231176399,0.0014307196017681529,0.003548828047604995,0.002118108445836842,8.636489001290055e-05
47,07 CTX-MGE GABA,0.00012578578189976122,0.00083783061664509,0.004875968576714578,0.0018787810103237457,0.00404245770446112,0.002163676694137374,0.00014411609237715745
47,09 CNU-LGE GABA,2.700115587916222e-05,0.00018000770586108146,0.0010466746369369826,0.0007090232506231463,0.001295176656342529,0.0005861534057193827,8.380736880288422e-06
47,11 CNU-HYa GABA,6.616150482977739e-05,0.0004410766988651827,0.0025646890583804266,0.0009136665972563102,0.0022622234505197346,0.0013485568532634244,4.7245798361518936e-05
47,12 HY GABA,7.5151732103332e-05,0.0005010115473555468,0.0029131868378695874,-0.0001995090574036762,-0.0008713092383899798,-0.0008713092383899798,-3.467367471599311e-05
47,13 CNU-HYa Glut,9.120435646711017e-05,0.0006080290431140679,0.0035354518569316006,0.0006444125441195196,0.0011748881423308546,0.0005304755982113349,2.5619435229156852e-05
47,14 HY Glut,0.00014802019217121255,0.000986801281141417,0.005737864763771489,-6.5048250552204885e-06,-5.28219340427461e-05,-5.28219340427461e-05,-4.140223817448723e-06
47,16 HY MM Glut,6.346941659554273e-05,0.0004231294439702849,0.002460332767569023,0.0010010235712790898,0.0024907704653835436,0.0014897468941044538,5.006861200319723e-05
47,19 MB Glut,5.5519674097978766e-05,0.00037013116065319186,0.002152168410471936,0.0001024307441260372,0.00012802619636940728,2.5595452243370073e-05,7.524857373226065e-07
47,20 MB GABA,5.301052716706254e-05,0.0003534035144470837,0.0020549036687441545,-0.00044468225556652515,-0.0008417640467077589,-0.0008417640467077589,-2.3628766603346888e-05
47,21 MB Dopa,0.00011343440407487805,0.000756229360499187,0.0043971789293977374,0.00014313136352501045,0.00011180639125246674,-3.132497227254371e-05,-1.8815858836840344e-06
47,22 MB-HB Sero,3.900326729672487e-05,0.00026002178197816585,0.0015119252975633074,-0.0009017346868773602,-0.0014809527470040571,-0.0014809527470040571,-3.058656791812735e-05
47,23 P Glut,0.00011166538142014765,0.0007444358761343177,0.004328604415285837,-0.0007185814719735974,-0.001579368459623312,-0.001579368459623312,-9.338789182892755e-05
47,24 MY Glut,2.491172677297756e-05,0.00016607817848651705,0.0009656798654202141,0.0012348080672791597,0.0028250580602929396,0.0015902499930137799,2.097769618954409e-05
47,26 P GABA,8.757429057538412e-05,0.0005832351120577026,0.003394735736618696,-0.0007053456179974284,-0.0016658589414813732,-0.0016658589414813732,-7.72508753446252e-05
47,30 Astro-Epen,0.00033080692153850474,0.002135183942145588,0.012823421932272424,0.00014641864732463936,0.0003564912727155525,0.00021007262539091316,3.6798711143193665e-05
47,31 OPC-Oligo,0.023025217491084368,0.08184375134612457,0.8925510917284314,-0.006205946924225864,-0.012015569435657188,-0.012015569435657188,-0.14649967313999443
47,33 Vascular,0.0004638421692203166,0.0029219151840078504,0.017980409292011425,0.0004281778750575775,0.001093250707509078,0.0006650728324515006,0.0001633533306590788
47,34 Immune,0.0003644304026034208,0.002312543689515483,0.014126804831644453,0.0007071586356722895,0.001514285695604022,0.0008071270599317326,0.00015575610052080807
48,01 IT-ET Glut,0.0012907670687805032,0.00809968775889644,0.009747914531358193,0.0011939515094847378,0.003049732062440285,0.0018557805529555473,0.00010180875117874664
48,02 NP-CT-L6b Glut,0.0013098600997585898,0.00801702243109957,0.009892105717065156,0.0022063112682332697,0.0043029038811964486,0.002096592612963179,0.00011672115557138917
48,03 OB-CR Glut,0.0015893788530524765,0.010103484157200278,0.012003040356569775,-0.00027919394764493817,-0.0016283240828166223,-0.0016283240828166223,-0.00010999650611545553
48,04 DG-IMN Glut,0.0010950698512479273,0.006713080403849963,0.008270002833212322,-0.0006662091204271581,-0.0036036745646720507,-0.0036036745646720507,-0.00016772507742064048
48,05 OB-IMN GABA,0.0003045868413317969,0.00203057894221198,0.002300249648826153,-0.0031978897812988414,-0.0026430332623455224,-0.0026430332623455224,-3.421561732429483e-05
48,06 CTX-CGE GABA,0.001903301586380465,0.01029085749402236,0.014373794962838674,-0.0003622554373464831,-1.8234204825948583e-05,-1.8234204825948583e-05,-1.47504426265548e-06
48,07 CTX-MGE GABA,0.0015916796665271474,0.009005265665999341,0.012020416174132954,0.0007905785078844052,0.0031332896766749943,0.002342711168790589,0.00015848385642597217
48,09 CNU-LGE GABA,0.08746186126448718,0.2607873603375938,0.660514796961178,0.021018607471786094,0.040837366639457355,0.01981875916767126,0.07367256484357365
48,11 CNU-HYa GABA,0.008126864311989172,0.03049428297142412,0.061374341379859775,0.0014247916843364706,0.0020977680351527525,0.0006729763508162819,0.00023245207417373529
48,12 HY GABA,0.004890040391072726,0.02411453895105195,0.03692974273979738,-0.0014695092918505146,-0.0027330003252057497,-0.0027330003252057497,-0.0005680188442908981
48,13 CNU-HYa Glut,0.000604278481600589,0.00402763606169582,0.004563530581351644,-0.001207096912434195,-0.001185402564075806,-0.001185402564075806,-3.044483367088914e-05
48,14 HY Glut,0.002682951521536767,0.014547024841673325,0.02026173641726617,0.0005903590229293658,0.0018693862610839654,0.0012790272381545996,0.0001458489251544216
48,16 HY MM Glut,0.0022407610366439244,0.013058724566816917,0.016922299614475948,0.0016015396802254553,0.0066703200197821165,0.005068780339556661,0.00048273593540283405
48,19 MB Glut,0.002874373539238531,0.015111826549064553,0.021707361668412268,0.00044706152464993906,0.001646509013674696,0.0011994474890247569,0.00014653287140491597
48,20 MB GABA,0.0016083387002769193,0.009270820448764205,0.012146225734273973,0.0005498248685532308,0.0022920828125939487,0.0017422579440407179,0.00011909693358390245
48,21 MB Dopa,0.0015723728672355636,0.00929715819944381,0.011874610603228317,0.0006999449562758303,0.002728315371858838,0.0020283704155830075,0.00013555433875142372
48,22 MB-HB Sero,0.003505231903455388,0.017043860391175166,0.026471624380497386,0.0006832035460693881,0.0038698201549219966,0.0031866166088526087,0.00047474148656702564
48,23 P Glut,0.0023610853582297395,0.013473898265166706,0.017830992771615702,0.0008313547361548469,0.002165535951326898,0.001334181215172051,0.00013388660334791102
48,24 MY Glut,0.0006817975751075098,0.004273015874421524,0.005148957275548106,0.0007324457239950813,0.0046123705574976775,0.0038799248335025962,0.0001124318556054744
48,26 P GABA,0.0021639068614193726,0.012350598366715742,0.016341894404591908,0.0008865117445673368,0.0027833318875487975,0.0018968201429814607,0.0001744517502653418
48,30 Astro-Epen,0.0005126554095894914,0.0032284702171455166,0.003871590186630793,-0.0004355327487739872,-0.0012919298685726366,-0.0012919298685726366,-2.8149785996426545e-05
48,31 OPC-Oligo,0.0006407498390351319,0.003896595785567034,0.004838963448918081,0.00010224985632768854,0.0010806617885735525,0.000978411932245864,2.664531509775451e-05
48,33 Vascular,0.0008437945328774401,0.004613780216077954,0.006372363525115088,-0.0007039652372102663,-0.002554807265271537,-0.002554807265271537,-9.162320171222196e-05
48,34 Immune,0.0005589812044218307,0.003060811586778106,0.004221444083236261,-0.0008231185725123702,-0.002444864799228766,-0.002444864799228766,-5.8084822553039646e-05
49,01 IT-ET Glut,3.761073643958244e-05,0.0002507382429305496,0.0011289821082272084,0.0003742840607976977,0.0007873756174141352,0.0004130915566164375,5.262887435149924e-06
49,02 NP-CT-L6b Glut,3.181121868424395e-05,0.00021207479122829304,0.0009548948022622983,0.000338500822564237,0.0007127198981634281,0.0003742190755991911,4.032479372788948e-06
49,03 OB-CR Glut,0.00045927475736478967,0.003061831715765265,0.013786302341039627,0.002498749707269824,0.005512339038328856,0.0030135893310590323,0.00046883774862144315
49,04 DG-IMN Glut,0.00016191242523929726,0.0010794161682619815,0.00486021409042294,0.0005081339578726186,0.0016236769861264207,0.0011155430282538022,6.118323414683884e-05
49,05 OB-IMN GABA,0.0007103410976744807,0.004704264656733422,0.02132269840823856,0.0008638498273476513,0.004690466010047682,0.003826616182700031,0.0009207628140498809
49,06 CTX-CGE GABA,6.751377112855069e-05,0.0004500918075236712,0.0020265979047106,0.0013659475185344731,0.0032851922743590634,0.0019192447558245903,4.38923319906536e-05
49,07 CTX-MGE GABA,6.034056259691529e-05,0.0004022704173127686,0.0018112757691334791,0.0008043421846753292,0.002017418234162742,0.0012130760494874129,2.4794954121894638e-05
49,09 CNU-LGE GABA,8.767577408423968e-05,0.0005845051605615979,0.0026318118079151414,0.0009989588852908262,0.0026267404089268384,0.0016277815236360122,4.8343896258055633e-05
49,11 CNU-HYa GABA,9.773444231147055e-05,0.0006515629487431373,0.002933748370082155,0.00042662396244379144,0.0007957212215804841,0.00036909725913669266,1.2219526710799395e-05
49,12 HY GABA,0.0001494834912274249,0.0009965566081828327,0.004487127959916523,7.613327803521216e-05,6.0919305819878174e-05,-1.5213972215333987e-05,-7.703742835520527e-07
49,13 CNU-HYa Glut,0.00012163024060270784,0.0008108682706847189,0.003651041656161525,0.00032063586549136575,0.0007395409393268058,0.00041890507383544006,1.7259297396148152e-05
49,14 HY Glut,0.00011559100574945802,0.000770606704996387,0.003469758630564462,0.00015331412840130824,-0.00021518603440099358,-0.0003685001628023018,-1.4428714903240612e-05
49,16 HY MM Glut,3.5097019638842296e-05,0.0002339801309256153,0.0010535264920431273,0.00024725864762058794,0.0008084656243572449,0.0005612069767366569,6.672048979523622e-06
49,19 MB Glut,8.999962223983765e-05,0.0005999974815989177,0.002701568032819735,-3.233468653574885e-06,-8.613237525455332e-05,-8.613237525455332e-05,-2.6258688789572198e-06
49,20 MB GABA,5.3364368071937e-05,0.0003557624538129134,0.0016018675110722462,-0.00032368857088709816,-0.0005132817465411974,-0.0005132817465411974,-9.278400540906766e-06
49,21 MB Dopa,0.0001871154543216427,0.0011896233039116234,0.005616747240280452,-9.121826753956304e-06,0.0004849342647703197,0.0004849342647703197,3.073678617920624e-05
49,22 MB-HB Sero,3.7696239392477493e-05,0.00025130826261651664,0.0011315486972695201,-0.0006069625530219137,-0.0006630770536715345,-0.0006630770536715345,-8.46696864614207e-06
49,23 P Glut,7.519065873692004e-05,0.0005012710582461336,0.0022570392514426126,-0.00042078261952072733,-0.0005559948821557421,-0.0005559948821557421,-1.416121802939827e-05
49,24 MY Glut,2.6734638659830718e-05,0.00017823092439887147,0.0008025083147561842,0.00034394176914090483,0.0009547030388820138,0.000610761269741109,5.531102843059691e-06
49,26 P GABA,5.6562040399682235e-05,0.000377080269331215,0.0016978537955151705,-0.00034828359500513453,-0.00033178196402757507,-0.00033178196402757507,-6.3568763962048545e-06
49,30 Astro-Epen,0.00026082510271876845,0.0017388340181251232,0.007829330191899922,0.00015408653555406952,0.00043106328202676715,0.00027697674647269763,2.4471389090146604e-05
49,31 OPC-Oligo,0.00018842490757801515,0.00125604357067644,0.005656053817017633,0.0008149590702202233,0.0020762395780483172,0.0012612805078280939,8.050371472368333e-05
49,33 Vascular,0.0011856765690002788,0.007677435727936184,0.03559110401084184,-2.0671659990512317e-05,0.0011381846423202434,0.0011381846423202434,0.00045713543236271253
49,34 Immune,0.029016240165572995,0.10120212585096315,0.870996398796367,0.012948999314490965,0.03289024581568748,0.019941246501196518,0.19600148641149273
50,01 IT-ET Glut,4.5057203600532103e-05,0.00030038135733688074,0.002841379974324669,-6.386559956420571e-05,-0.00021114904390087707,-0.00021114904390087707,-1.7030916702741837e-05
50,02 NP-CT-L6b Glut,2.6952526219496294e-05,0.00017968350812997533,0.0016996698005606575,1.1926255141879743e-05,2.574198975877073e-05,1.3815734616890987e-05,6.665889816004146e-07
50,03 OB-CR Glut,0.00010305290270860971,0.0006870193513907315,0.006498682356062019,0.00010886106347112488,0.0005842979837303077,0.00047543692025918286,8.770771652708574e-05
50,04 DG-IMN Glut,5.7699134045215904e-05,0.0003846608936347727,0.0036386005102636925,-0.00043219660711341627,-0.0011984211372517708,-0.0011984211372517708,-0.00012378369051945575
50,05 OB-IMN GABA,0.00036837750815328673,0.002455850054355245,0.023230480167792975,0.0002700506242763105,0.0016039122711621239,0.0013338616468858133,0.0008796067678138268
50,06 CTX-CGE GABA,7.087336882695664e-05,0.0004724891255130443,0.0044693890167534205,0.00027844518435927345,0.0011148075778516062,0.0008363623934923327,0.00010611144886807695
50,07 CTX-MGE GABA,5.0615491623083066e-05,0.00033743661082055385,0.0031918945872337233,-0.00011674061329386658,-0.00028506877566644923,-0.00028506877566644923,-2.582960597072853e-05
50,09 CNU-LGE GABA,3.613841461624024e-05,0.00024092276410826833,0.0022789467474456024,0.0007470704253938164,0.0025642628037256883,0.001817192378331872,0.0001175586726965827
50,11 CNU-HYa GABA,0.0005976931972110214,0.0038761781827430122,0.037691497599407736,-0.001740030151655099,-0.003528896696964095,-0.003528896696964095,-0.0037757386816160425
50,12 HY GABA,0.00014309583618286832,0.0009539722412191221,0.009023854363976635,-0.0027758222409695757,-0.007352197234293722,-0.007352197234293722,-0.001883340375851647
50,13 CNU-HYa Glut,3.2213218108455075e-05,0.00021475478738970048,0.002031417521011804,-0.0036851224991787013,-0.010054193835786778,-0.010054193835786778,-0.0005797837487973269
50,14 HY Glut,0.00026500616963920446,0.0017667077975946964,0.016711716735932303,-0.002769262572649337,-0.007464677112003209,-0.007464677112003209,-0.0035412100077576686
50,16 HY MM Glut,0.00017892059332396266,0.0011928039554930843,0.01128302136484546,-7.758845594978245e-05,4.136775926749887e-05,4.136775926749887e-05,1.324972908068108e-05
50,19 MB Glut,0.00019903334141134954,0.001326849372913536,0.012551363718063825,-0.0002792248179125525,-0.0005517782319800179,-0.0005517782319800179,-0.00019659617708111184
50,20 MB GABA,0.00018560944034678867,0.0012206302944100355,0.011704830852857152,0.00011827390260731697,0.00015996008613344652,4.168618352612955e-05,1.3850864113973785e-05
50,21 MB Dopa,6.658790031795083e-05,0.0004439193354530055,0.00419914045650002,0.0001125960485855051,0.00022134811701587074,0.00010875206843036564,1.2963358086437473e-05
50,22 MB-HB Sero,8.125512582826406e-05,0.0005417008388550939,0.005124079367786911,1.3182828058563157e-05,6.144307332716952e-05,4.8260245268606364e-05,7.0198036232646e-06
50,23 P Glut,0.00021465806543436832,0.0014310537695624557,0.013536684030814677,7.532677227946671e-05,0.00014887408092831801,7.35473086488513e-05,2.8261725064825003e-05
50,24 MY Glut,0.0001991025926530017,0.0013199684386280726,0.012555730813123077,-0.00031626146606235383,-0.0012551269915787437,-0.0012551269915787437,-0.000447351868499152
50,26 P GABA,0.00015598809398277298,0.0010399206265518201,0.00983686094692506,0.000146200868854231,0.0006103165861139294,0.0004641157172596984,0.00012959922325414503
50,30 Astro-Epen,0.012153076686497634,0.04542593114844749,0.7663926290143442,0.0033702700501803268,0.006888555404532625,0.003518285354352298,0.07654238139765664
50,31 OPC-Oligo,0.00032149995106103065,0.0021394710633701342,0.020274305764514545,0.0002970080575379787,0.001646697804458936,0.0013496897469209572,0.000776782675535325
50,33 Vascular,0.00020876672683913558,0.0013917781789275709,0.013165166711300809,-0.00039896829137864504,-0.0006976583531354286,-0.0006976583531354286,-0.00026072864746266004
50,34 Immune,9.623378166659981e-05,0.0006415585444439989,0.006068657578158712,-0.0001629084263228223,-0.0003877909625760225,-0.0003877909625760225,-6.680514442962731e-05
51,01 IT-ET Glut,0.00025261743804904675,0.0016817089382496827,0.0043806030140403525,-0.00048072446599752304,-0.0018047414977379833,-0.0018047414977379833,-5.490054322719517e-05
51,02 NP-CT-L6b Glut,0.00027539809672878855,0.0018335219350590027,0.004775639171658759,-0.0012732894411793285,-0.00350802916030815,-0.00350802916030815,-0.00011633822680676167
51,03 OB-CR Glut,0.0010758936285853564,0.00680206237403403,0.018656918178596847,0.0010677846728416108,0.003188235536011416,0.002120450863169805,0.0002747235308437111
51,04 DG-IMN Glut,0.00028857824497468653,0.0019238549664979101,0.005004194245201503,-0.0013205580168520418,-0.002877181612441791,-0.002877181612441791,-9.998369323402792e-05
51,05 OB-IMN GABA,0.001974305667437294,0.012190498669779795,0.03423615338753292,0.0018288804129648,0.005254500903191538,0.0034256204902267376,0.0008144266018606165
51,06 CTX-CGE GABA,0.0003857639060793211,0.002545734599372071,0.006689476952699348,0.0009180862946625205,0.0027192347667250485,0.001801148472062528,8.366993187462868e-05
51,07 CTX-MGE GABA,0.0002966903699994155,0.0019732090104398097,0.005144865449881761,-4.470668797489061e-05,-0.0007184582073575508,-0.0007184582073575508,-2.56686643668499e-05
51,09 CNU-LGE GABA,0.00020018710643330274,0.001334580709555352,0.0034714161009086046,-0.001039606802527822,-0.0029633270620679623,-0.0029633270620679623,-7.14354854160722e-05
51,11 CNU-HYa GABA,0.000336314005214,0.002196916018742739,0.0058319732647213055,-0.00029213076709660025,-0.0001843829541385651,-0.0001843829541385651,-7.467307450059061e-06
51,12 HY GABA,0.0005621149081973632,0.0037378366394277035,0.009747554563546399,-0.0007092751088350844,-0.0005980460627956817,-0.0005980460627956817,-4.048163549184133e-05
51,13 CNU-HYa Glut,0.0007543200742155814,0.004457242601508231,0.013080556972548979,-0.0008210577339561603,0.0018831251708639576,0.0018831251708639576,0.00017105397256612603
51,14 HY Glut,0.0004656830382602023,0.0030940645899756366,0.008075343241324622,5.143452211788928e-05,-0.0010315252718905508,-0.00108295979400844,-6.0729689951724064e-05
51,16 HY MM Glut,0.00023013862016952355,0.0015342574677968237,0.003990801034748705,-0.00013209570476615233,-0.0008915813361815056,-0.0008915813361815056,-2.4708636729729256e-05
51,19 MB Glut,0.0003987696264913191,0.002657196595998489,0.006915007298017405,-0.00025557673886248257,-0.0011927200415270264,-0.0011927200415270264,-5.7274182525870314e-05
51,20 MB GABA,0.0003658467247701232,0.0024271863399436566,0.006344095948331309,0.00018161768664808804,-0.0007042853803379928,-0.0008859030669860808,-3.902866420961706e-05
51,21 MB Dopa,0.00033325443366496126,0.0022208496408697184,0.005778917670250471,-0.00044307717330529226,-0.0019000350504964191,-0.0019000350504964191,-7.624929972307517e-05
51,22 MB-HB Sero,0.0008430768359555807,0.005288627236270498,0.014619675336654998,-0.0006635295313093116,-0.002636483305130254,-0.002636483305130254,-0.00026766432639923943
51,23 P Glut,0.0002946497578310599,0.001964162199920678,0.005109479484905542,-0.00018615729733408368,-0.001376094173187331,-0.001376094173187331,-4.8826158346934025e-05
51,24 MY Glut,7.62426746093653e-05,0.0005082844973957688,0.0013221133614989718,-0.0003169420531625289,0.00021677164108777246,0.00021677164108777246,1.9902099784416303e-06
51,26 P GABA,0.0003207209257575091,0.00213813950505006,0.005561575894718634,-7.595273395961885e-05,-0.0013337496159443395,-0.0013337496159443395,-5.151099216914609e-05
51,30 Astro-Epen,0.0007440745168118439,0.004903421799474974,0.012902890220839534,-0.0010672401522016373,-0.0022791201268489224,-0.0022791201268489224,-0.00020421232891903437
51,31 OPC-Oligo,0.046632336365570494,0.1768803451345613,0.808644703280936,0.02580094641267241,0.042369827297001755,0.016568880884329347,0.09304191950519472
51,33 Vascular,0.0003653712426715461,0.0024013347492748637,0.006335850680980665,-2.014874411143261e-05,0.0008163473510922578,0.0008163473510922578,3.591762906326721e-05
51,34 Immune,0.00019492664828926618,0.0012995109885951077,0.0033801952454563153,-0.0006341334230759494,-0.0004897074548000617,-0.0004897074548000617,-1.1494927631538839e-05
52,01 IT-ET Glut,0.0007605538677306503,0.004964640936848284,0.005112703354310658,-0.0007148076678217243,-0.0009890379294267343,-0.0009890379294267343,-3.403568638146049e-05
52,02 NP-CT-L6b Glut,0.0006909166411662584,0.0044646429137372755,0.004644578088045169,-0.000656405033666506,-0.0016720783658634405,-0.0016720783658634405,-5.2272571801709745e-05
52,03 OB-CR Glut,0.002045975937289462,0.010002487453162701,0.013753750366993457,-0.0028947119943893854,-0.00845062830553111,-0.00845062830553111,-0.0007823140114558957
52,04 DG-IMN Glut,0.0006997321319739428,0.004569229435441234,0.004703838833844578,-0.0016332508341025342,-0.004764624935560173,-0.004764624935560173,-0.00015085236511706263
52,05 OB-IMN GABA,0.000301273684040101,0.0020084912269340066,0.0020252647975525884,-0.0013366683935767216,-0.0037077370386830377,-0.0037077370386830377,-5.0543080816131274e-05
52,06 CTX-CGE GABA,0.00374761453115317,0.018429130560723594,0.025192747282005584,-0.0009550237243751219,-0.0024739713937024623,-0.0024739713937024623,-0.00041950889600970916
52,07 CTX-MGE GABA,0.08007378491929969,0.25440425747284845,0.5382833828336274,0.018545927938249843,0.042989524904057067,0.024443596965807224,0.08856192715545998
52,09 CNU-LGE GABA,0.0011191132974573278,0.006956774188896436,0.007523062537090503,-0.0002530009125444739,-0.0011582137455125607,-0.0011582137455125607,-5.864815548141666e-05
52,11 CNU-HYa GABA,0.013730697762904694,0.05137862787561338,0.09230244889674312,0.005622223197740414,0.015965477917919132,0.010343254720178718,0.006426010260716124
52,12 HY GABA,0.005083259041728399,0.025326449681660434,0.0341714067289167,-0.0010235005396267735,-0.005049598881729879,-0.005049598881729879,-0.0011614237689904334
52,13 CNU-HYa Glut,0.005554842101617116,0.018318818620936178,0.037341549429424276,0.00198190476872945,0.0035493178621817875,0.0015674130934523376,0.00039395514418837357
52,14 HY Glut,0.006433324322196115,0.026987694432205882,0.04324700752571675,0.0005595041066139304,0.0014741020451564553,0.0009145979385425249,0.0002662301587368064
52,16 HY MM Glut,0.0016386048564280887,0.009892770687561057,0.011015262562331193,-0.00039362362766254966,-0.001786380419233139,-0.001786380419233139,-0.00013244628290407456
52,19 MB Glut,0.005701404337740251,0.023521319029920117,0.03832679093306409,0.001394752963027283,0.004045972237043467,0.0026512192740161845,0.0006839416899320569
52,20 MB GABA,0.0037066872019734538,0.017603624191215705,0.02491761977025619,-8.485216360210537e-05,-0.0003409315158780072,-0.0003409315158780072,-5.718006898791809e-05
52,21 MB Dopa,0.0014259211209178457,0.008781623807606246,0.009585529713565197,0.00012525065535852654,0.0008300778311501,0.0007048271757915735,4.547468815258959e-05
52,22 MB-HB Sero,0.0026544014671223215,0.012171594632949938,0.01784379497685974,0.0005362571280076407,0.003974857062662011,0.0034385999346543705,0.0004129902951240571
52,23 P Glut,0.002819274749908947,0.014529461205960267,0.018952129602064643,0.0003775156298370328,0.0011576203612646595,0.0007801047314276267,9.951347697403714e-05
52,24 MY Glut,0.0035681579313159794,0.018197974470693355,0.023986378609292813,0.0015591294868415066,0.0047748413160185734,0.003215711829177067,0.0005191738131390346
52,26 P GABA,0.005364680301805345,0.026294130716754342,0.03606321673924892,0.0004796509526147558,0.0015816060413925267,0.0011019550887777709,0.0002674849354171436
52,30 Astro-Epen,0.00045849279424223726,0.003025673634194205,0.00308214545544817,-0.00045508991357612436,-0.0011645783702336702,-0.0011645783702336702,-2.4159771432091784e-05
52,31 OPC-Oligo,0.0005838730807545212,0.003794480861821254,0.003924994645510808,-7.705539580857609e-05,0.0005212402889136751,0.0005212402889136751,1.3770446317938157e-05
52,33 Vascular,0.0003507958686109305,0.002301571341557811,0.0023581698683315323,-0.00038657980390528816,-0.000984411416500576,-0.000984411416500576,-1.562509615483964e-05
52,34 Immune,0.00024429378970290916,0.0015769950935268988,0.001642226449755771,-0.0005939456206849749,-0.0015007917997203154,-0.0015007917997203154,-1.6589162516770295e-05
53,01 IT-ET Glut,0.010487447702590073,0.01872653145909029,0.056548853595230944,-0.01079847411415305,-0.01397293977380552,-0.01397293977380552,-0.04374273016933328
53,02 NP-CT-L6b Glut,0.010214404165486576,0.01816581642769392,0.05507658889912415,-0.013116263953625246,-0.0162563083487615,-0.0162563083487615,-0.04956592973057522
53,03 OB-CR Glut,0.014472168529684594,0.030259815897717916,0.07803467179040399,0.003594367583071107,0.004393561584239069,0.0007991940011679625,0.0034525034166647153
53,04 DG-IMN Glut,0.005230160046109855,0.014437049512980506,0.028201290067367785,-0.003896253626811558,-0.005833926578663681,-0.005833926578663681,-0.009108025298794543
53,05 OB-IMN GABA,0.006171923654597428,0.016680095940524733,0.03327932753920449,0.002036006643250114,0.0033854367109415395,0.0013494300676914254,0.00248610357717757
53,06 CTX-CGE GABA,0.009905368994244528,0.01910202058111416,0.05341025547368759,-0.011976190856261795,-0.015754252652185968,-0.015754252652185968,-0.04658185239364602
53,07 CTX-MGE GABA,0.009427320146543312,0.017435679298021874,0.050832591673433444,-0.011240353092592954,-0.014815746120964177,-0.014815746120964177,-0.04169270506953422
53,09 CNU-LGE GABA,0.005795815312169309,0.013322790976785813,0.031251332149376705,-0.0036484600353242735,-0.008107689697226248,-0.008107689697226248,-0.014026843355387031
53,11 CNU-HYa GABA,0.009021004266037271,0.018080883383918663,0.04864171569562248,-0.009610910352150658,-0.01330328649608023,-0.01330328649608023,-0.03582301398603465
53,12 HY GABA,0.009944297792557583,0.021737506831003648,0.05362016154224415,-0.008120042507258502,-0.011056029862686431,-0.011056029862686431,-0.03281871819107454
53,13 CNU-HYa Glut,0.008114977397495633,0.015190516365611983,0.04375637255061177,-0.003018433180651249,-0.0027284058631258847,-0.0027284058631258847,-0.006609134331367576
53,14 HY Glut,0.006908127839935519,0.014966592181209083,0.037248978103716794,-0.00506875218506134,-0.004999761100816279,-0.004999761100816279,-0.010309982060664451
53,16 HY MM Glut,0.009872024392946072,0.018915900351042077,0.05323045968061278,-0.010998913993072332,-0.013130120100933038,-0.013130120100933038,-0.03869218082716031
53,19 MB Glut,0.007339421755539385,0.015277550856825101,0.039574536922377085,-0.006741812225862702,-0.010548338804363443,-0.010548338804363443,-0.02310969457918493
53,20 MB GABA,0.006470197438953291,0.014980242591409839,0.03488763501697809,-0.002329970911273587,-0.0047711301619484305,-0.0047711301619484305,-0.009214824930014883
53,21 MB Dopa,0.006490811444462388,0.015702775221807592,0.034998786787418606,-0.0018534275002104065,-0.0016851213446210365,-0.0016851213446210365,-0.0032649644977344513
53,22 MB-HB Sero,0.006590720124348229,0.015568020240900822,0.0355374994915937,-0.0051366285424250995,-0.010024544497200503,-0.010024544497200503,-0.019721766292108367
53,23 P Glut,0.007966752713283447,0.01787846754986007,0.04295713748366177,-0.006373567738125019,-0.011045308059949247,-0.011045308059949247,-0.026266817728590058
53,24 MY Glut,0.005148937648277759,0.017562693916308325,0.027763334750315144,-0.004689791703103149,-0.008477899097607993,-0.008477899097607993,-0.013030292552214228
53,26 P GABA,0.006526663966046596,0.01624930450277138,0.035192105414751026,-0.006197339367229988,-0.01014486196780527,-0.01014486196780527,-0.019764493341566595
53,30 Astro-Epen,0.004863773153374057,0.014596653302179732,0.02622571323074515,-0.004412844629574707,-0.009064813191652777,-0.009064813191652777,-0.013160744568357249
53,31 OPC-Oligo,0.006987746216755469,0.01726796136035243,0.037678284457556284,-0.0029362886411216983,-0.00504115968424399,-0.00504115968424399,-0.010515159593045132
53,33 Vascular,0.00581142826911962,0.016675830712253054,0.03133551801058999,-0.0034214469893941333,-0.007299721040971603,-0.007299721040971603,-0.012663024172290427
53,34 Immune,0.005696691162719173,0.01530451574858685,0.030716849673376064,-0.002907739793718997,-0.005560893248018186,-0.005560893248018186,-0.009456175502389776
54,01 IT-ET Glut,0.0010519187219997696,0.006628706445354246,0.0055180655510530295,0.0001704446809231179,0.0019517591668996132,0.0017813144859764954,9.454438805587076e-05
54,02 NP-CT-L6b Glut,0.0010640980763805586,0.006609356899116233,0.005581954969918904,0.0002735944452910209,0.0024640099935627252,0.0021904155482717043,0.00011760374248456006
54,03 OB-CR Glut,0.003058808451290645,0.015540383076036461,0.01604563659657012,-0.0008915939331940879,-0.006520179076448904,-0.006520179076448904,-0.0010062937515507866
54,04 DG-IMN Glut,0.0019959858301939327,0.00968915192120652,0.010470372301240906,-0.00026183985613419504,-0.0009110707203910638,-0.0009110707203910638,-9.175347350873721e-05
54,05 OB-IMN GABA,0.0005370501229180515,0.0035790476805708355,0.00281721174885938,-0.0002752178317261304,-0.0006988062085607864,-0.0006988062085607864,-1.893583871815503e-05
54,06 CTX-CGE GABA,0.0034579314039750427,0.01768760666358351,0.01813932175473087,0.0004781567933147337,0.0012524372627009232,0.0007742804693861894,0.0001350913834477357
54,07 CTX-MGE GABA,0.002221360439164928,0.012728393239402886,0.011652623210779494,0.0006458307046175882,0.003386663178971577,0.0027408324743539887,0.000307195249358819
54,09 CNU-LGE GABA,0.0019423105786739209,0.011034175604388831,0.010188807242874402,0.0007975965391487025,0.0038791963271929035,0.003081599788044201,0.00030200065291330114
54,11 CNU-HYa GABA,0.012968033938411998,0.05444708812862756,0.06802660685076528,0.0025646295459125687,0.009870086377986398,0.007305456832073828,0.004780072548385876
54,12 HY GABA,0.034430156523785754,0.1380561134829594,0.18061077976641193,0.005735070589185164,0.02138299259452938,0.015647922005344216,0.027183704503931504
54,13 CNU-HYa Glut,0.015359108574031024,0.037979563870509284,0.08056950232440332,0.005613610784592305,0.0037804854208109036,-0.0018331253637814014,-0.0014205978326107319
54,14 HY Glut,0.053703906062773685,0.21316841743263856,0.28171537192399576,0.0202459148766061,0.07104263886174506,0.05079672398513896,0.13764313310311846
54,16 HY MM Glut,0.005915754419322259,0.028651874351192312,0.031032360188146764,0.0012020360330804913,0.0018070815106360479,0.0006050454775555565,0.00018059724743462892
54,19 MB Glut,0.006620565130069285,0.03047574053394468,0.034729596126292964,0.0028469197964854664,0.008953370935650264,0.006106451139164798,0.0020398438315033986
54,20 MB GABA,0.005033836076408449,0.0241460168418254,0.026406068132404138,0.0019337088307976886,0.005019080892740176,0.003085372061942487,0.0007836453887153277
54,21 MB Dopa,0.00613427575895255,0.024594238174117253,0.032178660801649994,0.00035618055534879115,0.0005228250143263401,0.00016664445897754897,5.1578314237773904e-05
54,22 MB-HB Sero,0.019566119103506533,0.05664724152983386,0.10263827949331206,0.002950547360264977,0.006355417976600249,0.003404870616335272,0.0033613851506156035
54,23 P Glut,0.004423649649744855,0.02183199561304451,0.023205204196556004,0.0019164709524906974,0.0066542909231940665,0.004737819970703369,0.001057480210525516
54,24 MY Glut,0.0009947730496551233,0.006429932807616799,0.005218295654993678,0.0006579637477578522,0.0036099424530573253,0.002951978705299473,0.0001481665613680914
54,26 P GABA,0.007861468461784892,0.03448214595004677,0.04123902103120336,0.003666191051085819,0.00905450539233203,0.005388314341246212,0.0021373201036049404
54,30 Astro-Epen,0.0006370551995123552,0.004039679130088489,0.0033418098537741506,-0.00032289785007468935,-0.0007021612466418898,-0.0007021612466418898,-2.2569757449821825e-05
54,31 OPC-Oligo,0.0007356615715436305,0.004769638977227604,0.003859070753538057,-0.0007739728024345258,-0.0017587829383729214,-0.0017587829383729214,-6.528347826415566e-05
54,33 Vascular,0.0005001325161833774,0.003166358327121945,0.0026235525148430344,-0.0008024714023990985,-0.0020445663791179487,-0.0020445663791179487,-5.159400921897443e-05
54,34 Immune,0.00041783191004925906,0.0027063726674734566,0.002191827011682381,-0.0010055964389213256,-0.0031314818624352783,-0.0031314818624352783,-6.601832109011538e-05
55,01 IT-ET Glut,0.024123125292684088,0.10589421244485256,0.3538005828844007,-0.01501898215404024,-0.057421566997738205,-0.057421566997738205,-0.43970267005649344
55,02 NP-CT-L6b Glut,0.004675344101265412,0.022352328915750893,0.0685706950547782,-0.0004482272757796102,-0.0020565961478129706,-0.0020565961478129706,-0.00305220070596359
55,03 OB-CR Glut,0.0039325971486430435,0.019159283777304956,0.05767723487559063,0.002141519069028059,0.0037121171604549636,0.0015705980914269045,0.001960627165627165
55,04 DG-IMN Glut,0.004224861966454026,0.022747201920652688,0.06196372187275796,0.0018951869744192162,0.009243931843383187,0.00734874486896397,0.009855443776588263
55,05 OB-IMN GABA,0.0019222419620386665,0.0076002921975419895,0.02819246338783424,0.0012770938095350562,0.006996345113596443,0.005719251304061387,0.0034897773840488104
55,06 CTX-CGE GABA,0.0016472105454567987,0.009182670170987088,0.024158729188074574,0.0013648347080580001,0.004982902335303458,0.003618067627245458,0.001891804632481891
55,07 CTX-MGE GABA,0.002483765887311341,0.012456284676337132,0.03642802530838106,0.001019011222060858,0.0036658909548020926,0.0026468797327412344,0.002086869813327594
55,09 CNU-LGE GABA,0.00121358723251166,0.007566858543505079,0.017799015054401266,-0.0004073784368019705,-0.002117332852148681,-0.002117332852148681,-0.0008156627424571454
55,11 CNU-HYa GABA,0.002315451503422017,0.013309029512791119,0.03395945100860193,0.00013004818971192435,-0.0016712077402973283,-0.0018012559300092526,-0.0013239195739926392
55,12 HY GABA,0.0015463616973823598,0.00950317731309532,0.02267963471755927,0.00032066559329935277,0.0016190517707879268,0.001298386177488574,0.0006373316081843643
55,13 CNU-HYa Glut,0.0010356699905302467,0.006243687529944129,0.015189600927729247,0.0008593211342426084,0.0039952565188896665,0.003135935384647058,0.001030953288564742
55,14 HY Glut,0.002548234944423451,0.014028070518061484,0.03737355743606062,0.0013989289047920868,0.005331501511434925,0.003932572606642838,0.003181022251655286
55,16 HY MM Glut,0.000963456624621926,0.006166484591708977,0.014130487291315113,0.0002481847181115193,0.0005079860140806221,0.0002598012959691028,7.945550106557083e-05
55,19 MB Glut,0.0014378017252142017,0.00897291224414607,0.02108744544005065,-1.4181970778280418e-05,0.00010157502769351804,0.00010157502769351804,4.6359254146539244e-05
55,20 MB GABA,0.0018596720843401687,0.010253975735330153,0.027274785477855973,0.00020993368812837626,0.0002955605265535796,8.562683842520334e-05,5.054716134588697e-05
55,21 MB Dopa,0.0014240466716644968,0.008401023433337425,0.020885707650919003,0.0003373736060675358,0.0016920448747857694,0.0013546712687182336,0.0006123625648549071
55,22 MB-HB Sero,0.0034912903442476362,0.01669394890320035,0.05120483120767539,-0.0013985309153983455,-0.0022196666968952116,-0.0022196666968952116,-0.002459938353730997
55,23 P Glut,0.002107954947898457,0.012606894074857366,0.030916213393241836,0.00023563566231119944,0.0003856137500440248,0.00014997808773282536,0.00010035514135847023
55,24 MY Glut,0.0010897927148029113,0.006493492569967421,0.015983389094172493,0.0003683963655915687,0.0029518419015983222,0.0025834455360067535,0.0008937039983843892
55,26 P GABA,0.0011751402650309437,0.007598379282285305,0.017235134572922348,0.000349965879377393,0.0021240675193276238,0.0017741016399502308,0.0006617877058512886
55,30 Astro-Epen,0.0005144657412593313,0.00289025293095666,0.007545385472371114,0.0003805433167654977,0.0010514886743258087,0.000670945357560311,0.00010957061584736582
55,31 OPC-Oligo,0.0006411936432746338,0.0035942911307784695,0.009404033763450089,0.0005966780196790555,0.002175583405704277,0.0015789053860252216,0.0003213629495186898
55,33 Vascular,0.0010634058741004287,0.004939876931938745,0.015596387845049626,0.000557734374877317,0.0013060471602560147,0.0007483127853786977,0.0002525996304330885
55,34 Immune,0.0007461579279836147,0.003301539411639627,0.010943487074806229,0.0006185158379713297,0.0018213466625683343,0.0012028308245970046,0.0002848956362884918
56,01 IT-ET Glut,5.169135019857906e-05,0.00034460900132386046,0.002360271647596248,-0.0006545330218751771,-0.001030126390211819,-0.001030126390211819,-5.846880977513466e-05
56,02 NP-CT-L6b Glut,7.669183460329735e-05,0.0005112788973553156,0.003501815335078623,-0.0013311915220116186,-0.002855902948092176,-0.002855902948092176,-0.0002404963200477405
56,03 OB-CR Glut,0.000158483526629944,0.0010565568441996268,0.007236494560089947,-0.002692762952380439,-0.007075683407414956,-0.007075683407414956,-0.0012313127685847313
56,04 DG-IMN Glut,8.629693454018043e-05,0.0005753128969345363,0.00394039248514844,-0.00014959165967126455,0.0004526105544278818,0.0004526105544278818,4.288801139408721e-05
56,05 OB-IMN GABA,0.002204622351503637,0.014526211762741185,0.10066495864242374,0.0016491269451303478,0.004938736568339844,0.003289609623209496,0.007963324866671223
56,06 CTX-CGE GABA,0.0001404758577400999,0.0009365057182673327,0.006414248862178802,-0.0010817269105008608,-0.0023354858608270685,-0.0023354858608270685,-0.0003602423761928721
56,07 CTX-MGE GABA,9.252380070376727e-05,0.000616825338025115,0.004224716566504984,-0.0007379991812390428,-0.0016203478386352652,-0.0016203478386352652,-0.00016461809904502753
56,09 CNU-LGE GABA,0.00015309203504728464,0.0010206135669818975,0.00699031440283117,-0.0002967891975985144,-0.0008785571786233348,-0.0008785571786233348,-0.00014768571553881604
56,11 CNU-HYa GABA,0.00026862539902837624,0.0017908359935225084,0.012265667480443061,0.0004046786977833397,0.001650599384855789,0.0012459206870724493,0.0003674966073567004
56,12 HY GABA,0.0002855182836529057,0.0019034552243527047,0.0130370111670022,0.00030697213595096395,0.0006415720895760065,0.0003345999536250426,0.00010490004255224759
56,13 CNU-HYa Glut,0.0003972062131269177,0.0026480414208461182,0.018136778387311456,0.00048500386188064576,0.0014991451111173663,0.0010141412492367205,0.0004423136523397967
56,14 HY Glut,0.00023942893676857832,0.0015961929117905222,0.010932531823951557,0.0007334676239843514,0.0022431932224772294,0.001509725598492878,0.0003969086095508386
56,16 HY MM Glut,0.0001299982653794725,0.0008666551025298166,0.005935832955284196,-0.00017571984080602492,-0.0006413956251792806,-0.0006413956251792806,-9.155444080839612e-05
56,19 MB Glut,0.00016583516610632788,0.0010890144421558353,0.007572176761324752,-0.00024862281377179343,-0.0009035306350878389,-0.0009035306350878389,-0.000164526317067349
56,20 MB GABA,9.356017109523715e-05,0.0006237344739682476,0.004272038132724429,-0.0002326237327265363,-0.0005840741993549843,-0.0005840741993549843,-6.000326648255712e-05
56,21 MB Dopa,0.00014638625961019088,0.0009759083974012726,0.006684122910859756,-0.00024366636746512077,-0.0005054799997435918,-0.0005054799997435918,-8.124939846024973e-05
56,22 MB-HB Sero,0.00011765842060237948,0.00078438947068253,0.005372384996366072,-0.0001841481275091168,0.00038727965899748335,0.00038727965899748335,5.003380886883051e-05
56,23 P Glut,0.00024691813552381954,0.0016461209034921303,0.011274495100540429,-0.0002870250146236422,-0.0007229704567455274,-0.0007229704567455274,-0.0001960150435481099
56,24 MY Glut,0.00012110562894590801,0.0008073708596393867,0.0055297875034650504,5.7249779888673125e-05,0.0004606759027876436,0.0004034261228989705,5.364684792288374e-05
56,26 P GABA,0.00043266687242816834,0.002875377436896195,0.019755942685250667,-9.826659114061915e-05,0.00043159542236520786,0.00043159542236520786,0.0002050436564019182
56,30 Astro-Epen,0.015610013976427948,0.055863034214167676,0.7127667059499028,0.005722776666353055,0.01134825629509405,0.005625479628740994,0.09642257202834086
56,31 OPC-Oligo,0.00035657777107099455,0.002374820686723063,0.016281648670207677,-0.0007271893474305937,-0.00035417571446461294,-0.00035417571446461294,-0.00013867204119979933
56,33 Vascular,0.00022909050673539495,0.001527270044902633,0.010460470188992542,7.112614370004666e-05,0.0011335799008499277,0.001062453757149881,0.0002672594025249076
56,34 Immune,9.612592751551939e-05,0.0006408395167701294,0.004389192784521408,-0.00026285895732632133,4.529710063094845e-05,4.529710063094845e-05,4.7810888180950495e-06
57,01 IT-ET Glut,0.0006894263577565782,0.0044715659296948075,0.001605824929799808,-0.0004126910014289261,-9.333990176716963e-05,-9.333990176716963e-05,-8.495767705065641e-07
57,02 NP-CT-L6b Glut,0.0006749498335558412,0.0044308444089406675,0.0015721059354549447,-0.0006235716652200314,-0.0011920934777281183,-0.0011920934777281183,-1.06225604954333e-05
57,03 OB-CR Glut,0.0023014749646041105,0.01211404348197229,0.005360639076082884,-0.0024353786584806613,-0.006251198464171246,-0.006251198464171246,-0.00018994022531468598
57,04 DG-IMN Glut,0.0008042784460440248,0.004915183456525378,0.0018733405890671744,-0.0002731110515359615,0.0004811472697528605,0.0004811472697528605,5.1089524725612475e-06
57,05 OB-IMN GABA,0.0005475037083283429,0.0036364834259062892,0.0012752560068234596,0.00037490889715791916,0.0011227597131116432,0.0007478508159537241,5.4056689266373244e-06
57,06 CTX-CGE GABA,0.0016782385570317745,0.0094196103472169,0.0039089850318493515,-0.0015775781871213024,-0.003419758133366962,-0.003419758133366962,-7.576986133191622e-05
57,07 CTX-MGE GABA,0.0009367828433517231,0.006156354063864323,0.0021819723408284383,-0.00042398053532648574,-0.00023741901303430708,-0.00023741901303430708,-2.9363094998901766e-06
57,09 CNU-LGE GABA,0.0013885679705992538,0.008923775328825307,0.0032342788157471384,-0.0021378551323219873,-0.0022139956505515456,-0.0022139956505515456,-4.058740764351353e-05
57,11 CNU-HYa GABA,0.0961634502105974,0.1758543336261807,0.22398572950740434,0.003100348960469912,-0.00226096177651316,-0.005361310736983072,-0.006806571685215934
57,12 HY GABA,0.14889318354352843,0.2818014380431331,0.3468048230553383,0.002151364678521719,0.017086265625498923,0.014934900946977204,0.029357871758929163
57,13 CNU-HYa Glut,0.06562208399395936,0.11882107016140922,0.15284820088083065,0.037025045048758996,0.050327998903014835,0.013302953854255839,0.011525121423683834
57,14 HY Glut,0.04773651160621403,0.14408223337016313,0.11118878693350182,0.012205948771348306,0.03650338202940246,0.024297433258054155,0.01531293657903587
57,16 HY MM Glut,0.004415978880099129,0.022506975186967947,0.010285781643463655,0.00017492216906978935,0.003788850822238037,0.0036139286531682475,0.00021069487348234804
57,19 MB Glut,0.011324852893506902,0.04482095548752872,0.02637806184533761,0.002097576681191399,0.008488387383328575,0.006390810702137177,0.000955511525235415
57,20 MB GABA,0.00593051544147087,0.029628992562376756,0.013813468886606069,0.0010436532125121937,0.00453137075714907,0.003487717544636876,0.00027307450413773784
57,21 MB Dopa,0.0072100940280783715,0.032445157246637144,0.0167938875649674,0.0007872828618733756,0.0019962042175426494,0.001208921355669274,0.00011507643112305743
57,22 MB-HB Sero,0.005810339961019873,0.0247731481942285,0.013533553881489573,0.0035226223848707923,0.009182594952713034,0.005659972567842241,0.0004341734639793767
57,23 P Glut,0.008359236393260645,0.03775110475718748,0.019470491726002907,1.3553209032651762e-05,0.0001655550559554904,0.00015200184692283863,1.677501350745718e-05
57,24 MY Glut,0.008761755105016342,0.03877658959968297,0.020408045932882278,0.009279663192294594,0.025737995434614903,0.01645833224232031,0.001903813236876639
57,26 P GABA,0.008111842602417391,0.03759141155073331,0.018894257422883844,0.0010331899175077435,0.0038457453943308013,0.002812555476823058,0.0003012090521523874
57,30 Astro-Epen,0.00047897673101564,0.0029857951195845006,0.0011156416734077101,-0.0005248201610596448,-0.0004037906741078087,-0.0004037906741078087,-2.55339560550282e-06
57,31 OPC-Oligo,0.00046774963659848226,0.002960224658779033,0.0010894913124569708,-0.0020550254485980123,-0.0030530747658445694,-0.0030530747658445694,-1.885377435870062e-05
57,33 Vascular,0.0005431828076232178,0.003066204069211388,0.001265191683065868,-0.0024783730844540855,-0.0030653096740134865,-0.0030653096740134865,-2.198202907901721e-05
57,34 Immune,0.00047749196346483686,0.0026108266016591822,0.0011121833247077911,-0.0025259811559306352,-0.004134728710292978,-0.004134728710292978,-2.6065165861904078e-05
58,01 IT-ET Glut,0.0007094998610089181,0.004597499287829737,0.008550104207956875,-2.7075926373234694e-05,-0.0010124491274227812,-0.0010124491274227812,-0.00031551144015888187
58,02 NP-CT-L6b Glut,0.0009063786087654266,0.005386037822700841,0.010922668181762988,-7.552674437652244e-05,-0.001505781829414099,-0.001505781829414099,-0.0005994614850806118
58,03 OB-CR Glut,0.001379718994883162,0.008543388937117008,0.016626840725766222,-0.0010821148816988206,-0.0058155678044815575,-0.0058155678044815575,-0.0035242958038627444
58,04 DG-IMN Glut,0.0006007300793188402,0.003915584993344288,0.007239331621187903,0.0002635478968923732,0.0009113087257697034,0.0006477608288773303,0.00017091636430066072
58,05 OB-IMN GABA,0.0033368294647677134,0.01853188770571374,0.040211762138155374,0.0012544359500879015,0.007814327577707553,0.0065598916276196515,0.009614357398374008
58,06 CTX-CGE GABA,0.0025642546062316254,0.01426843814951948,0.03090154812410631,8.13757115264888e-05,0.0005479871970097042,0.00046661148548321545,0.0005255404574802195
58,07 CTX-MGE GABA,0.01068466260020837,0.04520138815774219,0.12875968506707394,-0.0023007767676727,-0.006794534190627777,-0.006794534190627777,-0.03188673751946288
58,09 CNU-LGE GABA,0.0009790770953794871,0.006302633474923949,0.011798749588497982,-0.00011238598984258583,-0.0014394039724679923,-0.0014394039724679923,-0.0006189978969937712
58,11 CNU-HYa GABA,0.00849025279745042,0.032118527434654535,0.10231509568849093,0.0019447538358751237,0.005241152611631384,0.0032963987757562603,0.012292775537247133
58,12 HY GABA,0.01015112267466277,0.03897984231194332,0.12233005454391435,-0.004865523698923299,-0.015478515708015722,-0.015478515708015722,-0.06901332856823422
58,13 CNU-HYa Glut,0.0023371671189362153,0.012230251006177941,0.028164941977435853,0.0013138086602011304,0.004502619878547522,0.003188811218346392,0.0032734684745880614
58,14 HY Glut,0.005714818579345294,0.02711061560613748,0.06886864546173062,0.0020541168600678233,0.00879463719193179,0.006740520331863966,0.016919419438278085
58,16 HY MM Glut,0.0016251417869886922,0.009517392654262907,0.019584403599035967,-0.00022557000177191288,-0.001231226969805657,-0.001231226969805657,-0.000878858511922932
58,19 MB Glut,0.004794273944865635,0.021102462974578826,0.057775264073770455,-0.00018301007276024235,-0.0007238464565782685,-0.0007238464565782685,-0.0015242594092692574
58,20 MB GABA,0.005924259386325489,0.02450693596409611,0.07139259341928596,0.0011737943636004478,0.0008967840513520507,-0.0002770103122483971,-0.0007208079832432502
58,21 MB Dopa,0.003008797737363917,0.015801578080689563,0.036258688139197526,-0.00018943294123687884,-0.000624686403514343,-0.000624686403514343,-0.0008255523788629152
58,22 MB-HB Sero,0.008087894073322242,0.03581123303160942,0.0974663152879078,0.000543725556206301,-0.0012181390404957311,-0.001761864596702032,-0.006258893609989922
58,23 P Glut,0.0029510061673683635,0.015262567408976873,0.03556224833285174,-0.0003095119015336751,-0.001380512137450512,-0.001380512137450512,-0.001789369095515914
58,24 MY Glut,0.0016912710000447947,0.010760975771837017,0.020381319418040972,0.0008956737603862685,0.005641150138195485,0.004745476377809216,0.0035251906041014183
58,26 P GABA,0.005551261034282187,0.026767747539430828,0.06689763160938317,0.0006329568881148738,0.0020721345994694144,0.0014391777113545406,0.003509099314013425
58,30 Astro-Epen,0.00039707712028761366,0.002630849679256684,0.004785132377935518,0.00010538493257093984,8.133550611036013e-05,-2.4049426460579713e-05,-4.194393513390456e-06
58,31 OPC-Oligo,0.0005807302124102886,0.003787600668268056,0.006998315441184402,0.00014872733501990947,0.00036894622717687994,0.00022021889215697048,5.617183094372738e-05
58,33 Vascular,0.00031846968856047057,0.002033092994087896,0.003837842928391171,3.551716183299001e-05,-0.00025150572132633277,-0.00028702288315932275,-4.0148951834252356e-05
58,34 Immune,0.00019673386825078517,0.001280439274799359,0.0023708180469362047,2.9563682816335135e-05,-0.0006216061900251729,-0.0006511698728415081,-5.626819920752206e-05
59,01 IT-ET Glut,0.032731452977102796,0.11884462762753757,0.4294385942144753,-0.0033055071298817022,-0.003006208921491484,-0.003006208921491484,-0.021007463049880847
59,02 NP-CT-L6b Glut,0.010187999773605022,0.041757489074470064,0.13366715812142335,-0.0007867373933022286,-0.00548129655845146,-0.00548129655845146,-0.011922336926285505
59,03 OB-CR Glut,0.0009749904694363053,0.00617266651896853,0.012791932483417028,0.002719574480982687,0.010026190540025917,0.0073066160590432305,0.0015209180782139859
59,04 DG-IMN Glut,0.0022294025686731443,0.010552631254411918,0.029249893235686053,-0.00010353970165813593,-0.0011154720624629213,-0.0011154720624629213,-0.0005309288920582551
59,05 OB-IMN GABA,0.00031220776552222704,0.002081385103481514,0.0040961843039017815,-0.0029092301569702845,-0.008662636228988769,-0.008662636228988769,-0.0005774081944797132
59,06 CTX-CGE GABA,0.0021005877398584836,0.011350630904780164,0.02755983508156611,-0.0001267177842844259,-0.00027955253068737064,-0.00027955253068737064,-0.00012536994030797117
59,07 CTX-MGE GABA,0.002673751447243127,0.014841680676495227,0.03507977673909667,-0.000428689956233974,-0.0005914104353670584,-0.0005914104353670584,-0.000337597467868751
59,09 CNU-LGE GABA,0.0013917416651210604,0.008519404371727777,0.018259732759110876,1.8349742628135832e-05,0.0010356591871860485,0.0010173094445579127,0.0003022740536044958
59,11 CNU-HYa GABA,0.0015389839775427367,0.009917436234279525,0.02019156058537593,-0.0002748615703467981,6.690575056630877e-05,6.690575056630877e-05,2.1982987353419036e-05
59,12 HY GABA,0.0011374479569877143,0.007489871779496475,0.014923384305079116,-8.458202845444277e-05,-0.0001530465031932405,-0.0001530465031932405,-3.716585351620514e-05
59,13 CNU-HYa Glut,0.0027140806294797893,0.01328322577683939,0.0356088979894624,0.0008946188910637139,0.0038500165082407498,0.002955397617177036,0.0017124891512186598
59,14 HY Glut,0.00321554403377637,0.016043782371657236,0.04218812744016154,-0.0019444071520739552,-0.004899533531013765,-0.004899533531013765,-0.003363553655748563
59,16 HY MM Glut,0.001641022811799513,0.010233947321884686,0.02153031611111344,-0.0007615812902335733,-0.0030635261521259924,-0.0030635261521259924,-0.001073310492255882
59,19 MB Glut,0.002326102784815807,0.013843558362951636,0.03051860577678806,-7.205843071445768e-05,-0.00029009127264301767,-0.00029009127264301767,-0.00014406309113526786
59,20 MB GABA,0.0020449659644553825,0.011818756660055363,0.026830074106594097,0.00013158402037916075,0.0004809076126664354,0.0003493235922872747,0.00015251170151734145
59,21 MB Dopa,0.0012683189540683825,0.008112747504124412,0.016640419508162956,0.00022127606931879884,0.0013597362219685103,0.0011384601526497114,0.0003082729949458674
59,22 MB-HB Sero,0.0014643818662842423,0.007487783481115199,0.01921277648414183,0.001183887431487612,0.004509822999481778,0.003325935567994166,0.001039818017503066
59,23 P Glut,0.0023744506695109607,0.0135442266142175,0.031152932876512437,5.305431885276198e-05,0.000141161338485213,8.810701963245102e-05,4.4664535998427525e-05
59,24 MY Glut,0.0007342016752885309,0.00489422161693764,0.009632769297665546,-0.00012264196456636829,-0.00047366738422572485,-0.00047366738422572485,-7.42468472389603e-05
59,26 P GABA,0.0016901668200298638,0.01054904842955112,0.022175088398590868,-0.00013001635165901622,-0.0001543887971699288,-0.0001543887971699288,-5.571017465295564e-05
59,30 Astro-Epen,0.00025880863054609414,0.0017121329913000788,0.003395584502467323,-0.0002469748399947135,-0.001440391573073291,-0.001440391573073291,-7.958816492257137e-05
59,31 OPC-Oligo,0.000536191847014242,0.0031527419959017063,0.007034868668132084,-6.92898580057062e-05,-0.0004110660463964336,-0.0004110660463964336,-4.70566468052822e-05
59,33 Vascular,0.0004060514599861009,0.002429802750386939,0.005327419112043374,-0.00044673789342477503,-0.0018733927961549204,-0.0018733927961549204,-0.00016240488444613964
59,34 Immune,0.00026631495323601353,0.0016121443983775016,0.0034940678990319114,-0.00048354822367562055,-0.0020227860971311538,-0.0020227860971311538,-0.00011500975459861247
60,01 IT-ET Glut,3.344192481846965e-05,0.00022294616545646427,0.0008021814567954922,0.000616776142316292,0.0018514558028410336,0.0012346796605247415,7.783724990571729e-06
60,02 NP-CT-L6b Glut,3.9344248663856895e-05,0.00026229499109237933,0.0009437622649120322,0.0005906575144657708,0.001708025836846493,0.0011173683223807223,8.287423535202212e-06
60,03 OB-CR Glut,0.0003921769964952557,0.002504284723694129,0.009407266958404737,0.0006404332371198855,0.002974276490464408,0.0023338432533445224,0.00017254235597586798
60,04 DG-IMN Glut,4.9691492975937804e-05,0.00033127661983958534,0.001191964710230004,0.0011938408981597359,0.0028271553260282643,0.0016333144278685284,1.5300082301651767e-05
60,05 OB-IMN GABA,0.00021088378339928165,0.0014058918893285442,0.005058532411039674,0.0003927307705656993,-0.0005733015345477456,-0.0009660323051134448,-3.840402623552078e-05
60,06 CTX-CGE GABA,8.662095482065321e-05,0.000577473032137688,0.002077802761181731,0.00024340386784533314,0.0011885870298906185,0.0009451831620452853,1.5434084235791456e-05
60,07 CTX-MGE GABA,6.32939023396739e-05,0.0004219593489311594,0.0015182497736215734,0.0005882528976287564,0.0019037361643376631,0.0013154832667089068,1.5696004841618954e-05
60,09 CNU-LGE GABA,0.0001245483601232639,0.0008302593818534473,0.002987578780453148,0.000620710873897333,0.0024425606802588855,0.0018218498063615526,4.2775245207677727e-05
60,11 CNU-HYa GABA,7.687590563095418e-05,0.0005125060375396945,0.0018440453504474338,0.00029264596511039597,0.0014239026473197621,0.0011312566822093662,1.639431690458818e-05
60,12 HY GABA,0.00020112110905837053,0.0013408073937224698,0.004824352220529622,0.0001806801083287587,0.0013535257363263536,0.001172845627997595,4.4467266348363544e-05
60,13 CNU-HYa Glut,0.00022910009105432045,0.0015213939869910108,0.00549549243327151,0.0005255192425729241,0.002256238817879236,0.0017307195753063118,7.474702135785061e-05
60,14 HY Glut,0.00016059196078776683,0.0010706130719184456,0.0038521674142161567,0.00010843446260031183,0.00045171968695552437,0.00034328522435521255,1.0392519187439929e-05
60,16 HY MM Glut,5.0825872165015104e-05,0.0003388391477667674,0.0012191754032565593,0.00025681206852269976,0.0014706782325982417,0.0012138661640755419,1.1630478128415876e-05
60,19 MB Glut,0.00011858990055942109,0.0007905781991902278,0.002844651428061618,0.0006738713305561877,0.0018835872980024712,0.0012097159674462833,2.7044131640605257e-05
60,20 MB GABA,9.849274679267958e-05,0.0006530129317793604,0.002362574987379474,0.000707821541364998,0.0020304836704025117,0.0013226621290375138,2.455811854645349e-05
60,21 MB Dopa,0.0002557754929890444,0.0016839842184332026,0.0061353632810399366,0.000699097732261399,0.0017843733497125084,0.0010852756174511095,5.232881494037216e-05
60,22 MB-HB Sero,0.00015235849923954107,0.0009957403603182045,0.0036546689085207645,0.0017441796837435058,0.005048881448067184,0.0033047017643236783,9.491631778405088e-05
60,23 P Glut,0.00013486029009449256,0.0008973118745378845,0.0032349341301106753,0.0012447351413251205,0.003553842046367809,0.0023091069050426884,5.8704318784542565e-05
60,24 MY Glut,1.2093934507115889e-05,8.062623004743927e-05,0.00029010082565431266,0.0004424752530259813,0.0007398697734568157,0.0002973945204308344,6.780199894452282e-07
60,26 P GABA,0.00012838441384284733,0.0008558960922856488,0.003079595348812326,0.0012163916125324118,0.003638012218709598,0.0024216206061771863,5.860846261534909e-05
60,30 Astro-Epen,0.000279443042447818,0.001862605609271112,0.006703083871486715,9.652917704564645e-05,0.0006516588156652445,0.0005551296386195981,2.9243519503362018e-05
60,31 OPC-Oligo,0.0002184344720174885,0.0014548545301557643,0.0052396530381698765,-3.6574547828760904e-05,0.0003670856633808007,0.0003670856633808007,1.511577865625184e-05
60,33 Vascular,0.03791008540968539,0.13974255809781902,0.909360561817524,0.03304240196873535,0.0841071550483565,0.051064753079621154,0.3649370208557851
60,34 Immune,0.0006616935189575884,0.004327804826370895,0.01587224042488066,0.0004787155454075286,0.0016312975410310052,0.0011525819956234766,0.00014377078214570827
61,01 IT-ET Glut,0.00018400791808597164,0.0012098330163862038,0.008897456864514843,0.0006988137943344665,0.0019322413864675668,0.0012334275921331004,0.00039741258575755095
61,02 NP-CT-L6b Glut,0.00021680014410375571,0.0014340950179421868,0.010483081111121102,0.0004546546970799496,0.0006825301994067647,0.00022787550232681512,8.650648209574167e-05
61,03 OB-CR Glut,0.0004579522986582794,0.0027277670712539575,0.022143671129487653,0.0011921890590470491,0.003316612302371873,0.0021244232433248237,0.001703541560474018
61,04 DG-IMN Glut,0.0007469451398675907,0.00404980076042167,0.036117533589102455,-0.00010471929969155945,-0.002158313487147538,-0.002158313487147538,-0.0028228946851507077
61,05 OB-IMN GABA,0.0005427315843330536,0.003467043866018365,0.026243060140254317,0.00012033971701454325,-0.00023943874218309343,-0.00035977845919763667,-0.00034190991837406836
61,06 CTX-CGE GABA,0.00027697865062213065,0.0017752101443690316,0.013392932336479793,0.0012718698369681039,0.004336535801029862,0.003064665964061758,0.0014863493102235737
61,07 CTX-MGE GABA,0.00026999038032233917,0.0016605545212943892,0.013055023869296798,0.0008813545787053593,0.0028401514791910106,0.0019587969004856514,0.0009260387166516739
61,09 CNU-LGE GABA,0.0007958521527524173,0.005022794197075254,0.03848236680954956,0.001285179364763482,0.00545148073570468,0.004166301370941199,0.005805966459270339
61,11 CNU-HYa GABA,0.0002784892524825438,0.001610163093398751,0.013465975469798667,0.00050549685245366,0.0016634534892027227,0.0011579566367490627,0.0005646667056950156
61,12 HY GABA,0.0002488845821253598,0.001598316075123693,0.012034481215469036,0.00021069336097581879,0.0002895225707606016,7.882920978478282e-05,3.435394472183742e-05
61,13 CNU-HYa Glut,0.0007415158461403712,0.0037229679477342663,0.035855007349768854,0.00034995181451598004,0.0016986012286794236,0.0013486494141634435,0.0017511000080165514
61,14 HY Glut,0.00031568226844100946,0.0019560203689773866,0.015264394030227394,9.625133791406866e-05,0.00028984383659239114,0.00019359249867832248,0.00010701142802616603
61,16 HY MM Glut,0.00020471648827001608,0.0013301862524820055,0.009898792088862239,0.0002883400023178274,0.0004039077541053496,0.00011556775178752222,4.14267566696254e-05
61,19 MB Glut,0.00026813495928015987,0.001649835643079016,0.012965307465459272,0.0003494946079615715,0.0015502704579071274,0.001200775849945556,0.00056377632088048
61,20 MB GABA,0.0002662484921863441,0.0016427042142340875,0.012874089871302752,0.0002047403357594253,0.0007387081927450671,0.0005339678569856418,0.00024893944524594135
61,21 MB Dopa,0.00016016545799703958,0.001046221343047843,0.0077445865837583614,0.00013460708882450108,0.0001706190625687561,3.601197374425503e-05,1.0099671085875642e-05
61,22 MB-HB Sero,0.00013129179534709335,0.0008735926548113401,0.006348439229771014,0.0005450806012842378,0.0020733712004777608,0.001528290599193523,0.0003513459683711423
61,23 P Glut,0.0002782220327497819,0.0016824375018703974,0.01345305441688786,0.00040523868071931207,0.0018077139424741704,0.0014024752617548583,0.0006832476937877901
61,24 MY Glut,0.0003076799747432287,0.0019903578898475046,0.01487745381736157,0.0003417989988422258,0.001442893099336359,0.0011010941004941331,0.0005932190822308832
61,26 P GABA,0.0006062902624503236,0.0036897127962187246,0.029316355044062627,0.0006842351774412159,0.0031616193858435724,0.0024773842084023566,0.002630058470839498
61,30 Astro-Epen,0.011320717272358422,0.047819833012095116,0.5473981481553227,0.0016271079743237287,0.004965372435242491,0.003338264460918763,0.06617380829081798
61,31 OPC-Oligo,0.0007861836665643359,0.004766462595284531,0.038014860086477906,0.0007241196637897488,0.002864952163781849,0.0021408324999921,0.0029471222527411895
61,33 Vascular,0.0007410762138758604,0.004781476093187827,0.035833749519397086,0.00032164120869591494,0.0007306046657275489,0.0004089634570316339,0.0005306874569780311
61,34 Immune,0.0005343996336842575,0.0034556928855617565,0.025840179806266225,0.00021725706822267347,0.00022053041265802226,3.2733444353487938e-06,3.0630162684245497e-06
62,01 IT-ET Glut,0.004730129233298935,0.021093453348147634,0.02140739305278691,-0.004136665607063355,-0.01031062430226328,-0.01031062430226328,-0.005611729266507625
62,02 NP-CT-L6b Glut,0.006577828216344811,0.026983410174174827,0.029769620895283143,-0.003821444944336308,-0.009732508845745051,-0.009732508845745051,-0.007366243595026513
62,03 OB-CR Glut,0.019565160464219505,0.06104932443357626,0.0885470691265411,-0.0055385933624232005,-0.019566369775262545,-0.019566369775262545,-0.04404863074004601
62,04 DG-IMN Glut,0.006864556361468617,0.02547874488849403,0.031067281445179142,-0.0008050173965955397,-0.004302631160601248,-0.004302631160601248,-0.0033984848264023955
62,05 OB-IMN GABA,0.0024423066559739353,0.014645062389877565,0.011053274860189732,-0.0027539979124332208,-0.004372123569880652,-0.004372123569880652,-0.0012286589906446675
62,06 CTX-CGE GABA,0.00848615492502203,0.03274475145115664,0.038406234803883006,-0.005707639273016569,-0.014135545778957516,-0.014135545778957516,-0.013802643767460375
62,07 CTX-MGE GABA,0.006400494660097331,0.0251343045542624,0.028967053152881166,-0.004581991610029521,-0.01123046333251936,-0.01123046333251936,-0.008270846403974802
62,09 CNU-LGE GABA,0.011709182546203534,0.042190060386361444,0.0529928593343297,-0.011276638438115057,-0.033616007519764124,-0.033616007519764124,-0.04529095213944281
62,11 CNU-HYa GABA,0.01773522779737588,0.050969228560225295,0.0802652472296931,-0.008702610894316207,-0.021466347261553696,-0.021466347261553696,-0.04380600653979377
62,12 HY GABA,0.014116448117177986,0.04716026910578997,0.06388754692500061,-0.006640774955593101,-0.011114372904826331,-0.011114372904826331,-0.01805299002436966
62,13 CNU-HYa Glut,0.005464174825377419,0.027288180331575033,0.024729501547765674,0.001157011719422426,-0.0024176518327991533,-0.0035746635522215793,-0.0022474937888877335
62,14 HY Glut,0.011924356412998554,0.041513181750538114,0.05396668294759204,-0.003026181746850285,-0.003947614681387227,-0.003947614681387227,-0.005416371519208071
62,16 HY MM Glut,0.00585647976812814,0.02385852762310593,0.0265049765277925,0.002111628920765934,0.008807098807070594,0.00669546988630466,0.0045118686747099785
62,19 MB Glut,0.013922027828930615,0.04654999127205724,0.06300764886668796,-0.01721683921127504,-0.04383489820252102,-0.04383489820252102,-0.07022006736909753
62,20 MB GABA,0.011808870758410157,0.040448811762096144,0.053444023485705,-0.012405965371909399,-0.02924481842578114,-0.02924481842578114,-0.03973708823696745
62,21 MB Dopa,0.010463179503237463,0.038481196620426025,0.04735375825058612,-0.01239671787866289,-0.029356532301303397,-0.029356532301303397,-0.03534330607844637
62,22 MB-HB Sero,0.012399892517663502,0.04021398676270191,0.05611884154649229,-0.017339790316400445,-0.04514980441794817,-0.04514980441794817,-0.06441878598389196
62,23 P Glut,0.012122257072069313,0.04131564612424846,0.0548623323020133,-0.015848882220929946,-0.04154641724270208,-0.04154641724270208,-0.057950316192571516
62,24 MY Glut,0.013358771629132644,0.042086386057246274,0.06045849084926848,-0.022224419878598186,-0.05291703630968456,-0.05291703630968456,-0.08133936552308416
62,26 P GABA,0.01072800435901988,0.03882236207946774,0.04855228993931293,-0.013638620366517713,-0.03972447428820798,-0.03972447428820798,-0.04903609093021082
62,30 Astro-Epen,0.0028202349065735866,0.012135610594305315,0.012763684493267844,-0.0020363504280504143,-0.006057031002062057,-0.006057031002062057,-0.0019655487605396292
62,31 OPC-Oligo,0.0035499195317495362,0.01767205102377163,0.016066056332445424,0.000629519804468834,-0.0008865285995979483,-0.0015160484040667823,-0.000619256135542474
62,33 Vascular,0.005194305987430817,0.017320097493571468,0.023508142045375807,-0.004758862294288195,-0.0100854736281738,-0.0100854736281738,-0.006027851846304444
62,34 Immune,0.002717778027136704,0.010550249292658432,0.012299990039926736,-0.002370606917447561,-0.0051275626179716535,-0.0051275626179716535,-0.0016034805549932937
63,01 IT-ET Glut,8.691815276226948e-05,0.000579098016574947,0.0053012716627303625,0.00023391341837047317,0.0011262308108383144,0.0008923173924678413,0.0001400459208129685
63,02 NP-CT-L6b Glut,9.640765095197176e-05,0.0006427176730131452,0.005880050735315962,-0.00015737406749743952,-0.0006435126804389352,-0.0006435126804389352,-0.0001120235232927087
63,03 OB-CR Glut,0.0007539301691552899,0.0048865963771147,0.0459833592224641,-0.0009841424175708225,-0.003877018560676432,-0.003877018560676432,-0.005278002845013918
63,04 DG-IMN Glut,0.00011670880895428093,0.0007780587263618729,0.00711824954900464,0.0008895913141180465,0.00468455908730896,0.0037949677731909134,0.0007997464974538739
63,05 OB-IMN GABA,0.001258384951655389,0.008193472260471549,0.07675083136273093,0.002277984465885481,0.013004069358222002,0.010726084892336521,0.024372235369336144
63,06 CTX-CGE GABA,0.00020249516314825252,0.0013499677543216836,0.012350491078358295,-0.000373724509256416,-0.0017494784039853853,-0.0017494784039853853,-0.0006396815979706493
63,07 CTX-MGE GABA,0.0002899384365844471,0.0018204907906023637,0.017683790657694376,9.67290496428981e-06,7.166496016689217e-05,6.199205520260236e-05,3.2455062133478084e-05
63,09 CNU-LGE GABA,5.2968614974237866e-05,0.0003531240998282524,0.0032306371989407486,-0.00031616379047368033,-0.0015772552284484653,-0.0015772552284484653,-0.0001508555214517651
63,11 CNU-HYa GABA,0.00010293325958621598,0.0006862217305747733,0.006278057630715659,0.00025287100524934637,0.0014312151933862092,0.0011783441881368629,0.00021901230070307123
63,12 HY GABA,0.0003315551963927354,0.00220155703801484,0.020222060771070565,0.0008295432125719723,0.004967662817863758,0.0041381196052917854,0.0024774191796284118
63,13 CNU-HYa Glut,9.484480470387695e-05,0.0006322986980258465,0.005784730341762615,0.0005712020574451666,0.0032954290987872795,0.002724227041342113,0.0004665492156756286
63,14 HY Glut,0.0004169335720796347,0.0024632362206539423,0.025429419064531476,0.0005293799420087835,0.003484887820825722,0.0029555078788169385,0.002225049133447161
63,16 HY MM Glut,6.710770305810537e-05,0.0004473846870540358,0.004093001901983457,0.0002818028550155759,0.001493404547436408,0.0012116016924208321,0.00014681582267338873
63,19 MB Glut,0.0001649805062037308,0.0010996519745701161,0.010062414520392443,4.8613939329091543e-05,0.00045809327325565434,0.0004094793339265628,0.00012198466490193705
63,20 MB GABA,0.00018794805362752062,0.0012529870241834709,0.01146324052106887,3.7365688188942673e-05,0.000262913525788466,0.00022554783759952336,7.654505118848008e-05
63,21 MB Dopa,0.0002952009705958608,0.0019426708456459383,0.018004760691481984,0.00039344736910590546,0.002362067594094655,0.0019686202249887493,0.0010493499380124023
63,22 MB-HB Sero,5.409803764568966e-05,0.0003606535843045978,0.0032995224227189016,5.035768207249652e-06,0.00030738802740940864,0.000302352259202159,2.9534889295181557e-05
63,23 P Glut,0.00019024176998865387,0.0012664804213037193,0.011603137805596702,2.8389732590683093e-06,0.00018586688025926007,0.00018302790700019177,6.287294578966074e-05
63,24 MY Glut,0.00017409375031430114,0.001160625002095341,0.010618245278681207,-9.795424917807977e-05,-0.0006195831540448878,-0.0006195831540448878,-0.00019477059886218576
63,26 P GABA,0.00017176691936629241,0.0011427206761241713,0.010476328284628415,-7.86542317757412e-06,0.00014279121354923504,0.00014279121354923504,4.4287547258630324e-05
63,30 Astro-Epen,0.009808746730935925,0.05405887612104357,0.5982505315527369,-0.003380547370472235,-0.016939823951736415,-0.016939823951736415,-0.30002885940921453
63,31 OPC-Oligo,0.0004923650253733817,0.003278234807665322,0.03003009928053229,-0.0003125075842884571,-0.0014335841842718165,-0.0014335841842718165,-0.0012745327936266935
63,33 Vascular,0.0005995933682719578,0.003954943394572237,0.036570120640679216,0.0007282725971336916,0.004119797084208357,0.0033915244870746653,0.0036719131062804547
63,34 Immune,0.0003855559193948378,0.0025637802878072597,0.023515647824179982,0.00045553223580449694,0.0024084961325517604,0.0019529638967472635,0.0013596345985940246
64,01 IT-ET Glut,0.006457781316975699,0.012764709834261314,0.032708172535433115,0.009936579770978475,0.012685772469099516,0.002749192698121041,0.005155071907855801
64,02 NP-CT-L6b Glut,0.0066386115566770855,0.01232603355889382,0.03362406398320153,0.010994276268224384,0.013792635749005305,0.0027983594807809205,0.005394199110188053
64,03 OB-CR Glut,0.01159868961982166,0.026250419892864786,0.05874648314163277,0.0004431048611820666,0.00017741328707253842,-0.00026569157410952823,-0.0008948143091883293
64,04 DG-IMN Glut,0.013480442349057067,0.0223410580910222,0.068277417980671,0.006901628982113929,0.007660487081658821,0.0007588580995448917,0.0029703725920423264
64,05 OB-IMN GABA,0.012739962307206823,0.025062280220955583,0.06452694273552519,-0.0047296114510725455,-0.006561668883980414,-0.006561668883980414,-0.02427329119317392
64,06 CTX-CGE GABA,0.008892259136969321,0.01729570275104381,0.045038618033907726,0.007550610560588574,0.009536120476671336,0.0019855099160827625,0.005126611204864222
64,07 CTX-MGE GABA,0.006656598294037593,0.013223650915586813,0.03371516544360411,0.00811024502387386,0.010412808773771652,0.002302563749897792,0.004450514539121308
64,09 CNU-LGE GABA,0.009593410391777546,0.016397951765230647,0.048589895955849345,0.0020911121900498383,0.0007877616713541283,-0.00130335051869571,-0.003630617227845735
64,11 CNU-HYa GABA,0.006685472092915214,0.013444650561594591,0.03386140904478646,0.008314561841287637,0.010193991743567419,0.0018794299022797823,0.0036484166100966865
64,12 HY GABA,0.007771254878282538,0.016850001936387884,0.03936081649397358,0.009661549949540545,0.013592921357460278,0.003931371407919732,0.008871180982717853
64,13 CNU-HYa Glut,0.005502364930971176,0.010007805523064423,0.027869061010478157,0.009818363660687342,0.014046536973149597,0.004228173312462256,0.006755358209997045
64,14 HY Glut,0.008301481369563681,0.015267884323956676,0.04204637345362035,0.0069176189622931535,0.010267543263062031,0.0033499243007688775,0.008074893488759654
64,16 HY MM Glut,0.00783956237669483,0.013873474980162497,0.0397067887921776,0.00981289954666673,0.01400836771218234,0.004195468165515611,0.009550331833732233
64,19 MB Glut,0.005791090322691085,0.011395632639833692,0.029331433219167,0.00814433635461511,0.01000384902634397,0.0018595126717288607,0.0031268402410127875
64,20 MB GABA,0.007466162844093208,0.014973753119982537,0.037815548482618214,0.005186819091228301,0.006088587690388832,0.0009017685991605318,0.001954964062151547
64,21 MB Dopa,0.008230123931191522,0.017269426648473342,0.04168495344086337,0.004096085219094328,0.005482740956771331,0.0013866557376770033,0.003313761436946261
64,22 MB-HB Sero,0.00795152757592462,0.015987515389313377,0.040273884033502245,0.00866219096090347,0.009858696410590482,0.001196505449687012,0.0027625583644146816
64,23 P Glut,0.009253192346538491,0.01858129502512589,0.04686671736290216,0.0088569637606709,0.009825898669300004,0.0009689349086291037,0.0026033490707442312
64,24 MY Glut,0.012792006487874846,0.022138001710328037,0.0647905425629582,0.01612194690905152,0.016751217510298098,0.000629270601246578,0.0023373423344871503
64,26 P GABA,0.009876975568951712,0.018862933212121933,0.05002613206927613,0.00902966824037123,0.009671517304329254,0.0006418490639580245,0.0018407851552843957
64,30 Astro-Epen,0.005351763024292895,0.01366989557565857,0.027106273776594973,-0.0008272071891352587,-0.0030398064971616143,-0.0030398064971616143,-0.0047237730622340605
64,31 OPC-Oligo,0.006498771270893943,0.014995271175744635,0.03291578354286272,0.0010248877422371534,0.0012541006844399708,0.0002292129422028174,0.0004325303627188869
64,33 Vascular,0.0057417988201370895,0.015311355652459979,0.02908177549758564,0.0010106916051985213,0.0006210653787902399,-0.00038962622640828135,-0.0006495945396644647
64,34 Immune,0.0063250201720969545,0.01536672320295416,0.03203574740680872,-0.00041497191141530296,-0.001650588362233603,-0.001650588362233603,-0.0030314255403262424
65,01 IT-ET Glut,8.219885317211956e-05,0.0005479923544807971,0.003460415574528431,0.00079827958650916,0.001757672788370689,0.0009593932018615291,8.282555004463844e-05
65,02 NP-CT-L6b Glut,8.047283863386075e-05,0.0005364855908924052,0.0033877536411855568,0.0010085576137681498,0.0022446717110979346,0.0012361140973297848,0.00010447438277352517
65,03 OB-CR Glut,0.00018243869796143517,0.0012162579864095678,0.00768032262567587,-0.002512248916227629,-0.006332816007100922,-0.006332816007100922,-0.0012134329057465361
65,04 DG-IMN Glut,9.80748683423314e-05,0.0006538324556155425,0.004128765655294334,0.0005400594838992552,0.0009661943054467305,0.00042613482154747534,4.3894154840901484e-05
65,05 OB-IMN GABA,0.0006306265452682877,0.004204176968455251,0.026548179624695988,0.00027622218970181606,-0.0023006482601149584,-0.0025768704498167743,-0.0017067376407320773
65,06 CTX-CGE GABA,0.00010824234397128925,0.0007216156264752615,0.004556797065251009,-0.0014927599206417562,-0.002602519319562704,-0.002602519319562704,-0.0002958646536499343
65,07 CTX-MGE GABA,0.00011217691384528221,0.0007478460923018816,0.004722434982881393,0.0005499372570420033,0.0010679268767065724,0.0005179896196645692,6.102762627881188e-05
65,09 CNU-LGE GABA,8.341737537049774e-05,0.0005561158358033183,0.0035117130443890776,-0.0003899339515945225,-0.0019396098929153065,-0.0019396098929153065,-0.00016993109083657693
65,11 CNU-HYa GABA,0.0002669457146019861,0.001779638097346574,0.011237907497663874,0.001118760416721679,0.003168898751195402,0.002050138334473723,0.0005747884772239507
65,12 HY GABA,0.00037689405766491236,0.0025126270510994167,0.015866523883976098,0.0011834357310616986,0.0033271653276904433,0.0021437295966287447,0.0008485769438515582
65,13 CNU-HYa Glut,0.00022756154787148425,0.0015107903555008006,0.009579908892030302,0.0018294371584367392,0.006208724103586281,0.0043792869451495416,0.001046656597332571
65,14 HY Glut,0.00027830000572223816,0.0018232866267684676,0.011715901585342664,0.0006139403371790573,0.0005792830280602522,-3.46573091188051e-05,-1.0130012675735268e-05
65,16 HY MM Glut,6.205400893078848e-05,0.0004136933928719231,0.0026123558988881425,0.0003673579660785948,0.0008616702027274998,0.0004943122366489049,3.2216112927098924e-05
65,19 MB Glut,0.0002496959980885714,0.0016646399872571427,0.010511727199816768,0.0002949028633798277,-5.3402206439251606e-05,-0.0003483050698190793,-9.134258782568168e-05
65,20 MB GABA,0.0002755730351885582,0.001836486287130977,0.011601101305997322,0.00034696121746916124,0.0007240086128526074,0.00037704739538344613,0.00010912759854266331
65,21 MB Dopa,0.0001760626787665921,0.0011737511917772805,0.007411904329387392,0.00040093514165078897,0.0005155129180784092,0.0001145777764276202,2.1187007906145816e-05
65,22 MB-HB Sero,6.23394555678635e-05,0.0004155963704524234,0.0026243726600777765,0.00035465863273362807,0.0005512637740585546,0.00019660514132492657,1.2872408378507151e-05
65,23 P Glut,0.0002119267450153133,0.0014128449667687555,0.008921713391481319,0.0004773745034639539,0.0005405215326245197,6.314702916056578e-05,1.4055316345632908e-05
65,24 MY Glut,0.00045504851349549916,0.003011372228254896,0.019156678013117743,2.981191374220874e-05,-0.0004006911260972888,-0.0004305030398394975,-0.0002057481107105058
65,26 P GABA,0.00028413426258803,0.0018942284172535336,0.01196151271670372,0.0004950517265264543,0.0005586352788678705,6.358355234141618e-05,1.8974499453245423e-05
65,30 Astro-Epen,0.018657436064538006,0.050469229553145895,0.7854426168611589,0.006835815795562325,0.011585320398564133,0.004749504603001808,0.09306839159774125
65,31 OPC-Oligo,0.0003933605718731041,0.002567253009038803,0.016559732852535616,-0.0010032474679862948,-0.00063391404978867,-0.00063391404978867,-0.00026189254596012634
65,33 Vascular,0.00027291037858783525,0.0018193348582892282,0.011489008521059442,0.0011994014707226988,0.0034628472123868115,0.0022634457416641127,0.0006487719635099307
65,34 Immune,0.00012614944914340564,0.0008409963276227046,0.005310652176861349,0.0003570071385953492,0.0014107526736869683,0.001053745535091619,0.0001396120935020351
66,01 IT-ET Glut,0.00011787847360093629,0.0007858564906729086,0.0029295636304095935,0.0004514029330336714,0.0003526906874822472,-9.871224555142418e-05,-2.427495537613034e-06
66,02 NP-CT-L6b Glut,0.00017549970050800468,0.0011697009293524935,0.004361589729237407,0.00017565724736201926,0.0003480874407390128,0.00017243019337699354,6.313099002772616e-06
66,03 OB-CR Glut,0.0002962237828171001,0.001974825218780667,0.007361873581271364,-0.0016110000040678843,-0.0029999424776766138,-0.0029999424776766138,-0.0001853897659574065
66,04 DG-IMN Glut,0.00017666047773784178,0.0011777365182522787,0.004390437835695339,-0.0002553707139730444,-0.0010843418368711873,-0.0010843418368711873,-3.996304021268878e-05
66,05 OB-IMN GABA,0.0004509407562056723,0.003006271708037816,0.011206962547901907,0.0003487065715468043,-0.001526785066877844,-0.0018754916384246484,-0.0001764361311730738
66,06 CTX-CGE GABA,0.00031724221798708186,0.002112028134332005,0.007884232255939606,0.0003598738149679539,0.0006581271085838475,0.00029825329361589365,1.973918107327468e-05
66,07 CTX-MGE GABA,0.00015137023618498423,0.0010091349078998947,0.0037619144964099517,0.00012954407513196962,-0.00047810381553455185,-0.0006076478906665214,-1.9188692722350913e-05
66,09 CNU-LGE GABA,0.00014301644372860176,0.0009534429581906784,0.0035543026584838986,0.000676830516502622,0.0044302456710626605,0.0037534151545600383,0.00011198645135134282
66,11 CNU-HYa GABA,0.0004036355656260647,0.002690903770840432,0.010031314767453281,0.0003053806242002178,0.001311540669031734,0.0010061600448315162,8.472457494541734e-05
66,12 HY GABA,0.0004888739185458464,0.0032591594569723096,0.012149692881808389,9.176327800192668e-05,0.0010230015708816342,0.0009312382928797075,9.497528367363083e-05
66,13 CNU-HYa Glut,0.00011114199966574333,0.0007409466644382889,0.0027621460482600843,-0.0002330677910992515,0.0003174049749611664,0.0003174049749611664,7.3594412211321055e-06
66,14 HY Glut,0.0005503750952311176,0.003663080132523508,0.013678145066000343,0.0004135306818441101,0.001314911835783186,0.0009013811539390758,0.00010349518670274433
66,16 HY MM Glut,7.308013924602256e-05,0.00048720092830681713,0.0018162172574884442,0.0002341968948672009,-7.759716134645238e-06,-0.00024195661100184614,-3.6888395383497363e-06
66,19 MB Glut,0.00033969653263763697,0.00226464355091758,0.008442275989766145,-0.00012836048896660223,-0.0004967631247358123,-0.0004967631247358123,-3.520410999515233e-05
66,20 MB GABA,0.00029582358989316146,0.0019721572659544095,0.007351927824431256,-0.00011907174530649478,-0.0014540845076656396,-0.0014540845076656396,-8.97377870367992e-05
66,21 MB Dopa,0.0002793788859169238,0.0018522142174708773,0.006943237372222557,-5.799191292513233e-05,-0.00023673947560489368,-0.00023673947560489368,-1.3798032627660884e-05
66,22 MB-HB Sero,0.00023504627473318164,0.001566975164887878,0.005841465340420908,-0.0013527017912479658,-0.004242602852611202,-0.004242602852611202,-0.00020803607776770995
66,23 P Glut,0.00035056573694679905,0.0023317097516695412,0.008712401863158515,-0.00043965922634243916,-0.001095525382772872,-0.001095525382772872,-8.012071511807294e-05
66,24 MY Glut,5.259502071157104e-05,0.0003506334714104737,0.0013071127841278222,-0.000326537047315166,-0.0013472763157773258,-0.0013472763157773258,-1.478271522871206e-05
66,26 P GABA,0.0004258228171458412,0.002834667187658416,0.01058272134004883,-0.00016795230135281967,9.446975611020375e-05,9.446975611020375e-05,8.392176865903793e-06
66,30 Astro-Epen,0.0005152371421475918,0.003427552620662468,0.012804882406110267,0.0011477894559032095,0.0037725765857716557,0.0026247871298684462,0.00028213317464055777
66,31 OPC-Oligo,0.03385535453713426,0.14114517919041353,0.8413870006696723,0.021253141338173003,0.02215128676510262,0.0008981454269296162,0.006343470641032686
66,33 Vascular,0.0002629596805547076,0.0017506171551338618,0.006535180621910236,-0.0007774937578885671,-0.004077707827043124,-0.004077707827043124,-0.0002236959768408171
66,34 Immune,0.00016913457431492768,0.0011275638287661844,0.004203401031771463,0.0005213356751589744,-5.780419076997399e-05,-0.0005791398659289483,-2.043472328202669e-05
67,01 IT-ET Glut,0.0001466007041837691,0.000977338027891794,0.00658838010137609,4.471748506672086e-05,0.0003669295987405931,0.0003222121136738723,0.0002205291130395484
67,02 NP-CT-L6b Glut,0.00010998055002581878,0.000727809683815223,0.004942634289260976,-5.867743981030847e-05,-0.00021395694046779523,-0.00021395694046779523,-0.00010985764294991765
67,03 OB-CR Glut,0.0014349132003841519,0.008750654320474754,0.06448641314002299,-0.0008355487127375812,-0.005020198939297434,-0.005020198939297434,-0.033630596391826154
67,04 DG-IMN Glut,0.00016210054349323288,0.0010806702899548853,0.007284958152958903,0.00011646099201147971,0.0006255999704282429,0.0005091389784167632,0.00038530871162298114
67,05 OB-IMN GABA,0.0015230982948372098,0.008386071847550339,0.06844953817934202,-0.0010401873250528583,-0.003673608236421413,-0.003673608236421413,-0.026122141793711258
67,06 CTX-CGE GABA,0.0002512446721230136,0.0016675238812593988,0.011291183133179583,3.7399374328806686e-05,0.0002421808483126516,0.00020478147398384492,0.00024020140096160642
67,07 CTX-MGE GABA,0.00016099709631205001,0.0010733139754136667,0.007235368149337149,3.9535658432173035e-05,0.0002528279505145273,0.00021329229208235425,0.00016031760457107437
67,09 CNU-LGE GABA,0.00018412383991707595,0.001226232565919703,0.00827470679525512,0.00013668655310822156,0.0009555469344516581,0.0008188603813434366,0.0007038950212141365
67,11 CNU-HYa GABA,0.0033385485995294354,0.014156456415326263,0.150037663755315,0.000936681797320104,0.0023339883904030705,0.0013973065930829665,0.02177897425041291
67,12 HY GABA,0.0007486726897833265,0.00496572590122383,0.03364608839551734,-0.00044059901275779484,-0.001673964022530825,-0.001673964022530825,-0.005850946424194097
67,13 CNU-HYa Glut,0.002430236995984481,0.009419438964315185,0.10921724527258347,0.0011477334179368433,0.0030198224381121404,0.0018720890201752972,0.02124042168794437
67,14 HY Glut,0.0010926176459363265,0.006449077271808932,0.04910331363671766,9.050798192033658e-05,0.0011702655637094413,0.0010797575817891047,0.005507854802430312
67,16 HY MM Glut,0.0002528958972520981,0.0016859726483473207,0.01136539081754183,0.00022637151412436762,0.001393602996791901,0.0011672314826675335,0.0013781192121493137
67,19 MB Glut,0.0008812074590057395,0.005511871223508645,0.03960233151963525,0.00044314359551688435,0.002431045267444238,0.0019879016719273534,0.008178263026622489
67,20 MB GABA,0.0007531305959659786,0.004603653245188803,0.03384643109203515,0.0004529313353440413,0.0023833522221525707,0.0019304208868085294,0.006787507298996774
67,21 MB Dopa,0.0007293745226795317,0.004556510471096036,0.03277880975011401,0.0002240879172918698,0.0012927406590574053,0.0010686527417655355,0.0036389425904531534
67,22 MB-HB Sero,0.001066395099152446,0.006246084083813476,0.047924846545442594,0.00036040217022868603,0.002695266317469836,0.00233486414724115,0.01162432563578502
67,23 P Glut,0.0005074647523583585,0.003297982897811187,0.022805966009525593,0.0004881118035497369,0.0030681460568209346,0.0025800342532711976,0.006112506931329232
67,24 MY Glut,0.0005286200868935657,0.003513761601755105,0.023756707589286337,-9.463180763354044e-05,-0.0006131878340195407,-0.0006131878340195407,-0.001513300591719265
67,26 P GABA,0.0009199618849676009,0.0057113399579987335,0.04134399360965711,0.0006654861385859739,0.00368329037696369,0.003017804238377716,0.012961310333430853
67,30 Astro-Epen,0.0035984975142090447,0.020705721080848553,0.16172002412585312,-0.000985960830395476,-0.005122754053149786,-0.005122754053149786,-0.08606225537147366
67,31 OPC-Oligo,0.00047002534949536586,0.003117006015100489,0.021123402353346015,0.00016955486812875702,0.0013227016529749238,0.0011531467848461669,0.0025304274141044977
67,33 Vascular,0.0006205457764108769,0.0039920950615734835,0.027887938656648313,-1.4402122412895322e-05,0.00015419497012073477,0.00015419497012073477,0.0004467165491245369
67,34 Immune,0.0003401497498449356,0.0022388311270379936,0.01528666493004844,-0.00031841734537836847,-0.0016462689353869107,-0.0016462689353869107,-0.002614321229979168
68,01 IT-ET Glut,3.668638546428505e-05,0.0002445759030952337,0.0007728361157177944,0.00014331406729343478,0.00048716878241659436,0.0003438547151231596,2.4530930566775595e-06
68,02 NP-CT-L6b Glut,3.1388476805864524e-05,0.0002092565120390968,0.0006612302680120458,0.00024080810805183648,0.0008250833238471019,0.0005842752157952654,3.566332406689113e-06
68,03 OB-CR Glut,0.0020061356495161492,0.010725103260557556,0.042261292938886426,-0.0009354404309357737,-0.005900681374933984,-0.005900681374933984,-0.0023019536460299854
68,04 DG-IMN Glut,9.37698183965239e-05,0.0006251321226434925,0.0019753568334411765,-0.00017047957453200017,-0.0010859609757066528,-0.0010859609757066528,-1.9802107247398995e-05
68,05 OB-IMN GABA,0.006443500563239093,0.02885824665647219,0.13573890924105975,0.00512580401328243,0.014102938549899201,0.008977134536616771,0.011248476853380335
68,06 CTX-CGE GABA,6.0306723138411444e-05,0.0004020448209227431,0.0012704226124247487,0.0007187683003663485,0.0019639032399812167,0.0012451349396148683,1.4602131842543566e-05
68,07 CTX-MGE GABA,5.750301287624861e-05,0.0003833534191749908,0.0012113595970530797,0.00025673828457389137,0.000829401324283693,0.0005726630397098016,6.403595175010471e-06
68,09 CNU-LGE GABA,4.099373817038385e-05,0.00027329158780255906,0.0008635748923042385,0.00042770443287161794,0.0009815793516824583,0.0005538749188108403,4.415331713295135e-06
68,11 CNU-HYa GABA,4.289209481587587e-05,0.0002859472987725058,0.0009035657106304916,0.0002462788372300104,0.00044151855208924364,0.00019523971485923322,1.6284691529311654e-06
68,12 HY GABA,8.275521926381457e-05,0.0005517014617587637,0.0017433230720830634,-3.5800785667439794e-05,-0.0006824361766406564,-0.0006824361766406564,-1.0982255650220361e-05
68,13 CNU-HYa Glut,0.0004921353656200904,0.003112602359821987,0.01036733326436468,-0.0007044792416709125,-0.005326608970690502,-0.005326608970690502,-0.000509764403539714
68,14 HY Glut,0.00018205198214147201,0.0010949868205627387,0.0038351106263633224,-0.0005136167612748634,-0.0025157986464030327,-0.0025157986464030327,-8.906465813697513e-05
68,16 HY MM Glut,6.836675082592398e-05,0.00045577833883949325,0.0014402153137705708,0.00015244556246643537,0.0010143026870861101,0.0008618571246196748,1.145814544539063e-05
68,19 MB Glut,4.848160894890848e-05,0.00032310901844642047,0.0010213145249836535,-0.00013056894619064115,-0.00039428973702055627,-0.00039428973702055627,-3.717291439225993e-06
68,20 MB GABA,7.339529465173758e-05,0.0004889043916991126,0.001546146716629591,-0.00018720041690725554,-0.0007087044539645112,-0.0007087044539645112,-1.0115037445143944e-05
68,21 MB Dopa,0.00011110453691013264,0.0007406969127342175,0.002340530353633316,-0.00030760671160204946,-0.0013851774370232989,-0.0013851774370232989,-2.9927560447369194e-05
68,22 MB-HB Sero,0.00020142462755151706,0.0012797140619013167,0.004243215154525488,-0.0006655303090676995,-0.002603336562230942,-0.002603336562230942,-0.00010197107586406108
68,23 P Glut,0.00014566067267278101,0.0008470925430284028,0.003068490587356014,-9.432078860030244e-05,-0.00012597179145318503,-0.00012597179145318503,-3.5682044549462157e-06
68,24 MY Glut,5.381063068981724e-06,3.58737537932115e-05,0.00011335758014953177,2.2861545286697553e-05,-0.00026770409866905845,-0.000290565643955756,-3.0405101620518897e-07
68,26 P GABA,7.649592393881241e-05,0.0005099728262587496,0.0016114646340035057,-0.00024192340510389458,-0.0010960295620765837,-0.0010960295620765837,-1.630401915700209e-05
68,30 Astro-Epen,0.0005451205812554128,0.0033271762890675844,0.01148352085613321,-0.00018379055967014652,-0.001745132789011245,-0.001745132789011245,-0.00018499294752315868
68,31 OPC-Oligo,0.00018753863566719947,0.0012463383565237557,0.0039506925771455965,0.00035086523561700037,0.00048556804717362755,0.00013470281155662718,4.912488278131084e-06
68,33 Vascular,0.03520042937246437,0.13979001601831895,0.7415329355435611,-0.005810353929490226,-0.0031287234850635097,-0.0031287234850635097,-0.021416537474486085
68,34 Immune,0.001236294348164089,0.007857421657131651,0.0260438009857676,-5.576291012119612e-05,-0.0005566814018437144,-0.0005566814018437144,-0.0001338328450485525
69,01 IT-ET Glut,2.59347537116713e-05,0.00017289835807780872,0.0005884602260864796,-0.0007376420682222009,-0.0014581734530249967,-0.0014581734530249967,-6.857227517479351e-06
69,02 NP-CT-L6b Glut,3.037988601326035e-05,0.00020253257342173566,0.0006893203918801587,-0.0003830766184313308,-0.0008426054452113148,-0.0008426054452113148,-4.641599291892142e-06
69,03 OB-CR Glut,0.0016968734334310827,0.009080230089322017,0.038502101673231856,-4.482553815789396e-05,0.0024353019036308862,0.0024353019036308862,0.0007493065041190158
69,04 DG-IMN Glut,6.409162582344361e-05,0.0004272775054896241,0.0014542406317643495,-0.0014173434047724696,-0.0028417670773025244,-0.0028417670773025244,-3.302531820956944e-05
69,05 OB-IMN GABA,0.0009131876269775489,0.005959520985572038,0.020720250649180132,-0.001485611380574647,-0.00405699941142049,-0.00405699941142049,-0.0006717724777344998
69,06 CTX-CGE GABA,8.571864603702869e-05,0.0005714576402468581,0.0019449582744283638,-0.0010588828504769889,-0.0019445180377008061,-0.0019445180377008061,-3.0223483752598985e-05
69,07 CTX-MGE GABA,4.376230886896289e-05,0.000291748725793086,0.0009929679092925807,-0.0008477371435158866,-0.001666613992073242,-0.001666613992073242,-1.322490297305294e-05
69,09 CNU-LGE GABA,7.420535492503054e-05,0.0004947023661668702,0.0016837214041620033,-0.00011427266132877572,0.00036212349984303323,0.00036212349984303323,4.872470288492063e-06
69,11 CNU-HYa GABA,4.70609314961634e-05,0.00031373954330775593,0.001067813741204331,4.633070981498376e-05,0.00036543084290825245,0.00031910013309326867,2.7229818604363565e-06
69,12 HY GABA,8.725235856925712e-05,0.0005816823904617141,0.0019797582510736266,0.00023798251448736265,0.001030073520692592,0.0007920910062052293,1.2531685911431691e-05
69,13 CNU-HYa Glut,1.74139091046829e-05,0.00011609272736455263,0.00039512204367606984,0.00019013196362909854,0.0007211368421430225,0.0005310048785139239,1.6766871198988743e-06
69,14 HY Glut,5.614603422222412e-05,0.00037321127133777086,0.00127395495479105,-0.000301919920531629,-0.0008187752238546435,-0.0008187752238546435,-8.335679773893044e-06
69,16 HY MM Glut,4.9394839715335286e-05,0.00032929893143556854,0.0011207701784848943,-0.0005523931224431803,-0.0005454396907910765,-0.0005454396907910765,-4.885236148143656e-06
69,19 MB Glut,3.480942611686955e-05,0.00023206284077913035,0.000789826770302251,8.966088071238395e-05,0.0002192416375341739,0.00012958075682178993,8.178894746237586e-07
69,20 MB GABA,3.047375947178169e-05,0.00020315839647854462,0.0006914503830587574,-0.0001603377290054221,-0.0002520187395014254,-0.0002520187395014254,-1.392567047604877e-06
69,21 MB Dopa,8.002468629721767e-05,0.0005334979086481179,0.0018157621820703083,-0.00045610926539550164,-0.0011732845423995499,-0.0011732845423995499,-1.7024900138693277e-05
69,22 MB-HB Sero,0.00010200301403409102,0.0006800200935606067,0.0023144510014371524,0.00025117403240746213,0.00043408471389938075,0.0001829106814919186,3.383057009442377e-06
69,23 P Glut,6.996812529782854e-05,0.00046645416865219035,0.0015875785553759935,1.9384112375600754e-05,0.0001774839497211137,0.00015809983734551295,2.00580590102387e-06
69,24 MY Glut,1.151124677668069e-05,7.674164517787128e-05,0.00026119048424563774,-0.0002217081296134668,-0.0007787248313572944,-0.0007787248313572944,-1.625412635552299e-06
69,26 P GABA,0.00011566787932380897,0.0007698334498326079,0.002624507144912691,-6.735619633679208e-05,-0.0004054172740250038,-0.0004054172740250038,-8.503001705800353e-06
69,30 Astro-Epen,0.0004194341036348534,0.002643743970423466,0.009516970556087074,-0.0008044016315962784,-0.0020995058895136995,-0.0020995058895136995,-0.0001596754249136409
69,31 OPC-Oligo,0.0001885483506414357,0.001256863861288537,0.004278166906083257,-0.0005194489887841065,-0.0005802689599484227,-0.0005802689599484227,-1.9838522354043817e-05
69,33 Vascular,0.03924338445180646,0.13989646610480722,0.8904333985063505,-0.00018562683784441937,0.003577467477381672,0.003577467477381672,0.025456541065980776
69,34 Immune,0.0005849820271211681,0.0038770227807572986,0.013273257180820402,-0.0006291412591565873,-0.0010919518433401972,-0.0010919518433401972,-0.00011582525171098988
70,01 IT-ET Glut,9.3632977379996e-05,0.0006242095954845708,0.003970074554679499,0.0005209731491164399,0.0024388106802544596,0.0019178375311380198,0.0001827027106830803
70,02 NP-CT-L6b Glut,9.018316259877899e-05,0.0006012210839918599,0.0038238010700109137,0.00026442467360779566,0.0016130863587196956,0.0013486616851118999,0.00012374647168093763
70,03 OB-CR Glut,0.0005019831559038214,0.003346554372692143,0.021284280494932167,-0.0020080965290216685,-0.004675726318190535,-0.004675726318190535,-0.0023880453587218887
70,04 DG-IMN Glut,0.00016846654571307562,0.0011231103047538373,0.0071430468747768535,0.0004018686424732418,0.002082958857193577,0.0016810902147203354,0.0002881436381452409
70,05 OB-IMN GABA,0.00011873203070868705,0.0007915468713912469,0.005034284150005991,0.0004588266856201051,0.00041589124745338444,-4.293543816672065e-05,-5.186664292427671e-06
70,06 CTX-CGE GABA,0.0002500698567529292,0.0016178591006746803,0.010603058911157247,-0.000713446707900904,-0.0008734830137679098,-0.0008734830137679098,-0.00022223893810244252
70,07 CTX-MGE GABA,0.00021118225556042785,0.0014002186828870541,0.00895420953877942,0.0005722295300461949,0.0017903753796775282,0.0012181458496313333,0.0002617345518101618
70,09 CNU-LGE GABA,0.00010725623573900317,0.0007150415715933543,0.004547705992622795,-0.0009071012232712802,-0.001899987906820829,-0.001899987906820829,-0.00020733743986421657
70,11 CNU-HYa GABA,0.00013201135125167425,0.0008800756750111619,0.005597332491160306,0.0005780548397587388,0.0024615847252376683,0.0018835298854789294,0.00025298113456289283
70,12 HY GABA,0.0005096817569226246,0.003397878379484164,0.021610704163885257,0.0010218773761175644,0.0039187875676678615,0.0028969101915502973,0.0015022370360443054
70,13 CNU-HYa Glut,5.703516852927049e-05,0.00038023445686180324,0.002418313265645333,0.0010828203625764523,0.0045859848462909214,0.003503164483714469,0.00020328606175407758
70,14 HY Glut,0.0005370589980372448,0.003498129088029443,0.022771509804886906,0.00039465710338742387,0.0004559882394195792,6.133113603215535e-05,3.351254039679082e-05
70,16 HY MM Glut,0.0002532238726807016,0.0016881434235246262,0.010736790409719827,0.00017881883734753034,0.00019712194198343388,1.8303104635903543e-05,4.71556518842005e-06
70,19 MB Glut,0.0003102428775723829,0.002020319878246318,0.01315441833086262,-6.443416831470176e-05,-0.0002609162630778706,-0.0002609162630778706,-8.235828866863117e-05
70,20 MB GABA,0.00022866648317625493,0.0015244432211750328,0.009695547570615299,0.0002703191687654715,0.0007499107187494147,0.0004795915499839432,0.00011157795030580695
70,21 MB Dopa,0.00020663152161980338,0.0013047153351911658,0.00876125665478142,0.00020245861176450663,0.0004619134455063813,0.0002594548337418747,5.454597185504315e-05
70,22 MB-HB Sero,0.00024579813885329364,0.0016148320884536217,0.010421936415508239,-6.394308687671942e-05,0.0004619499719247492,0.0004619499719247492,0.00011552550596358445
70,23 P Glut,0.00032922022487165675,0.0021757831957508003,0.013959065216354686,0.00014555152620750032,0.00030556019067771973,0.0001600086644702194,5.3596243508986677e-05
70,24 MY Glut,0.00026212727580871687,0.0016976298637160702,0.011114298155363073,0.00013241266040548376,0.0016318414388622842,0.0014994287784568005,0.0003998917091457775
70,26 P GABA,0.0003091841569337552,0.002056935951112089,0.013109528165180163,0.0002730403677565217,0.000993761381595727,0.0007207210138392053,0.00022671944031816204
70,30 Astro-Epen,0.016996730190700256,0.05681208798382685,0.7206679519439073,0.003073058519519261,0.0046106794149145605,0.0015376208953952995,0.026590040366385327
70,31 OPC-Oligo,0.0006109472522011853,0.0038606036361881107,0.025904400437590656,-0.00038080162414409925,0.0008977396654917688,0.0008977396654917688,0.0005580311908652205
70,33 Vascular,0.0007731254025485474,0.005039153474429151,0.032780816910026836,0.001266568417608282,0.005210515985430586,0.003943947567822304,0.0031023116219216617
70,34 Immune,0.00028149904017697215,0.0018720773793133197,0.011935668477547103,0.0003859813043725752,0.0017081954583172292,0.001322214153944654,0.00037868932628768126
71,01 IT-ET Glut,2.3996969637828995e-05,0.00015997979758552663,0.0011068294872655254,8.209266795972734e-05,0.0005181429879203287,0.0004360503199606014,6.750021488747326e-06
71,02 NP-CT-L6b Glut,2.6337513682569936e-05,0.00017558342455046625,0.0012147840833691592,1.9559944427758966e-05,0.00019843222160678513,0.00017887227717902616,3.038994779653123e-06
71,03 OB-CR Glut,0.0001917169735849454,0.0012781131572329693,0.008842699839841983,0.0009647359718990891,0.00201926263956352,0.0010545266676644312,0.00013041581974906736
71,04 DG-IMN Glut,5.305270894404624e-05,0.0003536847262936416,0.002446988245799951,0.00042674858056559155,0.0012667293399357144,0.0008399807593701229,2.8746769492934357e-05
71,05 OB-IMN GABA,0.00036319887801409504,0.0023673773587414193,0.01675208303360273,0.00031954178260773996,0.0009709270661157952,0.0006513852835080553,0.00015261407355257668
71,06 CTX-CGE GABA,8.708516025874059e-05,0.0005805677350582706,0.0040166914711460295,0.0003838783239013897,0.0012989026392404193,0.0009150243153390296,5.1403055394695384e-05
71,07 CTX-MGE GABA,4.373908856183858e-05,0.0002915939237455904,0.002017409435316559,0.0001616413658692942,0.0006441044117944473,0.00048246304592515314,1.3612751832164358e-05
71,09 CNU-LGE GABA,5.100144715765034e-05,0.0003400096477176689,0.00235237642332613,0.0002445547465224099,0.0005824467190662299,0.00033789197254382,1.1116613778988365e-05
71,11 CNU-HYa GABA,0.00017406692573019547,0.0011604461715346366,0.008028613990164997,-0.0002769518609254329,-0.0007395778436539685,-0.0007395778436539685,-8.304477161638537e-05
71,12 HY GABA,0.00010800889685244058,0.000720059312349604,0.00498177202069908,-0.00019579072625989307,-0.0006108952581020528,-0.0006108952581020528,-4.25636073726988e-05
71,13 CNU-HYa Glut,0.00010105175328384751,0.00067367835522565,0.004660882684875627,-0.00028624481600334915,-0.0011880865254594406,-0.0011880865254594406,-7.744690510643417e-05
71,14 HY Glut,7.7416836128327e-05,0.0005161122408555134,0.00357075240461018,-3.6827705809715745e-06,-0.00014087366002741352,-0.00014087366002741352,-7.035214779101877e-06
71,16 HY MM Glut,5.09222959294066e-05,0.0003394819728627107,0.002348725674306748,2.528264446486912e-05,0.00013724617526002196,0.00011196353079515284,3.6778728076930717e-06
71,19 MB Glut,9.20653951653113e-05,0.0006137693011020755,0.004246398427119835,7.254630091278402e-05,0.0003439391811525001,0.00027139288023971604,1.6117846507705253e-05
71,20 MB GABA,4.33200292735068e-05,0.000288800195156712,0.0019980808624076303,5.193051099985049e-05,0.00018273356348919828,0.0001308030524893478,3.6552641277944567e-06
71,21 MB Dopa,5.135218344318968e-05,0.0003423478896212645,0.0023685536852449413,6.0474792229746436e-05,5.782262189518395e-05,-2.6521703345624823e-06,-8.785621132619583e-08
71,22 MB-HB Sero,3.213026443207143e-05,0.00021420176288047628,0.0014819672918614706,0.000654319919103842,0.0016379685627153234,0.0009836486436114815,2.0387615814999383e-05
71,23 P Glut,5.7180357078235996e-05,0.0003812023805215732,0.0026373707289604814,0.00019815011582342026,0.0004724097729020734,0.00027425965707865316,1.0116282197500107e-05
71,24 MY Glut,6.0461667979400514e-05,0.0004030777865293367,0.0027887169913056,0.00017015022129073662,0.0008924395895714223,0.0007222893682806857,2.817107956805933e-05
71,26 P GABA,6.473476115971365e-05,0.00043156507439809106,0.002985807940920673,0.00016248439748372013,0.0005775323140614261,0.00041504791657770597,1.7331970136744437e-05
71,30 Astro-Epen,0.00017984501031220352,0.0011986597374377425,0.008295120740467298,0.00044827119542742704,0.001071609618695937,0.00062333842326851,7.231600649521435e-05
71,31 OPC-Oligo,0.019448608810884525,0.07958858817886988,0.8970421700348736,-0.004648179706630018,-0.008547462113889633,-0.008547462113889633,-0.10723532427261592
71,33 Vascular,0.0001810844055609852,0.001207229370406568,0.008352286258798657,0.0001233018027331854,0.0004327645240622051,0.0003094627213290197,3.614943684234932e-05
71,34 Immune,0.0001184405409655697,0.0007896036064371316,0.0054629182437150835,0.00021942572954661407,0.000744988628391974,0.0005255628988453599,4.015477766878803e-05
72,01 IT-ET Glut,0.0008703760401940888,0.005696637349565473,0.005725200170306276,0.0003528751847133436,0.0014948630672318084,0.0011419878825184647,0.00010039363988894158
72,02 NP-CT-L6b Glut,0.0019342922447434503,0.011068703317284287,0.012723477873492274,-0.0004847291470081424,-0.002184594698433142,-0.002184594698433142,-0.00042680622343264766
72,03 OB-CR Glut,0.0011848948235012673,0.007872572182189846,0.007794056513540678,-0.00036695799111972406,-0.0020559738284593593,-0.0020559738284593593,-0.00024605668100724287
72,04 DG-IMN Glut,0.002511083450293573,0.010489615852551842,0.016517522005854126,0.0002881626710040492,-0.0005158818621474387,-0.0008040445331514879,-0.0002039290174024124
72,05 OB-IMN GABA,0.000269560274477045,0.0017970684965136333,0.0017731261639505156,0.00035185301905835955,0.0013064602374505292,0.0009546072183921697,2.5990724238469567e-05
72,06 CTX-CGE GABA,0.004916098292631895,0.023006483044838207,0.03233734096809719,0.0006629517514393902,0.0022425351869453988,0.0015795834355060087,0.0007843337548806487
72,07 CTX-MGE GABA,0.003988744144716585,0.02063714804753412,0.026237347539515423,0.0009729349854898312,0.0030278593454276218,0.0020549243599377906,0.0008278845876985671
72,09 CNU-LGE GABA,0.0017320613236889808,0.010104993619596152,0.01139323387527277,0.0003909226902309845,0.0021900163921773526,0.001799093701946368,0.00031474209036244313
72,11 CNU-HYa GABA,0.005235242802010557,0.02811316560565174,0.03443662462834085,0.0015948866484000019,0.00701508519928605,0.005420198550886048,0.002866089853030978
72,12 HY GABA,0.0057990825368655465,0.030382839569866107,0.03814547597183301,-0.000489166195530239,-3.6931371465418086e-05,-3.6931371465418086e-05,-2.1631792240418928e-05
72,13 CNU-HYa Glut,0.013259693014775586,0.03772323142647344,0.08722022804013958,0.00570505131903498,0.013750426216387753,0.008045374897352773,0.010775006307846354
72,14 HY Glut,0.011590180897523509,0.043332546809949066,0.0762384332564866,0.002228224098090135,0.00783116002019034,0.005602935922100204,0.006559090868266756
72,16 HY MM Glut,0.00404019680779548,0.01912494252789366,0.026575795269942738,-0.00020923049125839803,-0.00034238245054812405,-0.00034238245054812405,-0.00013971781802356285
72,19 MB Glut,0.040161139790964945,0.1457698507352331,0.26417382114477034,-0.011169776964675752,-0.03518546048123506,-0.03518546048123506,-0.14272729873005094
72,20 MB GABA,0.007862550254726703,0.03156357597965268,0.0517186503058666,0.00038415008112257614,0.0011745256227498324,0.0007903755416272563,0.0006276748164117509
72,21 MB Dopa,0.0030570343246890557,0.015495563004320654,0.0201087031674712,-0.000937309416673084,-0.003590181858061305,-0.003590181858061305,-0.001108548096411832
72,22 MB-HB Sero,0.005116010205870376,0.02673603285943245,0.03365233088838955,0.003964294045706511,0.017655576881007405,0.013691282835300893,0.0070747862302357346
72,23 P Glut,0.009310889341138306,0.03785960073035795,0.06124560279681048,-0.0011647037277331747,-0.001539566208143631,-0.001539566208143631,-0.0014478624763380671
72,24 MY Glut,0.022661854575709316,0.06363793688779187,0.1490662055074206,-0.0005103887999701261,0.0020798568525758616,0.0020798568525758616,0.004760654577370129
72,26 P GABA,0.005071188445824343,0.026926661527347556,0.033357500221644916,0.0006739806100994419,0.004163763494010111,0.003489782883910669,0.00178749952472109
72,30 Astro-Epen,0.0004414086892736489,0.0028974607162841975,0.0029035186934151178,0.00019635128280193009,0.0004604942122382506,0.00026414292943632053,1.1776538212376797e-05
72,31 OPC-Oligo,0.0006094693820365584,0.00399997179645592,0.004008996167971333,7.048660328551016e-06,0.0004542826639600716,0.00044723400363152056,2.7531158470081646e-05
72,33 Vascular,0.00025846767029523687,0.0016721695549787026,0.0017001607140552425,6.657457764579691e-05,0.000586176029272324,0.0005196014516265272,1.3564830190932234e-05
72,34 Immune,0.00014391459051914487,0.0009579033144318978,0.0009466481154123135,-0.0002202922937341258,-0.0007532326177531219,-0.0007532326177531219,-1.0948931081627905e-05
73,01 IT-ET Glut,0.00012116517570663644,0.0008040944718265927,0.002884151694351172,0.00014953853971782493,0.00092585077809798,0.0007763122383801551,3.5664066485473996e-05
73,02 NP-CT-L6b Glut,0.00019333736074587157,0.0012326842623628389,0.004602100177089478,0.0003009839241674345,0.0015286168564288185,0.001227632932261384,8.99913832778614e-05
73,03 OB-CR Glut,0.0016646882498688174,0.010796693887241986,0.039625357768227676,-0.00028564774232639424,-0.004095791641165555,-0.004095791641165555,-0.0025851597231866534
73,04 DG-IMN Glut,0.0008881021277324791,0.005632970399232433,0.021139912862902052,0.0003956208475107976,0.0018612202257875464,0.0014655993782767488,0.0004935086784149873
73,05 OB-IMN GABA,0.005990822899747359,0.035206355918813055,0.14260237659951477,-0.002033919460743034,-0.009914640743363191,-0.009914640743363191,-0.02252060611941781
73,06 CTX-CGE GABA,0.00043323189672771233,0.002811479156586685,0.010312422704849557,0.000344284762309358,0.0014418640453683045,0.0010975792830589465,0.000180290538841446
73,07 CTX-MGE GABA,0.00026216313026466444,0.001732211867886212,0.006240392356463401,0.00014028489317920403,0.000635618379925065,0.000495333486745861,4.9236357309087314e-05
73,09 CNU-LGE GABA,0.000401647642299491,0.002640765375337051,0.009560607834011354,0.00020116636763238332,0.0002039044379718385,2.738070339455167e-06,4.1697155979111755e-07
73,11 CNU-HYa GABA,0.0005028024829541537,0.0033036308453292685,0.011968444106805937,0.0002547053696079296,0.0007612173534127136,0.000506511983804784,9.656144367649336e-05
73,12 HY GABA,0.00046869349926294203,0.0031246233284196135,0.01115653191725248,0.00012658206282941116,-6.246199798925169e-05,-0.00018904406081866285,-3.359453074899539e-05
73,13 CNU-HYa Glut,0.0007776423906942134,0.00423306959104977,0.018510587762859715,-0.0008306064517888828,-0.005059075264504468,-0.005059075264504468,-0.001491652563463953
73,14 HY Glut,0.0004335604329253263,0.002890402886168842,0.01032024300656148,0.0006268204413557606,0.0014159499117265357,0.0007891294703707752,0.0001297222627323286
73,16 HY MM Glut,0.0003258684915410599,0.0021724566102737327,0.007756801048919958,9.662382035947148e-05,-6.160882266176814e-05,-0.00015823264302123962,-1.9550373740705353e-05
73,19 MB Glut,0.00041150233540139536,0.0027216580607867216,0.00979518373126408,9.702439228595579e-05,0.00023551899351463608,0.0001384946012286803,2.1608357677617203e-05
73,20 MB GABA,0.0004032750173029428,0.0026686317351879017,0.009599345007016528,0.00014279618601997467,0.0004159196160806353,0.0002731234300606606,4.176157679678491e-05
73,21 MB Dopa,0.00028023213214792514,0.0018674949304226815,0.006670497311067008,0.00010908797426595302,-0.00010482027763999689,-0.00021390825190594992,-2.2728045037383202e-05
73,22 MB-HB Sero,0.00020155508091399812,0.001343700539426654,0.004797710437284957,0.00029598091350297015,0.0004162045200782149,0.00012022360657524476,9.187558434743299e-06
73,23 P Glut,0.0005522520850737794,0.0035745411625257768,0.013145516255684919,0.0001866101642476831,-0.00016918571879019802,-0.0003557958830378811,-7.449976353981448e-05
73,24 MY Glut,0.0006181192937706298,0.0039129985345215815,0.014713384419596624,-0.00026685037848649405,-0.001410931037024319,-0.001410931037024319,-0.00033066992605661064
73,26 P GABA,0.0007663541904676126,0.00502445104603805,0.018241889420948735,0.00030735611036634736,0.0005577981421451341,0.0002504420317787867,7.277016614874524e-05
73,30 Astro-Epen,0.023838093219879907,0.09926465771521853,0.567429350465194,0.005751184440061738,0.02066367402044867,0.014912489580386932,0.13478398067092529
73,31 OPC-Oligo,0.0010566140686510631,0.006944673218845964,0.02515108188968141,0.000339661714859677,0.0013260804014027395,0.0009864186865430626,0.00039517939441679
73,33 Vascular,0.0009166183286996611,0.00608371588216061,0.021818697413465385,0.0002084624385880617,0.001321157899690306,0.0011126954611022444,0.000386706493909731
73,34 Immune,0.0005023390926352945,0.0033423068915018335,0.011957413808987367,-8.596433803353503e-05,-0.00024363641523301644,-0.00024363641523301644,-4.640403964885174e-05
74,01 IT-ET Glut,2.3512047458254562e-05,0.00015674698305503042,0.0002669054544306529,0.0010099974673211387,0.0014465801630707356,0.00043658269574959685,5.953113886547727e-07
74,02 NP-CT-L6b Glut,2.9418740722067005e-05,0.00019612493814711337,0.00033395740524690777,0.0007441629767192369,0.000983864563666361,0.0002397015869471242,4.0896129850518535e-07
74,03 OB-CR Glut,0.0007934211769196659,0.00484482112616366,0.00900680556028308,0.006755703088960754,0.006946531355684058,0.00019082826672330456,8.780792545365215e-06
74,04 DG-IMN Glut,5.8834681751963144e-05,0.0003922312116797543,0.0006678830287822289,0.001089393381930268,0.0016935867704900582,0.0006041933885597903,2.0615629491379635e-06
74,05 OB-IMN GABA,0.0018576167611277406,0.009984831988775733,0.021087404092182956,0.002606559751627394,0.008321538190537157,0.0057149784389097635,0.0006156841032163151
74,06 CTX-CGE GABA,6.416930870645992e-05,0.0004277953913763995,0.0007284409633490075,0.003931673154347042,0.0057113862818164085,0.0017797131274693663,6.6231499493686296e-06
74,07 CTX-MGE GABA,6.184771742910468e-05,0.00041231811619403124,0.0007020865858331865,0.0018795835498922565,0.002578382832471052,0.0006987992825787954,2.5064748404753314e-06
74,09 CNU-LGE GABA,2.8680021431086686e-05,0.00019120014287391117,0.0003255715677988564,0.0020492218341167288,0.002925915638213527,0.0008766938040967983,1.4581917334775003e-06
74,11 CNU-HYa GABA,6.247903428844284e-05,0.0004165268952562856,0.0007092532059895364,0.0010623892446460085,0.0007986272471001023,-0.0002637619975459062,-9.55726778141082e-07
74,12 HY GABA,7.714135033471837e-05,0.0005142756688981226,0.000875697754652741,0.0004466332875894569,-0.0003020922659613502,-0.0007487255535508072,-3.3496321437257343e-06
74,13 CNU-HYa Glut,0.00015869952762182987,0.0010579968508121992,0.0018015347073894908,0.001084591966480709,0.0009783776929894173,-0.00010621427349129177,-9.775652160921453e-07
74,14 HY Glut,0.00011263053399912556,0.000738273243486889,0.001278565974025784,0.0004067549360332437,-0.0007901436754373421,-0.0011968986114705858,-7.818091148773239e-06
74,16 HY MM Glut,1.8884983531280294e-05,0.00012589989020853531,0.00021437967579306463,0.00038244360757115685,0.0006246165421124396,0.00024217293454128276,2.6523414839757245e-07
74,19 MB Glut,3.217860898406843e-05,0.00021452405989378953,0.00036528704142368463,0.0001823322607053637,2.417559246852197e-05,-0.00015815666823684174,-2.9514946277559853e-07
74,20 MB GABA,5.23780430377553e-05,0.0003491869535850354,0.0005945881745943953,3.987853517945551e-05,-0.00016787770458641466,-0.00020775623976587016,-6.310889377344603e-07
74,21 MB Dopa,6.287314835242177e-05,0.00041915432234947847,0.0007137271333891205,0.00013745432771833122,-0.00010242738488016856,-0.0002398817125984998,-8.746807565374073e-07
74,22 MB-HB Sero,3.66194884439423e-05,0.00024412992295961536,0.0004156992801882528,-0.0006159981104800837,-0.0008263020867851096,-0.0008263020867851096,-1.754843315714858e-06
74,23 P Glut,5.181294736555318e-05,0.0003454196491036878,0.0005881732880366128,1.226694732483468e-05,-0.00015946969933408945,-0.00017173664665892413,-5.160460990122386e-07
74,24 MY Glut,3.224769180080583e-05,0.0002149846120053722,0.0003660712598388347,0.0006199613887407185,0.0008801296788409706,0.00026016829010025216,4.865642769027031e-07
74,26 P GABA,3.559010738311925e-05,0.00023726738255412837,0.00040401389122716406,0.00015581597577717581,9.853931932556269e-06,-0.00014596204384461955,-3.0127039540574546e-07
74,30 Astro-Epen,0.00025943979910032495,0.0015753883521119972,0.002945124094327175,0.0011670894982104038,0.0005810218770733837,-0.0005860676211370201,-8.818029568487754e-06
74,31 OPC-Oligo,0.00013145492734091663,0.0008763626460497699,0.001492257838513246,0.002286944725566951,0.003131024538567802,0.0008440798130008509,6.43498599989046e-06
74,33 Vascular,0.0010072064474236093,0.0065049255515940985,0.011433665869907132,-5.1106678402318766e-05,-0.0013631930532304248,-0.0013631930532304248,-7.962750069587715e-05
74,34 Immune,0.08304215916017792,0.20728057387474452,0.9426829061527968,-0.012446965704301215,-0.013647539621688796,-0.013647539621688796,-0.06572645660817485
75,01 IT-ET Glut,0.0006734464952592368,0.004408268747585985,0.002011308574803441,-0.0005075699468430404,-0.0006170432249687565,-0.0006170432249687565,-4.919692802106809e-06
75,02 NP-CT-L6b Glut,0.000757406528256937,0.004728522906547483,0.0022620627705677967,-0.00015362501222430903,0.0006543385790886032,0.0006543385790886032,5.867469902549335e-06
75,03 OB-CR Glut,0.0013072128220384077,0.008053021510583017,0.0039041087548414145,-0.0021436196773160876,-0.006645798786591403,-0.006645798786591403,-0.00010285201086968431
75,04 DG-IMN Glut,0.0008956394661328839,0.005449391982438476,0.002674907881838498,-0.0014580427805607232,-0.0026702255481102586,-0.0026702255481102586,-2.831395054145102e-05
75,05 OB-IMN GABA,0.0010155886688873682,0.006770591125915789,0.0030331469724555814,-8.454668229496773e-06,-0.0005628343734447301,-0.0005628343734447301,-6.767336304995576e-06
75,06 CTX-CGE GABA,0.0025100521146846355,0.013478035248582265,0.007496496569523833,-0.001226973160895021,-0.002612763786069152,-0.002612763786069152,-7.764297835169443e-05
75,07 CTX-MGE GABA,0.0015779616104801308,0.009150866472956033,0.004712724381537723,-0.0009235098248835391,-0.0015844602321743978,-0.0015844602321743978,-2.9600365697460193e-05
75,09 CNU-LGE GABA,0.0011728787513140156,0.007460769798179961,0.003502907961254664,-0.00010174723127959252,-0.0004699250901093195,-0.0004699250901093195,-6.525308541937672e-06
75,11 CNU-HYa GABA,0.008163284691399453,0.031905420587298,0.02438038450560662,0.0002534452984716311,-0.0006535104779252827,-0.0009069557763969139,-8.765372030295557e-05
75,12 HY GABA,0.005653722060205423,0.02813729207589241,0.01688534982258574,0.0019330056760428844,0.005841935197595383,0.0039089295215524985,0.0002616444907412792
75,13 CNU-HYa Glut,0.008022856652256211,0.0269572513792689,0.023960983526820752,0.003621888617774733,0.007861578527582836,0.0042396899098081035,0.00040270073841882904
75,14 HY Glut,0.01679239391109748,0.054758525417041445,0.050151995893699335,-0.003210067782897188,-0.0012660061791472162,-0.0012660061791472162,-0.0002516910302862067
75,16 HY MM Glut,0.0050070066205386374,0.024211849927246856,0.01495387595136324,0.0010409192611429085,0.0027182381403401804,0.001677318879197272,9.942900668904023e-05
75,19 MB Glut,0.011792492473383176,0.0503435621934664,0.03521934021037628,0.006334857722118268,0.011062124313152604,0.004727266591034336,0.000659986424306805
75,20 MB GABA,0.010297928478466565,0.04168304916436937,0.03075569031431271,0.003985579740260646,0.002628848599703225,-0.0013567311405574206,-0.00016541045810230593
75,21 MB Dopa,0.2150830261756268,0.37192906381312674,0.6423648172304861,-0.00556992845939769,-0.004267251283204373,-0.004267251283204373,-0.010866098957404079
75,22 MB-HB Sero,0.012267625540797217,0.04538593306384264,0.03663836788278945,0.0019650725373717265,0.0011592196696612002,-0.0008058528677105264,-0.0001170403378184387
75,23 P Glut,0.009799378948109108,0.04431696468270454,0.02926672726761041,0.0024561537084785796,0.00027090921364383434,-0.0021852444948347455,-0.00025352330460514885
75,24 MY Glut,0.01336010697562581,0.03536235815024359,0.039901162021822686,0.004280336810032616,0.005511253120972792,0.0012309163109401767,0.00019469632858775066
75,26 P GABA,0.0069279320166025496,0.031172631548104106,0.02069089254861169,0.0027438521835958674,0.004524036220959795,0.0017801840373639277,0.00014601175454158775
75,30 Astro-Epen,0.00047323935890582626,0.0031222428137436396,0.001413371941501267,6.411958339970447e-05,5.1597487244194916e-05,-1.2522096155509553e-05,-7.015799862965492e-08
75,31 OPC-Oligo,0.000545052023573173,0.0035705726736382126,0.0016278469283661386,0.0005624471972168441,0.001721533212949345,0.001159086015732501,7.479506128632439e-06
75,33 Vascular,0.00047645215122582167,0.0030814256340080943,0.001422967234947381,-0.00043920677525533913,-0.00030949180315133245,-0.00030949180315133245,-1.7457728829572984e-06
75,34 Immune,0.00025733791708383976,0.0016879864340421011,0.0007685628522775873,-0.00033156635611240854,-0.0014520125512107003,-0.0014520125512107003,-4.423779295999033e-06
76,01 IT-ET Glut,0.00016365501726996743,0.00109084550542296,0.0042470557224887,-0.0022407473311684078,-0.0026156945285761286,-0.0026156945285761286,-0.00033803516694486726
76,02 NP-CT-L6b Glut,0.00013296065492231492,0.000885934607113585,0.0034504980035053915,-0.002663827641308708,-0.002742832396807251,-0.002742832396807251,-0.0002879837294744653
76,03 OB-CR Glut,0.0009396806677053032,0.00550801059013206,0.024385907769062833,0.0009489912886311243,0.002918936220874554,0.0019699449322434295,0.001461772925365074
76,04 DG-IMN Glut,0.00036800680970989244,0.0022372394109938694,0.00955024449091563,0.0009600146322618992,0.0015015968902597904,0.0005415822579978912,0.0001573858990331334
76,05 OB-IMN GABA,0.002746050712491724,0.015178595354402588,0.07126350653517284,-0.003663040110280111,-0.007266303807204087,-0.007266303807204087,-0.01575678614698009
76,06 CTX-CGE GABA,0.00014274258098421143,0.0009516172065614094,0.0037043514187637015,-0.0013526972781221843,-0.0010652218574024406,-0.0010652218574024406,-0.00012007128262395578
76,07 CTX-MGE GABA,0.00015627424209710894,0.0010387792426543936,0.00405551522493963,-0.0011049483603648514,-0.001457791772050924,-0.001457791772050924,-0.00017989886840121924
76,09 CNU-LGE GABA,0.00018044133899093712,0.0012029422599395812,0.004682682108491739,-0.0002642023821002992,0.00037580983914781255,0.00037580983914781255,5.3548797535413995e-05
76,11 CNU-HYa GABA,0.0010171790182663815,0.006553523431621496,0.026397088475431946,-0.010629082428709784,-0.021704030698527724,-0.021704030698527724,-0.017433449329694817
76,12 HY GABA,0.002374273485865462,0.01371918983155543,0.06161541493264426,-0.015478563473793082,-0.02641478530269813,-0.02641478530269813,-0.049524872179081476
76,13 CNU-HYa Glut,0.001148706869998958,0.006831162274658157,0.02981040341490613,-0.016769176158654562,-0.02886404190681334,-0.02886404190681334,-0.026182547516686486
76,14 HY Glut,0.001213334681277507,0.007009790337184029,0.03148757726695919,-0.013336120138432564,-0.022808695520185343,-0.022808695520185343,-0.02185378140440893
76,16 HY MM Glut,0.0004660729719279773,0.0030785364780345904,0.012095186053836193,-0.0002492977730723922,0.0006477962074483804,0.0006477962074483804,0.000238417349222918
76,19 MB Glut,0.0006585538792255616,0.004080095133363716,0.017090310263560247,-0.003444619254448008,-0.004255347059072799,-0.004255347059072799,-0.0022129511851798926
76,20 MB GABA,0.00040115540321134635,0.0026362925917182223,0.010410492627949906,-0.002111201337372479,-0.0011375377179837973,-0.0011375377179837973,-0.0003603495527763523
76,21 MB Dopa,0.0003413255626376099,0.0022621048218075556,0.008857832214458848,-0.002442093140893625,-0.0013155401898246998,-0.0013155401898246998,-0.0003545834576776193
76,22 MB-HB Sero,0.0009610651622046613,0.005855206045184067,0.02494086258347104,-0.0008696376354456784,0.001260628145581091,0.001260628145581091,0.000956721138085112
76,23 P Glut,0.00037233582010647026,0.002471251625996148,0.0096625878133765,-0.0021307491364899707,-0.0013532984779346508,-0.0013532984779346508,-0.0003979000080150661
76,24 MY Glut,0.0004317831844757465,0.002670435156214353,0.01120532248319061,0.0006772684807408906,0.0007344541085627055,5.71856278218149e-05,1.9498363117603892e-05
76,26 P GABA,0.000596232832297573,0.003898161412772156,0.015472999878566797,-0.002152834951674274,-0.0009429201260812557,-0.0009429201260812557,-0.00044395231856493757
76,30 Astro-Epen,0.022213634520589415,0.05137346163526155,0.5764720518914073,-0.032177108164614304,-0.03103589399216539,-0.03103589399216539,-0.5444141662732128
76,31 OPC-Oligo,0.00045389052558971615,0.0029939928542806033,0.011779036086069098,-0.004218071567601057,-0.00434741128100574,-0.00434741128100574,-0.0015582150009554143
76,33 Vascular,0.0006430462740107557,0.004100303383169097,0.01668786819628778,-0.005297169530772373,-0.0063127149394569156,-0.0063127149394569156,-0.0032055602215721552
76,34 Immune,0.0004113557481355656,0.002688122769135806,0.010675204544543947,-0.005869350517329463,-0.007500342769326343,-0.007500342769326343,-0.002436375464055724
77,01 IT-ET Glut,4.5394761229898424e-05,0.0003026317415326563,0.0019039834881540635,0.0005361204805223354,0.0019181279871159213,0.0013820075065935859,3.349437887639475e-05
77,02 NP-CT-L6b Glut,4.360590049968521e-05,0.00029070600333123476,0.0018289536565026987,0.0004591876237237594,0.001634979132273492,0.0011757915085497325,2.7373565498752338e-05
77,03 OB-CR Glut,0.00024057961499299372,0.0016038640999532917,0.01009058318895682,0.0015253202016781364,0.005221520642713096,0.0036962004410349596,0.0004747556375736059
77,04 DG-IMN Glut,8.346062521960543e-05,0.000556404168130703,0.0035005724895074844,0.0012078921467261747,0.0037656673065643445,0.0025577751598381696,0.00011397242519035551
77,05 OB-IMN GABA,3.179810895309062e-05,0.00021198739302060411,0.0013337017920326201,0.0004791516953615214,0.001335966282446794,0.0008568145870852728,1.454601178961257e-05
77,06 CTX-CGE GABA,0.00010642868116160598,0.0007095245410773731,0.004463917115269397,0.0006795767456177372,0.0024080567794721257,0.0017284800338543886,9.821523005709635e-05
77,07 CTX-MGE GABA,9.663925967698014e-05,0.0006442617311798676,0.004053321346940251,0.0004798272827685108,0.0017191667757062274,0.0012393394929377166,6.394398145245804e-05
77,09 CNU-LGE GABA,0.00011118872744092139,0.000741258182939476,0.0046635667945080774,0.0003256399649173026,0.00022460464891363346,-0.00010103531600366914,-5.997769264867053e-06
77,11 CNU-HYa GABA,0.00019535615511483975,0.0013022340206507116,0.00819378455950414,6.581308260941287e-05,0.00020427930159368796,0.0001384662189842751,1.4441979460307181e-05
77,12 HY GABA,0.00022087722285114015,0.001472514819007601,0.009264209653798355,0.0002642223794091104,0.000505834323274339,0.00024161194386522857,2.8492143506616053e-05
77,13 CNU-HYa Glut,2.2031536153253657e-05,0.0001468769076883577,0.0009240643615685809,0.0004852051385341614,0.0014481793519272828,0.0009629742133931214,1.1327008533027382e-05
77,14 HY Glut,0.00017516850815559138,0.0011677900543706093,0.007347058077555454,0.0002529547644019575,0.0009498383349015909,0.0006968835704996333,6.517365054227293e-05
77,16 HY MM Glut,0.0001106041701935458,0.0007373611346236387,0.0046390488255458155,0.0002646626188992047,0.0006379346367964346,0.00037327201789722994,2.2042087742539495e-05
77,19 MB Glut,0.00014605549819560366,0.0009737033213040245,0.006125976861298875,0.00011100735891184674,0.00013829310992836947,2.7285751016522728e-05,2.127696174810732e-06
77,20 MB GABA,0.0001507109926299636,0.0009991550283256364,0.006321241343191917,0.00022643021353682853,0.0008428083411385938,0.0006163781276017653,4.959614716180239e-05
77,21 MB Dopa,8.236507298459066e-05,0.0005491004865639378,0.003454621958887564,0.0003515652506156917,0.0010936467795958054,0.0007420815289801137,3.263251151050229e-05
77,22 MB-HB Sero,7.235407540826403e-05,0.0004823605027217603,0.0030347326683867427,0.0008655887245935053,0.0019479430928817335,0.0010823543682882283,4.181077935817209e-05
77,23 P Glut,0.0001371109203520651,0.0009140728023471006,0.00575081620264143,0.0004735113366074212,0.0013184803631631837,0.0008449690265557625,6.185411908594539e-05
77,24 MY Glut,2.4016769701068552e-05,0.00016011179800712368,0.0010073306194529718,0.00017961030312720164,0.0008629637049708374,0.0006833534018436357,8.762252113711747e-06
77,26 P GABA,0.00015095306341362863,0.0010063537560908574,0.006331394470173432,0.0003320122436546862,0.0009330075308001793,0.0006009952871454931,4.843605769396458e-05
77,30 Astro-Epen,0.0002664762205030811,0.0017529039156569605,0.01117675938979056,0.000765257852223455,0.002062727120846935,0.0012974692686234801,0.00018459134346058713
77,31 OPC-Oligo,0.020894599152348765,0.08948349345174947,0.8763780379015986,-0.005161881574676147,-0.00853345287472326,-0.00853345287472326,-0.09519510756090123
77,33 Vascular,0.00022865365948614857,0.0015243577299076572,0.009590375196882665,0.0006510560916775215,0.002230952591065798,0.0015798964993882763,0.00019286906884562918
77,34 Immune,0.0002055644258208978,0.001370392918683823,0.008621948037851504,0.0005708751479368964,0.0015567083512904244,0.000985833203353528,0.00010819500002153844
78,01 IT-ET Glut,5.6133146281542854e-05,0.0003742209752102857,0.0013699234390494165,4.733409208937837e-05,0.00020204249365577564,0.00015470840156639728,1.055725397807829e-06
78,02 NP-CT-L6b Glut,4.1196787328442795e-05,0.0002746452488562853,0.001005403194250037,0.00010594442593761126,0.0006540097525669768,0.0005480653266293656,2.744816792989366e-06
78,03 OB-CR Glut,0.0007372280229965935,0.004412586032333231,0.0179919711530436,0.003747790441452186,0.019895509717629333,0.01614771927617715,0.0014472071881301012
78,04 DG-IMN Glut,0.00016401204973832227,0.0010928036944289029,0.004002696554654817,0.000349193010296311,0.002134218783668506,0.0017850257733721953,3.5590814962442585e-05
78,05 OB-IMN GABA,0.00032993558896681234,0.0021966041303890754,0.008052042806138377,-0.0026524317911640126,-0.015629464989686995,-0.015629464989686995,-0.0006268894500428743
78,06 CTX-CGE GABA,0.000127594785366816,0.0008503886808103822,0.0031139371076364403,0.001094459838666945,0.005485908431582194,0.004391448592915249,6.811745510334975e-05
78,07 CTX-MGE GABA,0.00017423751502219584,0.0011612043456483278,0.004252247942658351,0.000730931980733106,0.003951021212520463,0.003220089231787357,6.820673495266562e-05
78,09 CNU-LGE GABA,0.00010475197765203035,0.0006983465176802025,0.002556460825348071,0.0008853656727630831,0.0051930463263995825,0.0043076806536364995,5.485590899419384e-05
78,11 CNU-HYa GABA,0.00016448313548529837,0.0010965542365686562,0.004014193351989992,0.0003281916431319113,0.0016021818502038535,0.0012739902070719423,2.547446964464399e-05
78,12 HY GABA,0.0003228003863011971,0.00215110561074297,0.007877908947242102,-0.0002700165502632389,-0.0016524524856067074,-0.0016524524856067074,-6.484562967302545e-05
78,13 CNU-HYa Glut,7.665230573859558e-05,0.0005110153715906374,0.0018706913338120122,0.00020031884811303233,0.0011694073915724866,0.0009690885434594542,9.030387110359032e-06
78,14 HY Glut,0.00016004711340325523,0.0010669807560217018,0.0039059327069185103,-0.0004849159586033665,-0.003110941718639108,-0.003110941718639108,-6.052815079422135e-05
78,16 HY MM Glut,0.00016464926855141432,0.0010976617903427621,0.004018247811722784,0.00045996263371621504,0.002333805160064427,0.0018738425263482119,3.750684916330774e-05
78,19 MB Glut,0.00015115628983291003,0.0010073272729685821,0.0036889531073717495,-0.00016889803891403528,-0.0008633108044281409,-0.0008633108044281409,-1.5863940962836404e-05
78,20 MB GABA,0.00015869425578245337,0.0010579617052163559,0.0038729163611904874,-0.00038469317317753196,-0.0022539529835739047,-0.0022539529835739047,-4.3483425064716e-05
78,21 MB Dopa,0.0001971701193723149,0.0012822777962953464,0.0048119157022402615,-0.0005780100193238138,-0.0031833360740103098,-0.0031833360740103098,-7.630294061675568e-05
78,22 MB-HB Sero,0.0001496825777758112,0.0009978838518387417,0.003652987322035159,0.0005683678156294168,0.003461137257320204,0.002892769441690787,5.263840972028299e-05
78,23 P Glut,0.00018338476761883178,0.0012225651174588782,0.004475485665200863,0.0001347387433893774,0.0009254678708912667,0.0007907291275018893,1.7628228912977815e-05
78,24 MY Glut,3.569765572675252e-05,0.00023798437151168348,0.0008711974749093074,0.00020072185343686678,0.001466875207054715,0.0012661533536178482,5.494696280001412e-06
78,26 P GABA,0.00022065691402399428,0.0014706281892284906,0.0053851084169350295,8.8753595890377e-05,0.0006538697715242227,0.0005651161756338457,1.5159084154384822e-05
78,30 Astro-Epen,0.00044223174017701036,0.002786305670384964,0.010792618381330587,-0.000864568130791291,-0.005112139354348792,-0.005112139354348792,-0.000274833886326441
78,31 OPC-Oligo,0.00019495548039664574,0.0012997032026443051,0.004757867674599254,-0.0002867936929078175,-0.0018478752231489415,-0.0018478752231489415,-4.379512555994553e-05
78,33 Vascular,0.03621655676495281,0.2268631373095512,0.8838611993193427,0.0010982467834084917,-0.0035468803075052197,-0.004645127090913711,-0.02045137180000571
78,34 Immune,0.00040148069187384404,0.0026735439726539288,0.009798093400380096,-0.0014540517014666689,-0.00841801067853725,-0.00841801067853725,-0.00041085806979937304
79,01 IT-ET Glut,0.028042708927362076,0.09789136649063716,0.3044352603562031,0.0049884861267895965,0.009492396550118925,0.004503910423329328,0.03158380984009291
79,02 NP-CT-L6b Glut,0.0064058356795829,0.025837547125063556,0.06954257728682003,0.0021451525413046352,0.006654773047837815,0.004509620506533181,0.0072238812527884964
79,03 OB-CR Glut,0.0009470777795523725,0.006042824746793959,0.01028159836991623,0.0017481536048332275,0.00439198088407944,0.0026438272792462126,0.0006261430064885913
79,04 DG-IMN Glut,0.007013966713381521,0.022915391659097253,0.07614452612438498,0.0032154438399922235,0.006824915591010361,0.003609471751018138,0.006330851918799891
79,05 OB-IMN GABA,0.00020962505177578517,0.0013975003451719013,0.002275716564325046,-0.0010074632512651976,-0.003592302655338333,-0.003592302655338333,-0.00018830892746058678
79,06 CTX-CGE GABA,0.0017669772725111598,0.010435364984316681,0.019182532878467908,0.0009655681282265774,0.004838594836593492,0.003873026708366915,0.0017113398484202046
79,07 CTX-MGE GABA,0.0038034282379403846,0.019365236644753456,0.04129050687873174,0.0014429335881068037,0.004549300766506761,0.003106367178399957,0.0029544920313137506
79,09 CNU-LGE GABA,0.0018641572242279808,0.010890242348443345,0.020237530952261225,0.0005254957564867131,0.002341575322240548,0.0018160795657538348,0.0008465882132987153
79,11 CNU-HYa GABA,0.007347685386557893,0.03075711237202167,0.07976741902739713,0.0021098539353484594,0.003626215812680055,0.0015163618773315958,0.0027861738857004035
79,12 HY GABA,0.002940563012519848,0.016245396363916597,0.03192313084406827,-0.0011313496404344997,-0.003996382234222633,-0.003996382234222633,-0.0029386801367672286
79,13 CNU-HYa Glut,0.0013065545545274731,0.008308272398582131,0.01418412454401105,0.00040009067723600753,0.003330257650595785,0.0029301669733597774,0.0009573587804638051
79,14 HY Glut,0.0025337463032099167,0.014362921861087063,0.02750667624487727,0.001414722479110941,0.006141961472108573,0.004727238992997632,0.0029951977095888115
79,16 HY MM Glut,0.0027673782864115347,0.014373074349275027,0.030043015149144862,0.0008176310873048813,0.002550469893816791,0.0017328388065119098,0.0011991720621673404
79,19 MB Glut,0.005365813975575772,0.023852203470228234,0.058251967700719116,0.0012460833743198852,0.0020889530198825936,0.0008428696455627083,0.001130969345421506
79,20 MB GABA,0.0025071017918572025,0.013815429283764662,0.027217419997496235,0.0006590574360990285,0.0022079693652044064,0.0015489119291053777,0.0009710766231609455
79,21 MB Dopa,0.0023060203624885077,0.013035555763132315,0.02503445409854467,-0.00040219353954158954,-0.0011382821468933573,-0.0011382821468933573,-0.000656398938073396
79,22 MB-HB Sero,0.004329971513162235,0.0205296153974646,0.04700672849969519,0.0004263081148365319,-1.5812602806403288e-05,-0.0004421207176429352,-0.0004787190533368747
79,23 P Glut,0.0024494999187460757,0.013770438808179053,0.026592086643182508,0.0011743434944677452,0.004718330919945136,0.0035439874254773913,0.0021708229748282778
79,24 MY Glut,0.002545867958724005,0.015048716681990976,0.027638270498554343,0.0003973857356081086,0.0029412786839828607,0.002543892948374752,0.0016195319281893696
79,26 P GABA,0.004312481776761954,0.02122087819761939,0.046816857668443734,0.0009206250719787503,0.003236558133390655,0.0023159330614119047,0.002497514872489505
79,30 Astro-Epen,0.00029623005020395566,0.0019618417551964117,0.003215911583034631,-2.0671659345161554e-05,-0.0003657600840132389,-0.0003657600840132389,-2.7094443056662283e-05
79,31 OPC-Oligo,0.0005180368081698545,0.0033013758608841912,0.005623874318910939,0.00011756489408379353,0.0009391896626362135,0.0008216247685524199,0.00010643609914738261
79,33 Vascular,0.00031447885234502337,0.0020275608075095795,0.003414022929744936,1.644609266967818e-06,-0.00031009042592363036,-0.00031173503519059815,-2.451499832420483e-05
79,34 Immune,0.00021865905260951354,0.0013937936605921354,0.002373790841064792,3.579810889293588e-06,-0.00037195888814827886,-0.0003755386990375724,-2.0534161203288514e-05
80,01 IT-ET Glut,0.018320947029550495,0.07088492900065795,0.130085916138329,-0.005779569576708093,-3.1417378472850296e-05,-3.1417378472850296e-05,-0.00011854569863281665
80,02 NP-CT-L6b Glut,0.013121432088800128,0.043287724304412356,0.09316731889270202,-0.007638095051794551,-0.010732826977977469,-0.010732826977977469,-0.029004361062680242
80,03 OB-CR Glut,0.002252616039995544,0.012674577754243717,0.015994458190292837,-0.0010342128641941022,-0.005603023427454145,-0.005603023427454145,-0.002599426536334591
80,04 DG-IMN Glut,0.008234581774383607,0.02991192284507329,0.05846876323635986,-0.0007510228337043782,-0.0033039245542369404,-0.0033039245542369404,-0.005603244917000564
80,05 OB-IMN GABA,0.002458451321754785,0.015006673393738658,0.017455969495251775,-0.0016363296983688425,-0.010230256503087176,-0.010230256503087176,-0.005179836767138144
80,06 CTX-CGE GABA,0.005501391029769291,0.023854050040849048,0.0390620359847349,-0.0017172629260625602,-0.003805993406934693,-0.003805993406934693,-0.004312295211465024
80,07 CTX-MGE GABA,0.004699117461733058,0.021155356441920996,0.03336557870426647,-0.0023176902179935788,-0.006382440818992162,-0.006382440818992162,-0.006176906608502673
80,09 CNU-LGE GABA,0.009365928438882551,0.038553026219370526,0.06650176868547822,-0.0009182224203989947,-0.0009378564008724468,-0.0009378564008724468,-0.0018090689495886768
80,11 CNU-HYa GABA,0.007297821979266362,0.03157625548860453,0.0518174009485464,-0.005861164834826097,-0.015920169127137708,-0.015920169127137708,-0.023928136627031027
80,12 HY GABA,0.008523472235566123,0.034770267827315626,0.06051999892007954,-0.008071437754143028,-0.022248493013898713,-0.022248493013898713,-0.03905575952667091
80,13 CNU-HYa Glut,0.00311006789457704,0.013465919790801018,0.022082702966495317,-0.004316508518799543,-0.013506710055564766,-0.013506710055564766,-0.008651419770546512
80,14 HY Glut,0.008941319299893452,0.034283638972344356,0.0634868771104405,-0.006948622394990478,-0.013783479995668028,-0.013783479995668028,-0.025382150911274392
80,16 HY MM Glut,0.005695737213903032,0.022533682313297013,0.04044197018629383,-0.006301622470693109,-0.01508016651198874,-0.01508016651198874,-0.017689844625529968
80,19 MB Glut,0.006663728826010293,0.030558289489731293,0.04731509063536706,-0.0030062685856158643,-0.008704034717147216,-0.008704034717147216,-0.011945542223453724
80,20 MB GABA,0.004170276706618261,0.019956394168702037,0.029610601736676716,-0.0011431583167142267,-0.0030465662917929306,-0.0030465662917929306,-0.0026166367848151025
80,21 MB Dopa,0.008063812299114181,0.030086511953761996,0.05725623292321316,-0.002353511218959878,-0.004951575238898545,-0.004951575238898545,-0.008223405958027228
80,22 MB-HB Sero,0.004834945124666277,0.022106173874682163,0.03433000843276776,-0.0002756144931863167,0.0012289205144533659,0.0012289205144533659,0.001223723445608894
80,23 P Glut,0.006019935882496554,0.025859414573883698,0.042743908003525184,-0.0022702150610539474,-0.00576309292110143,-0.00576309292110143,-0.007145217038923456
80,24 MY Glut,0.005242349878587609,0.02619494708070591,0.03722274211992298,-0.0006294004096407813,-0.0008123030214332709,-0.0008123030214332709,-0.0008770250719294855
80,26 P GABA,0.005672321985642798,0.02470859129080263,0.0402757128735628,-0.0010397137637660205,-0.003054372020043861,-0.003054372020043861,-0.003568212789567213
80,30 Astro-Epen,0.0005946498536706449,0.0038148018731529536,0.004222247401921944,0.00022619057993222797,0.00044166412730853885,0.00021547354737631088,2.6389017156885495e-05
80,31 OPC-Oligo,0.0010417775117035084,0.006398630554749522,0.007397029302233874,0.0003644240808885663,0.0019043016650541393,0.001539877584165573,0.0003303916880905303
80,33 Vascular,0.0005862433243436493,0.0036737631280398253,0.004162557743560829,0.0005764021034899172,0.0017283899845010025,0.0011519878810110854,0.00013908931178031452
80,34 Immune,0.0004243581377883361,0.002741258939068096,0.0030131093679771075,0.0003646850531972492,0.0010607883965226262,0.000696103343325377,6.083789684046922e-05
81,01 IT-ET Glut,0.0004807008909511926,0.003201255357348438,0.006997174192749129,-0.0009465730022207359,-0.0015688111241444697,-0.0015688111241444697,-9.527371686229997e-05
81,02 NP-CT-L6b Glut,0.0004424506973299315,0.0029475947944986973,0.006440397051885622,-0.0017788163917482314,-0.002475301845393641,-0.002475301845393641,-0.00013836319143319383
81,03 OB-CR Glut,0.00125990767099184,0.008138972506234136,0.018339457252235184,-0.006531878063599961,-0.01106911497568117,-0.01106911497568117,-0.001761891416860376
81,04 DG-IMN Glut,0.0006039239356172363,0.0039031443994334393,0.008790832420390646,-0.0011328005902149292,-0.0013171404491516834,-0.0013171404491516834,-0.00010049439751000036
81,05 OB-IMN GABA,0.004211460326710585,0.02520326803887276,0.06130282274604345,-0.0008365619108004282,-0.012869551753177612,-0.012869551753177612,-0.006847367792459049
81,06 CTX-CGE GABA,0.0006422570567967459,0.004231228185980587,0.009348816670667445,-0.0019209567917467436,-0.0021243426199175006,-0.0021243426199175006,-0.00017236971686952844
81,07 CTX-MGE GABA,0.0006250048790491476,0.004151996277645159,0.009097690668663689,-0.0011987926931715045,-0.0008293362804412366,-0.0008293362804412366,-6.548496405228102e-05
81,09 CNU-LGE GABA,0.000545019335855967,0.0036157172553245086,0.00793340578973017,-0.0013513512448329126,-0.0072014984261292115,-0.0072014984261292115,-0.0004958636826773773
81,11 CNU-HYa GABA,0.0006175195860531793,0.004110619061208516,0.00898873331085036,0.00011998164670699079,-0.0023228229393945227,-0.0024428045861015135,-0.00019057546348879835
81,12 HY GABA,0.0017294604192073981,0.010459101744903998,0.02517435694515447,-0.0006676875694976738,-0.005129917838732627,-0.005129917838732627,-0.0011208527399039444
81,13 CNU-HYa Glut,0.0009390290504055909,0.005447985697044015,0.013668686622856405,-0.001011365587561292,-0.0050188386451642504,-0.0050188386451642504,-0.0005954013056916411
81,14 HY Glut,0.0012428282177588859,0.008144701009017277,0.018090845461332498,0.0007948102334151263,0.0002885609303287217,-0.0005062493030864046,-7.948827360276314e-05
81,16 HY MM Glut,0.00097716650021744,0.006045509968271292,0.014223822643246745,-0.0003246594168378392,-0.003705328466877738,-0.003705328466877738,-0.0004574280621296756
81,19 MB Glut,0.0012991451100202007,0.00815844087579679,0.018910604926239992,-7.338789569443241e-05,-0.0031904888305254718,-0.0031904888305254718,-0.0005236515733416273
81,20 MB GABA,0.0008808418709847607,0.005578807765998013,0.012821702900012348,0.0002648701728549005,-0.0022818355041378303,-0.0025467056769927308,-0.00028340285978005415
81,21 MB Dopa,0.0006852517588718676,0.004482376897012224,0.009974655784861064,-3.490713868969147e-05,-0.002966478675876487,-0.002966478675876487,-0.00025681412756388595
81,22 MB-HB Sero,0.0014278772368371362,0.008708427454513567,0.02078445440831351,-0.0006582755682680284,-0.003562857889978197,-0.003562857889978197,-0.0006427127146474267
81,23 P Glut,0.0015627495373480087,0.008987847167979795,0.022747681434134026,-0.00038622453111774474,-0.004469946260254368,-0.004469946260254368,-0.0008825091198505353
81,24 MY Glut,0.000327117083395884,0.0021807805559725603,0.004761578888310079,-0.0006369003385839056,-0.0005168384723980646,-0.0005168384723980646,-2.1359229430319693e-05
81,26 P GABA,0.0011934950612562227,0.007419419268253078,0.017372742591075206,0.00021580559522066175,-0.002666868344233887,-0.0028826739394545485,-0.0004346539886604396
81,30 Astro-Epen,0.0006766378299623014,0.004473735018225961,0.009849269786626431,-0.0023098286885243975,-0.005034000212421872,-0.005034000212421872,-0.0004303254442053445
81,31 OPC-Oligo,0.04596689358113986,0.16722097262013957,0.669102902743433,0.02610266383531983,0.05506842736493078,0.028965763529610954,0.16821226450874227
81,33 Vascular,0.00021251467471021065,0.0014150265606123825,0.003093404288309803,0.0007283217044162394,0.003577905345584498,0.0028495836411682584,7.650641550231931e-05
81,34 Immune,0.00015003653134760135,0.001000236777003975,0.00218396047287881,-0.000326500760015026,0.0006120219870137004,0.0006120219870137004,1.1600896736572536e-05
82,01 IT-ET Glut,0.002972969475483234,0.015011548411440754,0.03688274268814904,-0.001380468543878399,-0.002745645847607283,-0.002745645847607283,-0.000909251260724267
82,02 NP-CT-L6b Glut,0.04618797601902595,0.18609266408192815,0.573009325808579,-0.004248910806765149,0.009118097293312994,0.009118097293312994,0.04691180000492528
82,03 OB-CR Glut,0.0016738035741417196,0.00990322612342837,0.02076525408170858,-0.0012614022148602938,-0.005776062137939835,-0.005776062137939835,-0.0010769245838243963
82,04 DG-IMN Glut,0.0011309602662934112,0.006412957341444689,0.014030724780798594,-0.0005107483711738653,-0.0008857284024318784,-0.0008857284024318784,-0.00011158269900437333
82,05 OB-IMN GABA,0.00026515407210699776,0.001767693814046652,0.0032895088546604444,-0.0017685987846192766,-0.0028375553047622856,-0.0028375553047622856,-8.380917769027181e-05
82,06 CTX-CGE GABA,0.001872556187241189,0.010986917789322726,0.023230984573729,-0.0007644786272421617,-0.00243958223415403,-0.00243958223415403,-0.0005088611128700001
82,07 CTX-MGE GABA,0.0013205888406294583,0.007675065554691104,0.016383262192041316,-0.0018794402412950872,-0.00635454401934036,-0.00635454401934036,-0.0009347618061524815
82,09 CNU-LGE GABA,0.000996116279824609,0.006391720871266478,0.012357846503040733,-0.0003943207460771033,-0.0014113793771815453,-0.0014113793771815453,-0.00015660396326270637
82,11 CNU-HYa GABA,0.0035024982727850317,0.01735635940979633,0.04345209179782085,0.0001297956262545065,-0.0010415128435555146,-0.001171308469810021,-0.00045698101402678545
82,12 HY GABA,0.0024024657242725607,0.01413454427362273,0.02980505715116354,0.0005950080469106704,0.0020384154272872243,0.0014434073803765539,0.0003862736340636356
82,13 CNU-HYa Glut,0.0018525071791845758,0.010457179005188784,0.022982256017515187,0.0008541567573932423,0.004197886332902592,0.00334372957550935,0.000689985540740071
82,14 HY Glut,0.0022049451970541922,0.012797462885943332,0.02735461195113723,0.0005876674915875346,0.0020041792372402297,0.001416511745652695,0.00034791000912990516
82,16 HY MM Glut,0.0012899102293466066,0.00815303812409297,0.016002662480101373,-0.001007260741911265,-0.004661680068147654,-0.004661680068147654,-0.0006698088706890266
82,19 MB Glut,0.002092278799535622,0.011645056024590497,0.02595686946385431,0.0005557513781427575,0.0016635512442907513,0.0011077998661479938,0.00025818428617601226
82,20 MB GABA,0.0016779421482603985,0.009780761932800024,0.02081659734828896,0.00020632699262889862,0.0013172830356877633,0.0011109560430588648,0.00020764563324871508
82,21 MB Dopa,0.0018873749705909367,0.011078940458178902,0.02341482681555065,0.00020461694814734112,0.0010132521329890463,0.0008086351848417051,0.00017000424625633146
82,22 MB-HB Sero,0.0008874668387362677,0.005421354259130067,0.011009938489884578,-0.0002555818303036931,-0.0008552496977259196,-0.0008552496977259196,-8.45461833229896e-05
82,23 P Glut,0.0020552418517424363,0.011285592871667187,0.02549738805085109,0.0003276146337163695,0.0012143778758835486,0.0008867632421671792,0.00020301099564653724
82,24 MY Glut,0.0008594027547303477,0.005599466245832475,0.010661774676665237,-6.76287036475796e-05,0.0007119616362916053,0.0007119616362916053,6.815571488572074e-05
82,26 P GABA,0.002071882412735508,0.012163144693653975,0.025703831317206573,0.00037673088279065,0.0015899186644524226,0.0012131877816617725,0.0002799897128706105
82,30 Astro-Epen,0.00035810136997680206,0.002354482334849475,0.004442615638689405,0.0001720374312100614,0.0001834300088538931,1.1392577643831682e-05,4.544403891954803e-07
82,31 OPC-Oligo,0.000526442600365183,0.0034237882324106078,0.006531061663925457,0.0005431490046905533,0.002082615506494113,0.0015394665018035598,9.02755644277726e-05
82,33 Vascular,0.0003316736672521731,0.00219875596292056,0.004114752817537179,-0.0002950244814791499,-0.0006475301974058052,-0.0006475301974058052,-2.3923238099110985e-05
82,34 Immune,0.00018571736488472122,0.001234023330835556,0.0023040148371018445,-0.0001762625377484807,-0.000523553743551791,-0.000523553743551791,-1.083085460100496e-05
83,01 IT-ET Glut,7.768307654537248e-05,0.0005178871769691499,0.001273050687026275,0.0004925001374691245,0.0024854586448617264,0.001992958507392602,2.2553206431785984e-05
83,02 NP-CT-L6b Glut,6.961195625053749e-05,0.0004640797083369166,0.0011407832010647723,0.0008916726176900571,0.0043886642216441705,0.0034969916039541134,3.5461903963133336e-05
83,03 OB-CR Glut,0.002305847637836767,0.011062340484814965,0.037787650155841734,0.0012465283662319976,0.004109868299121868,0.0028633399328898703,0.0009618052393662954
83,04 DG-IMN Glut,0.00014995628670906583,0.000999708578060439,0.0024574458467461046,0.0002977895419311932,0.0015590259266159377,0.0012612363846847446,2.7551470910061035e-05
83,05 OB-IMN GABA,0.04208659289773814,0.14874313982779483,0.6897044811525594,-0.0020366653409638587,-0.03537208025636839,-0.03537208025636839,-0.21686426363888545
83,06 CTX-CGE GABA,0.00024710878318841723,0.0016472922711042116,0.004049556482543569,-0.00025553261333241263,-0.0008436546441764664,-0.0008436546441764664,-3.0369420497724575e-05
83,07 CTX-MGE GABA,0.00016257727903036892,0.0010838485268691261,0.002664275489187002,2.3836463680065125e-05,0.0001369518442929197,0.00011311538061285459,2.6789532387712613e-06
83,09 CNU-LGE GABA,0.0001593709289338527,0.001062003253697572,0.0026117306316100412,-0.0011551021136890897,-0.005726032449189729,-0.005726032449189729,-0.0001329372008716386
83,11 CNU-HYa GABA,0.0004893453987416719,0.003262242163144443,0.008019269109371303,-0.0001638740254129706,0.00031524699526652006,0.00031524699526652006,2.247243257437387e-05
83,12 HY GABA,0.0004914316421578996,0.0032762109477193317,0.008053457940870291,-0.00020958209398244966,0.0011683046993603147,0.0011683046993603147,8.363785014141772e-05
83,13 CNU-HYa Glut,0.00010230581778949346,0.0006820387852632897,0.0016765619671052778,-0.00023537196855984808,0.0013814820123387245,0.0013814820123387245,2.0588712395664703e-05
83,14 HY Glut,0.0003392965318388921,0.0022494836237657036,0.005560306081735179,-0.0005384776795903314,-0.0009810712969813165,-0.0009810712969813165,-4.849127590641502e-05
83,16 HY MM Glut,0.00019175556582680896,0.0012783704388453932,0.0031424419020576622,0.0002770874046993974,0.0013794760332655732,0.0011023886285661758,3.079401552263406e-05
83,19 MB Glut,0.00017544413454326016,0.0011696275636217347,0.0028751342756691105,-0.00022004587821722337,-0.0007217429450289152,-0.0007217429450289152,-1.8446119677100142e-05
83,20 MB GABA,0.0001832316031670464,0.0012215440211136427,0.0030027533495083944,-2.8782974462467773e-05,0.0001571924523248059,0.0001571924523248059,4.195808823603882e-06
83,21 MB Dopa,0.0002245014172084173,0.0014966761147227822,0.003679072664541284,-4.075320516501719e-05,0.00013366814075999134,0.00013366814075999134,4.371501335508539e-06
83,22 MB-HB Sero,0.00010705241363955702,0.0007136827575970469,0.0017543479840433447,-0.00010450162682507518,-0.00017539443538880806,-0.00017539443538880806,-2.7352428745779975e-06
83,23 P Glut,0.00030932291207923007,0.0020610644574511686,0.0050691059526386546,-5.6606413133590475e-05,1.121723522227641e-05,1.121723522227641e-05,5.054538842345796e-07
83,24 MY Glut,0.00019858016691221315,0.0013238677794147546,0.0032542817452618587,0.0002518180759164088,0.0017801284622429249,0.001528310386326516,4.421107318188494e-05
83,26 P GABA,0.0004201781555798575,0.0028011877038657163,0.006885773754363938,-3.9532186786677515e-05,0.00012311109222684372,0.00012311109222684372,7.535538201556394e-06
83,30 Astro-Epen,0.010947674087218612,0.05162530213201866,0.17940772479490083,-0.004184658659473965,-0.01675180189502055,-0.01675180189502055,-0.026715727779774323
83,31 OPC-Oligo,0.0005617504528238222,0.003712356853267815,0.009205824894010176,-0.00011771699921000194,0.0004788393289117372,0.0004788393289117372,3.918473064676876e-05
83,33 Vascular,0.0006151498772467308,0.004066558043367437,0.010080921208053378,0.0004583070623709619,0.0032045731722725648,0.002746266109901603,0.0002460974878058579
83,34 Immune,0.0004054278052465276,0.002653228589077517,0.0066440487292903465,8.888396148944805e-05,0.0014092112412701085,0.0013203272797806605,7.79791950881453e-05
84,01 IT-ET Glut,6.456806438930682e-05,0.00043045376259537885,0.0030595236838260207,9.418022522244887e-05,0.0004992658309006878,0.0004050856056782389,2.9116095981425787e-05
84,02 NP-CT-L6b Glut,5.233189273058091e-05,0.0003488792848705394,0.00247971914200933,-5.461479727588656e-05,3.366012999813262e-05,3.366012999813262e-05,1.9608789986511587e-06
84,03 OB-CR Glut,0.0001138277929695749,0.0007588519531304993,0.00539366994754972,-6.644721749917478e-05,-0.0006325817549669661,-0.0006325817549669661,-8.015553936408663e-05
84,04 DG-IMN Glut,0.0001423108979887444,0.0009487393199249627,0.006743326859511991,9.410307053927256e-05,-0.00021582651358070413,-0.0003099295841199767,-4.909867320533441e-05
84,05 OB-IMN GABA,0.0017891247881840133,0.010710229355223602,0.08477673466816414,-3.165721341033965e-05,0.0007856216832093855,0.0007856216832093855,0.0015646696482291447
84,06 CTX-CGE GABA,9.866944101180444e-05,0.0006577962734120296,0.004675399433152051,0.0001506018789670212,0.0005889093047422623,0.0004383074257752411,4.8142657520230355e-05
84,07 CTX-MGE GABA,8.546685845166648e-05,0.0005697790563444432,0.004049802020368215,0.00010828635057280967,0.0003977114691297319,0.0002894251185569222,2.7536105967019558e-05
84,09 CNU-LGE GABA,5.5644367551878e-05,0.00037096245034585335,0.002636679014721795,8.02183466539032e-05,0.00021603211892449694,0.00013581377227059376,8.41266482891017e-06
84,11 CNU-HYa GABA,7.189955023268754e-05,0.0004793303348845835,0.0034069222745629815,0.0004504967257166771,0.0018200274357860128,0.0013695307100693357,0.00010961412278007902
84,12 HY GABA,0.0002184340034748647,0.0014562266898324313,0.010350380072644123,0.0004622865612049067,0.001955914945958662,0.0014936283847537554,0.00036318789713947605
84,13 CNU-HYa Glut,3.6442074420428046e-05,0.00024294716280285367,0.0017267884802121293,0.0006142761911540855,0.002147649793192705,0.0015333736020386192,6.220418964721562e-05
84,14 HY Glut,0.00011832205283915709,0.0007888136855943807,0.005606628081610384,0.0004274031620875202,0.0015238633137110503,0.0010964601516235302,0.0001444199241201002
84,16 HY MM Glut,4.946181010014675e-05,0.0003297454006676451,0.0023437217899839337,8.50367089644985e-05,0.0006446869240739762,0.0005596502151094777,3.081450846341849e-05
84,19 MB Glut,7.98300880022133e-05,0.000532200586681422,0.003782706624935411,3.933542782913316e-05,1.0452138212283145e-05,-2.8883289616850014e-05,-2.566739693153705e-06
84,20 MB GABA,8.214364560220309e-05,0.0005476243040146876,0.003892333331853339,6.458129140503501e-07,-4.205148427051063e-05,-4.269729718456098e-05,-3.904297667632723e-06
84,21 MB Dopa,7.567467824130827e-05,0.000504497854942055,0.0035858047245960183,-9.797015133027294e-05,-0.00040705470570512065,-0.00040705470570512065,-3.429035067656383e-05
84,22 MB-HB Sero,6.47945406639193e-05,0.00043196360442612867,0.003070255142675767,-0.00012288875508520915,-0.0004284116662443017,-0.0004284116662443017,-3.0900696460578376e-05
84,23 P Glut,8.101066307316942e-05,0.0005400710871544628,0.003838647552145907,-8.592952680394191e-05,-0.000219521044881279,-0.000219521044881279,-1.9796431515299494e-05
84,24 MY Glut,0.00010323628672611805,0.0006882419115074539,0.004891797009190211,1.9318471924912206e-06,-0.0008045277240178374,-0.0008064595712103286,-9.267946955315681e-05
84,26 P GABA,7.115714169351003e-05,0.00047438094462340017,0.0033717436374120675,-7.060660111656198e-05,-0.00022538393243895684,-0.00022538393243895684,-1.7852950894496604e-05
84,30 Astro-Epen,0.015126420947748825,0.057115286548803906,0.7167574803252735,0.0013171774358795337,0.005114204867009855,0.0037970274311303212,0.06393644434162433
84,31 OPC-Oligo,0.0009256321604566126,0.006002675677545184,0.043860591829930455,0.00025137158021132334,0.0014011093962271602,0.001149737816015837,0.0011846929804709258
84,33 Vascular,0.0007034406896824184,0.00467956461880253,0.033332166150650426,-4.849508443787922e-06,1.7345049552109463e-05,1.7345049552109463e-05,1.3582246078060087e-05
84,34 Immune,0.0008941152195249345,0.005800098432926814,0.04236717820302011,7.912107581873622e-06,-3.2940520033776003e-05,-4.0852627615649624e-05,-4.0661373681548936e-05
85,01 IT-ET Glut,3.053931131028836e-05,0.00020359540873525578,0.0003305444463804467,0.000841369065933156,-0.00029064106320863305,-0.001132010129141789,-1.5256929415656041e-06
85,02 NP-CT-L6b Glut,4.396524067405625e-05,0.0002931016044937083,0.0004758609646083667,0.0008402523852872885,-0.00030770612576894966,-0.0011479585110562383,-2.227374442981675e-06
85,03 OB-CR Glut,0.0005257381023230036,0.00292648203800304,0.00569036440304138,-0.010748316817721053,-0.024360234719695707,-0.024360234719695707,-0.0005652082687985463
85,04 DG-IMN Glut,5.6240245236087544e-05,0.00037493496824058363,0.0006087203649415754,0.0015493754144748882,0.0009660199972863964,-0.0005833554171884918,-1.4478981925961328e-06
85,05 OB-IMN GABA,0.00021753204946519763,0.0014502136631013175,0.0023544738822009396,-0.0002806383258937531,-0.0025088906831194756,-0.0025088906831194756,-2.408588316234158e-05
85,06 CTX-CGE GABA,8.819473489454394e-05,0.0005879648992969594,0.0009545820966030171,-0.004032922910407141,-0.00978539979183698,-0.00978539979183698,-3.8087179966712536e-05
85,07 CTX-MGE GABA,4.553877826234445e-05,0.00030359185508229634,0.0004928922625867309,-0.0012710216046216238,-0.0039471400993436,-0.0039471400993436,-7.932708604551702e-06
85,09 CNU-LGE GABA,6.598409992514197e-05,0.0004398939995009465,0.0007141836814217992,-0.003787342788757881,-0.007539112262910414,-0.007539112262910414,-2.1954173513876383e-05
85,11 CNU-HYa GABA,9.958194921592053e-05,0.0006638796614394701,0.001077832435008876,-0.0011827776968471408,-0.0026669646551870365,-0.0026669646551870365,-1.1720751763792637e-05
85,12 HY GABA,0.00012956575938164315,0.0008637717292109544,0.0014023643745443395,-0.0010908875769589552,-0.002568681221758618,-0.002568681221758618,-1.4687843641961627e-05
85,13 CNU-HYa Glut,0.00019214802313674328,0.0012809868209116221,0.0020797280359572184,-0.001676935204463047,-0.003270202074751186,-0.003270202074751186,-2.7731163760098936e-05
85,14 HY Glut,0.00011342004749704283,0.0007561336499802856,0.0012276100933462735,-3.251437770902149e-05,-0.001246972045823374,-0.001246972045823374,-6.241717772571383e-06
85,16 HY MM Glut,5.1417943363065926e-05,0.00034278628908710623,0.0005565258315841607,0.0005702639832268327,0.0006759703234169988,0.00010570634019016608,2.398685574610223e-07
85,19 MB Glut,8.690007379298519e-05,0.000579333825286568,0.00094056923846365,-1.0037856645016449e-05,-0.0006991472484878207,-0.0006991472484878207,-2.681306018967617e-06
85,20 MB GABA,5.214155782377451e-05,0.0003476103854918301,0.0005643579250743378,0.0007764334080918876,0.0009966594482184417,0.0002202260401265541,5.067692529845403e-07
85,21 MB Dopa,4.7113274978827835e-05,0.00031408849985885225,0.0005099339417585366,0.0008429653667721097,0.0007470542599228128,-9.591110684929694e-05,-1.9942049150501187e-07
85,22 MB-HB Sero,0.0001476614998300751,0.0009538144442728365,0.001598224931044712,0.0006177470175024942,0.0004849791182956933,-0.00013276789920680092,-8.652028549107499e-07
85,23 P Glut,7.167181124541042e-05,0.0004778120749694029,0.0007757450365692077,0.0006472266844596384,0.0009164230380547041,0.00026919635359506575,8.51481345408982e-07
85,24 MY Glut,4.4794505723668365e-05,0.0002986300381577891,0.00048483657489445544,-0.0002702108740017385,-0.0008701942410885799,-0.0008701942410885799,-1.720277617064665e-06
85,26 P GABA,6.07681533717575e-05,0.00040512102247838345,0.0006577285063747561,0.0005981306148707809,0.0009876251235236195,0.0003894945086528386,1.0445637813960122e-06
85,30 Astro-Epen,0.0002083736762629393,0.0013771058192042069,0.0022553475669697854,-0.0012571476729365393,-0.003577795285634181,-0.003577795285634181,-3.290151729141773e-05
85,31 OPC-Oligo,0.00017648573999882677,0.0011765715999921787,0.001910206180789112,-0.0023272193222586275,-0.005475367206459883,-0.005475367206459883,-4.264621144051677e-05
85,33 Vascular,0.0008905374549323974,0.005822216391408925,0.009638796599925746,0.000876766918879567,0.0002855299309000537,-0.0005912369879795133,-2.3236535203682627e-05
85,34 Immune,0.0889446235392974,0.25465951946858917,0.9626985706259106,-0.019243744631322602,-0.01857013657137904,-0.01857013657137904,-0.07289410097324125
86,01 IT-ET Glut,4.8664451481638384e-05,0.0003244296765442559,0.0025957301114410314,-0.0009639658655170211,-0.006158997128250723,-0.006158997128250723,-0.000245269283310993
86,02 NP-CT-L6b Glut,5.3721853407553775e-05,0.0003581456893836918,0.002865488632601218,-0.0011453598157002741,-0.007325695810567862,-0.007325695810567862,-0.0003220484375765576
86,03 OB-CR Glut,0.0006445960953675563,0.004033801231520891,0.034382335432141795,-0.0028206588770012518,-0.01824664237300911,-0.01824664237300911,-0.009624805421740358
86,04 DG-IMN Glut,9.810460970644913e-05,0.0006540307313763273,0.005232835914780287,-0.00044347405289380003,-0.002921156290526022,-0.002921156290526022,-0.00023451225126386465
86,05 OB-IMN GABA,0.0004957432492424586,0.0032955657037706406,0.02644262167606667,-0.0003864537898529075,-0.0025227141247478307,-0.0025227141247478307,-0.00102340179792913
86,06 CTX-CGE GABA,0.00014226402508689208,0.0009484268339126138,0.007588270337993658,-0.0013444641700798565,-0.008711493278778404,-0.008711493278778404,-0.0010141659511816083
86,07 CTX-MGE GABA,9.870625698448224e-05,0.0006580417132298817,0.005264927388299645,-0.0009271903699332156,-0.005913228161037672,-0.005913228161037672,-0.00047762895601234526
86,09 CNU-LGE GABA,6.522065273878325e-05,0.00043480435159188826,0.0034788270913887836,-0.0001398055403858487,-0.0009012362714478612,-0.0009012362714478612,-4.8100006048383965e-05
86,11 CNU-HYa GABA,0.0001798258358493922,0.0011988389056626146,0.009591792832709523,3.29341501329006e-05,0.0004901928603808243,0.00045725871024792367,6.728765643468137e-05
86,12 HY GABA,0.0001895729365533113,0.0012638195770220755,0.01011169682887307,-0.00010297547359003867,-0.0002411456030733293,-0.0002411456030733293,-3.7409078728581096e-05
86,13 CNU-HYa Glut,0.000378479555928051,0.0024875517632473457,0.020187852733898656,8.478261163468863e-05,0.0009878906457466631,0.0009031080341119744,0.00027970707979147955
86,14 HY Glut,0.0002090590285855391,0.0013937268572369274,0.011151072272392648,2.7177009196225816e-05,0.0005286207032666536,0.0005014436940704278,8.578521224380819e-05
86,16 HY MM Glut,4.628850716494924e-05,0.0003085900477663283,0.0024689987907712775,0.00015335682582669105,0.0010338029761652007,0.0008804461503385097,3.335011236130532e-05
86,19 MB Glut,0.00017068690955121679,0.0011379127303414456,0.009104328462801545,-2.739271848274544e-05,-9.401603026087195e-05,-9.401603026087195e-05,-1.3131775593941976e-05
86,20 MB GABA,0.00015449754572091165,0.0010299836381394108,0.008240798352013115,-6.991468493911841e-05,-0.0004175807348820015,-0.0004175807348820015,-5.279385398098035e-05
86,21 MB Dopa,0.00014526789850611072,0.0009684526567074049,0.007748494987564919,-0.00023403749125866524,-0.0014765950009824602,-0.0014765950009824602,-0.00017553041335739643
86,22 MB-HB Sero,0.00012539378402390213,0.0008359585601593477,0.006688422679564905,0.0002736401522338295,0.001791817745572726,0.0015181775933388966,0.00015578294639713913
86,23 P Glut,0.0001832433257451169,0.00121956028031873,0.009774079515448056,0.0001364366471386654,0.000938097978497555,0.0008016613313588897,0.00012020995340398133
86,24 MY Glut,0.00018930531048879002,0.0012620354032586,0.01009742182909122,3.686368465545724e-05,0.00022465240640782912,0.00018778872175237188,2.909066377175151e-05
86,26 P GABA,0.00012572951967816767,0.0008381967978544513,0.006706330600454349,6.78353792537242e-05,0.0004917540139752449,0.00042391863472152064,4.36155237589405e-05
86,30 Astro-Epen,0.0006862850060343963,0.004218110621968703,0.03660599474477006,-0.0013705263532076254,-0.008309951282455345,-0.008309951282455345,-0.00466685509233031
86,31 OPC-Oligo,0.0002782414255780758,0.001854924596396254,0.014841216219108087,-0.0009690485535123235,-0.006213043880686855,-0.006213043880686855,-0.00141464522675677
86,33 Vascular,0.013678177470773208,0.08848498672482084,0.729585067735053,-0.0010599750581213193,-0.008068662701371274,-0.008068662701371274,-0.09031317761460278
86,34 Immune,0.0003608104628670974,0.0024012811989871604,0.019245394830772464,-0.0010092095594057692,-0.0064593224151954145,-0.0064593224151954145,-0.0019071612471457384
87,01 IT-ET Glut,0.004947709473838419,0.012932993917464034,0.04956965628229707,0.0004675342317358062,-0.0009794143908882097,-0.001446948622624016,-0.00545241984984596
87,02 NP-CT-L6b Glut,0.005014395969914649,0.0127035821637632,0.05023776881126595,0.001782013989281334,0.002039104238556256,0.00025709024927492185,0.000981829824653016
87,03 OB-CR Glut,0.0061066392710411,0.020240227761899914,0.06118063546496952,0.0011904664629958878,0.00589525509948333,0.004704788636487442,0.021881363104187448
87,04 DG-IMN Glut,0.002249508217801094,0.010266934696141209,0.022537165884579678,-0.0011936515940585849,-0.002868957280898678,-0.002868957280898678,-0.004915227851516572
87,05 OB-IMN GABA,0.003560082653730978,0.014125331590777092,0.03566742841614467,-0.0018700819152652388,-0.009755672451625246,-0.009755672451625246,-0.02645143761880136
87,06 CTX-CGE GABA,0.004180596966781301,0.011721892848541865,0.041884180102716044,0.0005545706140705058,-0.00016336901884081374,-0.0007179396329113196,-0.002285905218134666
87,07 CTX-MGE GABA,0.004098052063415762,0.011467487141029594,0.04105718682242733,0.0008116319579084432,0.00042541089545554926,-0.0003862210624528939,-0.0012054394906749033
87,09 CNU-LGE GABA,0.006450404946716993,0.015419872492662572,0.06462472337575094,0.0044160437305007655,0.005641947487662685,0.0012259037571619195,0.00602247970520043
87,11 CNU-HYa GABA,0.0022455637388255558,0.007604169186467245,0.022497647301674993,0.00247366466186218,0.004238880411559902,0.001765215749697722,0.003018944782160592
87,12 HY GABA,0.0032451575785210672,0.009760284801442793,0.032512286058782064,0.003228276416748423,0.0032084314220678363,-1.9844994680586793e-05,-4.904771349063026e-05
87,13 CNU-HYa Glut,0.0007696418715725257,0.004275237142985226,0.007710817143981693,-0.00024539394588488284,-0.0005256998249726782,-0.0005256998249726782,-0.00030814740069125724
87,14 HY Glut,0.002783948079277563,0.00873378537113936,0.027891562778137497,0.0020365783608674126,0.0003324889104780263,-0.0017040894503893864,-0.0036131459800781106
87,16 HY MM Glut,0.004881136613180898,0.012097211985706282,0.04890268223340199,0.006233958461797611,0.005218499721804832,-0.0010154587399927792,-0.003774985032230151
87,19 MB Glut,0.0056643730714354395,0.014021662116977317,0.056749699571168426,-0.00048167517178866753,0.0005598171244493486,0.0005598171244493486,0.002415071638763779
87,20 MB GABA,0.0043129541385917,0.011063537933647082,0.04321022795330831,-0.0022174751332714304,-0.003433498017343236,-0.003433498017343236,-0.011278299683286344
87,21 MB Dopa,0.00310402481351969,0.008524232537088299,0.031098318102846065,-0.0021918953351143153,-0.004641879906126219,-0.004641879906126219,-0.010973649227528904
87,22 MB-HB Sero,0.007898835453522256,0.01786790809192842,0.07913612562173396,-0.0006527614393773645,0.0006568840638656096,0.0006568840638656096,0.003951698316848612
87,23 P Glut,0.005218970233892295,0.01364507825797531,0.05228733861789987,0.0003292252718400214,0.0018992730659808772,0.0015700477941408557,0.006240647928723047
87,24 MY Glut,0.0032690388363696703,0.009160244192263587,0.03275154540685082,0.005009019273063694,0.009468221567104333,0.004459202294040639,0.011102205047654412
87,26 P GABA,0.00421926192775105,0.01182500774631814,0.04227155305490194,-0.00031976433559127514,0.001720887652454365,0.001720887652454365,0.005529947325652271
87,30 Astro-Epen,0.0027956613112727485,0.011702726248352184,0.028008914228748384,-0.0008656254125242942,-0.001974193600568472,-0.001974193600568472,-0.004203453867105904
87,31 OPC-Oligo,0.004411604645493393,0.013855030118863625,0.04419857857192246,0.0008620994946441529,0.001312372782303352,0.00045027328765919925,0.0015128809625711327
87,33 Vascular,0.004624233419229438,0.015319121623621283,0.04632884415957533,2.105763830682838e-05,-0.0010608863800205034,-0.0010819440183273317,-0.0038104522828946077
87,34 Immune,0.0037614744526646973,0.01249681324003306,0.03768511403491509,0.000985234539872697,0.00027453720447423474,-0.0007106973353984624,-0.0020359860260777476
88,01 IT-ET Glut,0.0001522776021012721,0.0010150823349155732,0.002829462842792356,1.950857264035973e-05,0.003144919864737033,0.0031254112920966735,6.576395740641305e-05
88,02 NP-CT-L6b Glut,0.00015066608726490964,0.0010020916382153424,0.0027995193626798717,0.0002771268111941354,0.00437068735215391,0.004093560540959775,8.522391104740018e-05
88,03 OB-CR Glut,0.0004252707937275366,0.0028351386248502437,0.007901936281979483,-0.009989282377060722,-0.021387993623891693,-0.021387993623891693,-0.0012568409918190147
88,04 DG-IMN Glut,0.00014490080386058858,0.0009660053590705906,0.0026923949074376284,-0.0007586312999976556,0.0038221308676830946,0.0038221308676830946,7.65281263979135e-05
88,05 OB-IMN GABA,0.00158828574081572,0.010573592912517943,0.029511861398935618,0.000721061560790309,0.0057393201661124745,0.005018258605322165,0.001101352667486865
88,06 CTX-CGE GABA,0.00015440740304137264,0.0010281523722864981,0.0028690365722141716,-0.004411427262602122,-0.0071155813420960235,-0.0071155813420960235,-0.0001518179907504619
88,07 CTX-MGE GABA,0.0001641077964122424,0.0010932431669740093,0.00304927911756954,-0.0003600338609296111,0.002174430302709597,0.002174430302709597,4.9308232910751655e-05
88,09 CNU-LGE GABA,0.00022560272839874354,0.0014931143687435743,0.004191913508148734,-0.0016560699088496462,-0.006499529803167786,-0.006499529803167786,-0.00020261473233964045
88,11 CNU-HYa GABA,0.00017736178382082128,0.0011824118921388085,0.0032955508238081974,0.00011059146361289425,0.0018200522626392634,0.001709460799026369,4.189516712499283e-05
88,12 HY GABA,0.00027949920007193114,0.0018633280004795411,0.00519336127100145,-0.000439750131602431,0.001764890425273888,0.001764890425273888,6.816211369222901e-05
88,13 CNU-HYa Glut,0.00015382918714157027,0.0010255279142771354,0.0028582927702299867,-0.00020538757753018672,0.003454213298855197,0.003454213298855197,7.342308532392847e-05
88,14 HY Glut,0.0005325597312579943,0.003515163958074696,0.009895466899720701,-0.0013491201235182543,-0.0029123534122358335,-0.0029123534122358335,-0.00021431725248316358
88,16 HY MM Glut,5.0365248277391786e-05,0.0003357683218492786,0.0009358342697970635,-0.0005067336845323051,-0.0005827711294105395,-0.0005827711294105395,-4.055773944187174e-06
88,19 MB Glut,0.0003935572106351454,0.002619933554056515,0.00731266771107007,-7.658626396799181e-05,-0.0007130765631888346,-0.0007130765631888346,-3.8778300301462585e-05
88,20 MB GABA,0.0004252388899961786,0.002834620623114935,0.007901343480272743,6.51775608528196e-05,-0.00030627399923452973,-0.00037145156008734935,-2.1826288710879738e-05
88,21 MB Dopa,0.0001963734042075485,0.0013091560280503235,0.003648804833086223,-0.00026685458819173785,6.111686531051526e-05,6.111686531051526e-05,1.658396883841413e-06
88,22 MB-HB Sero,0.0001435452714084304,0.0009569684760562028,0.002667207823765073,6.315619605862729e-05,0.0006702919507327744,0.000607135754674147,1.2042577041891176e-05
88,23 P Glut,0.00034174483895702207,0.0022735579523813685,0.006349944510564851,0.00014647709144340306,-0.0009043179916107452,-0.0010507950830541482,-4.9620910571294875e-05
88,24 MY Glut,0.00012235058681660328,0.0008156705787773554,0.0022733904028853055,0.0003277506622563065,0.0027044608752593664,0.00237671021300306,4.018158113271999e-05
88,26 P GABA,0.00031607014625681834,0.0021039970869039864,0.005872884273255456,0.0003898792826608746,-7.809163671520952e-05,-0.0004679709193760841,-2.0438408564524267e-05
88,30 Astro-Epen,0.0005831895963729081,0.0038783887952018817,0.010836218002321894,-0.003773387131273883,-0.006249889108953226,-0.006249889108953226,-0.0005036476509978241
88,31 OPC-Oligo,0.046832547675421034,0.15391771176246932,0.8701933288441134,0.028203303830406354,0.07437710800273446,0.04617380417232811,0.2988052155520286
88,33 Vascular,0.0001718015714997234,0.001145343809998156,0.0031922367845569105,0.0005173842669245105,0.005948689591799234,0.0054313053248747235,0.00012893656108642817
88,34 Immune,9.30018704646679e-05,0.0006200124697644526,0.0017280633077933617,-0.0013102068280027143,0.0011312065679811958,0.0011312065679811958,1.4537118623983354e-05
89,01 IT-ET Glut,0.0003494095569702149,0.00229018681973091,0.007773470048359115,0.0005905396579108699,-0.0009268876520805615,-0.0015174273099914314,-0.00018161854381907675
89,02 NP-CT-L6b Glut,0.0003928518160617705,0.0025635656834558382,0.008739949336474439,-9.18772718373412e-05,-0.002474965370969912,-0.002474965370969912,-0.00033305457645111953
89,03 OB-CR Glut,0.0010290889212667099,0.006649102664658734,0.022894599609497454,0.0005806607757964056,-0.003937782870712642,-0.004518443646509047,-0.0015927928103353878
89,04 DG-IMN Glut,0.0012391859397292053,0.007969404832144809,0.027568721560909844,-0.0008650680412457456,-0.010115027175216056,-0.010115027175216056,-0.004293594685272003
89,05 OB-IMN GABA,0.002270787195950299,0.012763446522225916,0.05051921420518486,0.0007693751246753504,-0.0007412821131973478,-0.0015106572378726982,-0.0011750595765284478
89,06 CTX-CGE GABA,0.0006494465274480137,0.004209567374503989,0.0144485261734221,0.00097030330407868,-0.00011389964836416493,-0.001084202952442845,-0.0002411967759186071
89,07 CTX-MGE GABA,0.0004457270235393569,0.002907691326501936,0.00991628762896948,0.0008077235943862584,-0.0009433279980108183,-0.0017510515923970767,-0.0002673532212676902
89,09 CNU-LGE GABA,0.0006501161065263001,0.004209661154619293,0.014463422597421489,-0.0008735322659931724,-0.004984786028036821,-0.004984786028036821,-0.0011100817438447774
89,11 CNU-HYa GABA,0.0018208285212024955,0.009428182868339918,0.04050878314691368,-0.0021821931746420532,-0.009986368429047,-0.009986368429047,-0.006228653126738397
89,12 HY GABA,0.0010447114056109646,0.00633277260980947,0.023242159977290643,-0.0018709091196155762,-0.007433492862264409,-0.007433492862264409,-0.002660153995757387
89,13 CNU-HYa Glut,0.0003862317921719905,0.0025576658937227553,0.008592670716299166,-0.0007546478617132257,-0.001643424133761015,-0.001643424133761015,-0.00021742786096043504
89,14 HY Glut,0.0009106737382821675,0.005545445031440844,0.020260164289001136,-0.000908037467598807,-0.006082066260646129,-0.006082066260646129,-0.0018972801964442637
89,16 HY MM Glut,0.0005732563646520875,0.003757371159478954,0.012753489684983334,-0.0004055627639525733,-0.004244275848205304,-0.004244275848205304,-0.0008334316733889729
89,19 MB Glut,0.00079472705370823,0.005087422299798226,0.0176806467521672,-0.000257865164270027,-0.0028949036407148227,-0.0028949036407148227,-0.0007880787613249933
89,20 MB GABA,0.0006748013185058456,0.004282716575311113,0.015012605503648491,-4.8878424757030033e-05,-0.002940324333406802,-0.002940324333406802,-0.0006796552473026805
89,21 MB Dopa,0.0005701696000341553,0.003588995586022991,0.012684817057617634,-0.00042491566290513063,-0.003961471225310714,-0.003961471225310714,-0.0007737097639640983
89,22 MB-HB Sero,0.0017695129200857153,0.009391228682048405,0.03936714211180931,-0.0008432686398622758,-0.005192916359660552,-0.005192916359660552,-0.003147622052222373
89,23 P Glut,0.000936336145405469,0.005785042918863838,0.020831087290854765,-0.00017021139773639222,-0.0028319581135150583,-0.0028319581135150583,-0.0009083142508898894
89,24 MY Glut,0.00025094968168623316,0.0016729978779082212,0.005582989346795335,0.0006029987996323864,0.001276370817425445,0.0006733720177930586,5.7884092386216736e-05
89,26 P GABA,0.0009897438209554503,0.006122288947322396,0.022019271637728974,-0.00016683868489448273,-0.0033348421462427178,-0.0033348421462427178,-0.00113061721632108
89,30 Astro-Epen,0.0006078097925065048,0.004000086240955684,0.013522215185291694,-0.0006729004792613803,-0.0015200220950366483,-0.0015200220950366483,-0.0003164718657077469
89,31 OPC-Oligo,0.026105871891033347,0.10696176853193583,0.5807889600699923,-0.025337310220659777,-0.08971128011019913,-0.08971128011019913,-0.8022371509485201
89,33 Vascular,0.00029507440370983606,0.001965001994955387,0.0065646516917434086,0.0008444985450486031,0.0016536609564402895,0.0008091624113916864,8.178708918064106e-05
89,34 Immune,0.0001916693938060231,0.0012544513678799782,0.004264154377624184,0.0002791218344823639,0.0011712234415397571,0.0008921016070573932,5.857126511699664e-05
90,01 IT-ET Glut,0.00886772173616782,0.038611865820079944,0.03466408878285299,-0.004905228465138025,-0.02129753362501088,-0.02129753362501088,-0.012848332570385828
90,02 NP-CT-L6b Glut,0.009139244646323515,0.04034990776685987,0.03572547687601198,-0.007607219022583198,-0.030444186509006415,-0.030444186509006415,-0.018928669005469766
90,03 OB-CR Glut,0.03539574203487786,0.09974662889313321,0.1383626122849225,-0.030814234974983798,-0.05532130083571795,-0.05532130083571795,-0.13321367365870934
90,04 DG-IMN Glut,0.006490845890651269,0.03014817201495765,0.02537283700633861,-0.001912551393572761,-0.016404082767529145,-0.016404082767529145,-0.007243669884635048
90,05 OB-IMN GABA,0.018900990412909664,0.06877796660027082,0.07388432217992577,0.0103399539194918,0.009432783205969781,-0.0009071707135220181,-0.0011664845293646996
90,06 CTX-CGE GABA,0.010102934678926926,0.042589606038296146,0.039492559092075205,-0.00855445206305895,-0.03449990589863261,-0.03449990589863261,-0.02371214574670668
90,07 CTX-MGE GABA,0.008824798729228518,0.03559741837209317,0.03449630195240899,-0.005968839589590555,-0.02422121171116666,-0.02422121171116666,-0.014541395108195868
90,09 CNU-LGE GABA,0.01196243724464503,0.05558083420990351,0.04676138911942006,-0.011112385310226647,-0.046615000254008436,-0.046615000254008436,-0.03793593247003849
90,11 CNU-HYa GABA,0.012077806170041368,0.057483265245592434,0.04721236838914726,-0.00973247727233766,-0.044704463739604565,-0.044704463739604565,-0.036731980519752946
90,12 HY GABA,0.013935627341660593,0.06074815763473205,0.05447462581576596,-0.005350472732091813,-0.01873383650091867,-0.01873383650091867,-0.017760641575708027
90,13 CNU-HYa Glut,0.016216465880638804,0.07720699001265313,0.06339046597931404,-0.006482571564858297,-0.03089560832915645,-0.03089560832915645,-0.03408461270822148
90,14 HY Glut,0.010093760926286922,0.04909546511920053,0.0394566987228117,0.002528877978372218,0.009884816864284258,0.00735593888591204,0.00505122282133142
90,16 HY MM Glut,0.007924021574946321,0.03201138558211943,0.03097514734487871,0.0017482980287403264,0.004596119820822729,0.0028478217920824027,0.001535196100144816
90,19 MB Glut,0.008906313274567233,0.04358554379336552,0.03481494382241609,-0.011346871506116504,-0.05041680570579605,-0.05041680570579605,-0.03054771242960249
90,20 MB GABA,0.0116143552755897,0.04990488299789557,0.045400730244679756,-0.012175885726226805,-0.04377523757219509,-0.04377523757219509,-0.03458828418346904
90,21 MB Dopa,0.009096408289154131,0.04048626601635652,0.03555802876112613,-0.009973472028955512,-0.03568801853555866,-0.03568801853555866,-0.02208501920356325
90,22 MB-HB Sero,0.009725599630792935,0.04202896735627626,0.03801754938850604,-0.010980668203972336,-0.04805152824207794,-0.04805152824207794,-0.031792815663060754
90,23 P Glut,0.011893461658804096,0.05087971326894894,0.04649176227471567,-0.01211859092494606,-0.054346396265177274,-0.054346396265177274,-0.04397283114591884
90,24 MY Glut,0.013968487831443754,0.06676922240446731,0.05460307807996429,-0.01372118418538593,-0.08357272582571097,-0.08357272582571097,-0.07941807597337913
90,26 P GABA,0.011580223003597545,0.05210117704840582,0.04526730656023204,-0.013824192482586652,-0.06030539307235189,-0.06030539307235189,-0.04750928292560717
90,30 Astro-Epen,0.0019100744287457515,0.010788534735336863,0.007466516378141674,-0.0015608458055498546,-0.008280281340037006,-0.008280281340037006,-0.001075971538925545
90,31 OPC-Oligo,0.002551682579979561,0.014574197117830532,0.009974574544588185,-0.0009584802557452986,-0.005070624612130562,-0.005070624612130562,-0.0008802246146112964
90,33 Vascular,0.0031524245480409347,0.016960452031336854,0.012322886042854081,-0.0015463890003155898,-0.0076622883424514055,-0.0076622883424514055,-0.0016432687332001111
90,34 Immune,0.001487260876149858,0.008860073557153167,0.005813730356902433,-0.0002967959604239965,-0.002711580161609007,-0.002711580161609007,-0.0002743563406182159
91,01 IT-ET Glut,0.0004798216883018891,0.0031743881550484613,0.0034673212030039966,0.001415160800445439,0.0024810445655345822,0.0010658837650891432,1.5192090084888369e-05
91,02 NP-CT-L6b Glut,0.0007403366047588485,0.004759088533033166,0.0053498723997346224,-0.0007001657045011302,-0.0021473914441449142,-0.0021473914441449142,-4.7224595475094405e-05
91,03 OB-CR Glut,0.001479110053576005,0.009024833080873963,0.010688449012154143,-0.004175797395826581,-0.008277455824102971,-0.008277455824102971,-0.00036368481291836264
91,04 DG-IMN Glut,0.00035858317382114784,0.0023905544921409855,0.002591218929745987,0.002892313703512354,0.004614039054474111,0.0017217253509617574,1.8339250644772375e-05
91,05 OB-IMN GABA,0.0010249365885975842,0.006647958719900655,0.007406468802933844,0.0036423946264565947,0.0036770327949418526,3.463816848525789e-05,1.054580465717478e-06
91,06 CTX-CGE GABA,0.09160451753616053,0.3585364603964086,0.6619590020371122,0.01719331618440373,0.05416688770803555,0.03697357152363182,0.10060883053297172
91,07 CTX-MGE GABA,0.00845534306086164,0.029326144027553153,0.06110059421730989,-0.0010944249858456444,-0.0037293163968312097,-0.0037293163968312097,-0.0009366735761462003
91,09 CNU-LGE GABA,0.0008026108586113836,0.005224134500970459,0.005799882989185708,3.483491917045797e-05,-9.777365102733136e-05,-0.0001326085701977893,-3.161581842204095e-06
91,11 CNU-HYa GABA,0.004383021973553422,0.022026255032667714,0.03167290139784699,-0.00041884829989760023,-0.0027462752428883334,-0.0027462752428883334,-0.00035755718945927346
91,12 HY GABA,0.005525570249130117,0.02446119915916043,0.03992926403827483,-0.0004390701024116484,-0.0006880165272891854,-0.0006880165272891854,-0.00011292855748331866
91,13 CNU-HYa Glut,0.0016702006246138341,0.010261806344155572,0.012069321125289505,0.0006076863056112612,0.001505950348270049,0.0008982640426587877,4.456567226822435e-05
91,14 HY Glut,0.0027470541008557414,0.014698169924414415,0.019850955390126938,0.0006010752553984706,0.003344653340663815,0.0027435780852653443,0.0002238784765193229
91,16 HY MM Glut,0.0010699207075351316,0.006492602781375664,0.007731536204415032,-0.00015254016933897123,-0.0015324036605791204,-0.0015324036605791204,-4.870264846534458e-05
91,19 MB Glut,0.002707967989157989,0.014205684088918619,0.01956850858303861,0.000341565603237153,0.0010228583387832952,0.0006812927355461422,5.480309546102224e-05
91,20 MB GABA,0.0034403262275211274,0.015479984714640042,0.024860727150852704,0.0007654628867234824,0.002329395852423515,0.0015639329657000328,0.0001598253137125332
91,21 MB Dopa,0.0013405004677685436,0.007784138092546584,0.009686818682540049,0.0005059393054219957,0.0022804428639325203,0.0017745035585105245,7.065967728288379e-05
91,22 MB-HB Sero,0.0014780230690841312,0.008099770936936878,0.0106805941684322,0.00094432166911114,0.004226669140905424,0.0032823474717942843,0.0001441098186415947
91,23 P Glut,0.002143276249892062,0.012109763204573533,0.01548789345359898,0.0003040452035688895,0.0008445753693101954,0.0005405301657413059,3.441326608981853e-05
91,24 MY Glut,0.0006607980576055905,0.00439541239193904,0.0047751053608026325,0.0008338843919139392,0.003507983752487677,0.0026740993605737376,5.248970149802495e-05
91,26 P GABA,0.004801381898932405,0.020789411771777667,0.03469608329045258,0.0011940057627180941,0.0026673043040595927,0.0014732985413414986,0.00021012842961722875
91,30 Astro-Epen,0.00039467724037212625,0.0025921172206955522,0.0028520444099316687,-0.00018531849077250013,-0.0014681408261385093,-0.0014681408261385093,-1.7212248349896675e-05
91,31 OPC-Oligo,0.00045899171554574707,0.0030425462517283427,0.0033167981900677295,0.00013529074561416187,0.0002942085765347011,0.00015891783092053925,2.16673241600527e-06
91,33 Vascular,0.00038296383474295596,0.0025460959545722897,0.0027674001750261066,0.00031600010254793443,-0.0004003442620733517,-0.0007163443646212861,-8.149058153965224e-06
91,34 Immune,0.00023404034501791908,0.0015045906392263443,0.001691238788123381,0.00036381807870310904,-0.0007371534146484443,-0.0011009714933515533,-7.654108408629633e-06
92,01 IT-ET Glut,3.904342852423628e-05,0.0002602895234949086,0.000992179120924664,0.0007640017908006523,0.0012635221963215025,0.0004995204055208501,5.6016356854368535e-06
92,02 NP-CT-L6b Glut,5.392926758348043e-05,0.0003595284505565362,0.0013704609283960224,0.0009091459365902324,0.0014537272131127795,0.0005445812765225471,8.435307258328792e-06
92,03 OB-CR Glut,0.0005210407456183127,0.0032774708937559727,0.01324078772007949,0.0005159021637180546,-0.0012028746258496595,-0.0017187767895677141,-0.0002572200662354083
92,04 DG-IMN Glut,0.00010762182952834606,0.000717478863522307,0.0027349066475413266,0.0007325381402821777,0.0008706185386250744,0.0001380803983428967,4.26821296445272e-06
92,05 OB-IMN GABA,0.0002940309488138925,0.00196020632542595,0.0074719710677488265,-0.0008715630791732888,-0.004229062648935068,-0.004229062648935068,-0.000357150154965665
92,06 CTX-CGE GABA,8.814536897549776e-05,0.0005876357931699851,0.002239967083049611,0.0007002291664891861,0.0011273801740382088,0.0004271510075490228,1.081420539524044e-05
92,07 CTX-MGE GABA,5.735091068601625e-05,0.0003823394045734417,0.001457412381531972,0.0004734280887870527,0.0006616000178423084,0.00018817192905525569,3.0996227117370405e-06
92,09 CNU-LGE GABA,5.37245498525659e-05,0.0003581636656837726,0.0013652586020129695,-0.000999108770675508,-0.0016623972749505323,-0.0016623972749505323,-2.5652003019924528e-05
92,11 CNU-HYa GABA,9.138224532628694e-05,0.000609214968841913,0.0023222232079253826,-0.0002804785050972108,-0.0005097033700365629,-0.0005097033700365629,-1.337805596979522e-05
92,12 HY GABA,0.00018800630561642215,0.0012533753707761473,0.004777652426681815,-0.00024257515854481186,-0.0004137306346290591,-0.0004137306346290591,-2.2341059931892726e-05
92,13 CNU-HYa Glut,7.688931784348382e-05,0.0005125954522898921,0.0019539261450640527,-0.0001636780715803566,-0.00012075190252346129,-0.00012075190252346129,-2.6666969777061207e-06
92,14 HY Glut,0.00011052312882072504,0.0007368208588048337,0.002808635023615293,7.802160705701874e-05,-0.0002218575184392698,-0.00029987912549628857,-9.519476923062886e-06
92,16 HY MM Glut,6.728332438793115e-05,0.000448555495919541,0.0017098167903637595,-0.00014360193392025773,-0.00010938917383640095,-0.00010938917383640095,-2.1139536574212917e-06
92,19 MB Glut,8.608826873617611e-05,0.0005739217915745074,0.0021876916558074286,6.5408796332572e-05,-0.00010126179224147475,-0.00016667058857404676,-4.121132917738999e-06
92,20 MB GABA,5.5677598054875536e-05,0.00037118398703250355,0.0014148898388621667,0.0003286451871567157,0.0006574330095175939,0.00032878782236087816,5.25787060443053e-06
92,21 MB Dopa,7.807816811485955e-05,0.0005205111183005228,0.0019841374369958665,0.0004048903898293581,0.0006299665839271036,0.00022507619409774552,5.0474596627091715e-06
92,22 MB-HB Sero,0.00014587236647028225,0.0009672386228103454,0.003706936654956998,4.384550001717395e-05,-0.0002885310076931105,-0.00033237650771028446,-1.3925699764979426e-05
92,23 P Glut,6.258952506907576e-05,0.00041726350046050514,0.0015905370585879545,0.0002497602720299255,0.000326790745480964,7.703047345103848e-05,1.3847708154554659e-06
92,24 MY Glut,8.230629938524401e-05,0.0005487086625682934,0.0020915835226899045,0.00033517156107537875,0.00010735355114001863,-0.00022781800993536012,-5.385608852851442e-06
92,26 P GABA,7.630840972585694e-05,0.0005087227315057129,0.0019391639961629317,0.00030206727445074316,0.0005611264466683109,0.0002590591722175677,5.6778649065379725e-06
92,30 Astro-Epen,0.00040805016944097175,0.002650035967563662,0.010369449449291747,0.0005357567463989864,0.00026687657123223354,-0.0002688801751667529,-3.151272965343906e-05
92,31 OPC-Oligo,0.00023955523651110803,0.0015892266978055091,0.006087623780963544,0.0006832111139873231,0.0012068701937647487,0.0005236590797774255,3.603030891241785e-05
92,33 Vascular,0.035733444992267493,0.09722834832375424,0.9080651822887347,-0.03622919967793646,-0.07203242850915584,-0.07203242850915584,-0.7392930497850165
92,34 Immune,0.0006342470127931028,0.0041084485840759645,0.01611760717201165,0.0004924213730306925,-2.1817532538168387e-05,-0.000514238905568861,-9.36778770278233e-05
93,01 IT-ET Glut,6.775200540240054e-05,0.00045168003601600353,0.003081149784419906,7.175990895313603e-05,-0.0001382154811899417,-0.00020997539014307772,-1.5533640045856032e-05
93,02 NP-CT-L6b Glut,8.421818787354516e-05,0.0005611313659374841,0.003829980380206056,-1.9098238498124993e-06,0.0001507183742984032,0.0001507183742984032,1.3859730300746731e-05
93,03 OB-CR Glut,0.00036226488728527867,0.0024150992485685247,0.016474676620013225,0.009184111528443489,0.014939435739937008,0.00575532421149352,0.002276558010020224
93,04 DG-IMN Glut,5.6776582946343087e-05,0.00037851055297562057,0.002582021820110223,0.00036815052796938016,4.213477353340586e-05,-0.0003260157544359743,-2.0211126702927955e-05
93,05 OB-IMN GABA,0.00024616058843171285,0.0016410705895447528,0.011194615413585619,-0.0002856811604266361,-0.001377061006904142,-0.001377061006904142,-0.00037013008603100793
93,06 CTX-CGE GABA,6.901172323692753e-05,0.00046007815491285023,0.003138437820563338,0.0034263948020324493,0.005455489577544949,0.0020290947755125,0.00015290014261019959
93,07 CTX-MGE GABA,6.610971796177967e-05,0.00044073145307853116,0.0030064636764062644,0.0010708663954771252,0.0013394366703042525,0.0002685702748271273,1.9386791241592042e-05
93,09 CNU-LGE GABA,3.572723775833623e-05,0.00023818158505557486,0.0016247632857981217,-0.00023629514421569738,-0.0006270239382385405,-0.0006270239382385405,-2.446055165865359e-05
93,11 CNU-HYa GABA,0.0012079376321093055,0.007009423433269246,0.05493323411847539,0.0008875157775058405,0.002134372952576179,0.0012468571750703383,0.0016445379737108675
93,12 HY GABA,0.00023770743973234042,0.0015828771723645,0.01081019258893196,0.0005020722026318144,0.0009484902682331161,0.0004464180656013017,0.00011586899005620843
93,13 CNU-HYa Glut,2.051403529605638e-05,0.00013676023530704253,0.0009329143108697852,0.00099028142861942,0.002509352915936136,0.0015190714873167157,3.402608608877203e-05
93,14 HY Glut,9.574531828163594e-05,0.000638302121877573,0.004354198300560198,0.0022192594633970992,0.0034104668348293606,0.0011912073714322614,0.00012453390467321966
93,16 HY MM Glut,4.635425384445347e-05,0.00030902835896302313,0.0021080468156109066,0.0002888024215364373,0.0003992408308093035,0.00011043840927286617,5.5897504955105744e-06
93,19 MB Glut,0.00010955182330274166,0.0007303454886849444,0.004982075065487145,-0.00023416735572239468,-0.000523427478342827,-0.000523427478342827,-6.261217839179079e-05
93,20 MB GABA,7.189101908029634e-05,0.0004792734605353089,0.0032693792106282676,-0.00021085774728955126,-0.0005735572410493114,-0.0005735572410493114,-4.502296506432101e-05
93,21 MB Dopa,8.184944799537797e-05,0.0005456629866358531,0.003722257482239953,-0.00014872628375099694,-0.000228538213411146,-0.000228538213411146,-2.0424774417990556e-05
93,22 MB-HB Sero,0.000693063385121438,0.0043179903902964166,0.03151836003928214,-0.0005238909319804109,-0.0017986786643553127,-0.0017986786643553127,-0.001361160145274258
93,23 P Glut,0.00011936500805871811,0.0007957667203914543,0.0054283480859795875,-0.00010604374573170747,-0.0001003955501787356,-0.0001003955501787356,-1.3085013697824319e-05
93,24 MY Glut,9.323784923177243e-05,0.0006215856615451496,0.004240166432772079,0.00011153219146841162,-2.8114585288442507e-05,-0.00013964677675685412,-1.4216930774615357e-05
93,26 P GABA,0.00021980938812420995,0.0014646781439510998,0.009996245052967605,-8.796342173162645e-05,-0.0001026628379547698,-0.0001026628379547698,-2.464008426333299e-05
93,30 Astro-Epen,0.017095781976237505,0.052628010006717296,0.7774628166018474,-0.004227268488081063,-0.009682353984143044,-0.009682353984143044,-0.1807393069963716
93,31 OPC-Oligo,0.0004679457553062986,0.003041090754989678,0.021280712718669235,0.00047864257193568115,0.0017117645388230066,0.0012331219668873254,0.0006300633709333235
93,33 Vascular,0.0002938543288600704,0.0019055933187885606,0.013363577899141893,0.000168404393568694,0.0009827049267300146,0.0008143005331613207,0.00026127598749538814
93,34 Immune,0.00014656604743336167,0.0009511892507197479,0.006665366475433944,-0.0004400359899245112,-0.000984848035131628,-0.000984848035131628,-0.00015761055004559157
94,01 IT-ET Glut,2.3921698009970075e-05,0.00015947798673313386,0.0009014769204313645,0.00020627437884321995,0.0013932991671473122,0.0011870247883040922,8.169349192479962e-06
94,02 NP-CT-L6b Glut,2.5100135441486938e-05,0.00016733423627657962,0.0009458857306354774,0.00023827864860338684,0.0015974240421091767,0.0013591453935057898,9.81471404317997e-06
94,03 OB-CR Glut,0.0006387070759199035,0.0036495546696848316,0.024069348572915813,0.0015479628467685508,0.009892804925324603,0.008344842078556052,0.001533400208841623
94,04 DG-IMN Glut,4.137421003318495e-05,0.00027582806688789967,0.0015591658848987655,-0.0001317409745931392,-0.0007597502795964269,-0.0007597502795964269,-9.043493933640648e-06
94,05 OB-IMN GABA,0.0006266130397311982,0.003734071259341766,0.02361359102199131,-0.001152632311121732,-0.006641398645213957,-0.006641398645213957,-0.0011972770166714286
94,06 CTX-CGE GABA,0.00012572310658073225,0.0008381540438715483,0.00473781079002947,0.0007518515777860206,0.004861151922285389,0.004109300344499368,0.000148634168036473
94,07 CTX-MGE GABA,5.1811854802862915e-05,0.00034541236535241934,0.0019525031747351404,0.0002573890687266562,0.0017094153152884793,0.001452026246561823,2.164408718682338e-05
94,09 CNU-LGE GABA,2.6279990518244073e-05,0.00017519993678829382,0.0009903479640733814,0.00029454704340171303,0.001999617471700859,0.0017050704282991459,1.2891492335910905e-05
94,11 CNU-HYa GABA,4.676628133218564e-05,0.00031177520888123764,0.001762363326290409,-0.00014241286773863024,-0.0009519289208120489,-0.0009519289208120489,-1.2807755478915801e-05
94,12 HY GABA,0.00019885657098382817,0.0013257104732255214,0.0074938078870207545,-0.00024809261310834615,-0.0016238134787696435,-0.0016238134787696435,-9.289915347255153e-05
94,13 CNU-HYa Glut,9.939573576386859e-05,0.0006626382384257907,0.0037456773237032424,-0.0004361595191904787,-0.0027885501967546984,-0.0027885501967546984,-7.974103857173579e-05
94,14 HY Glut,8.197124943543516e-05,0.0005464749962362346,0.0030890444931697286,-0.00018287644268220453,-0.0011985459585266822,-0.0011985459585266822,-2.8265190371310514e-05
94,16 HY MM Glut,2.5163104756728946e-05,0.00016775403171152633,0.0009482586969843703,0.0003242943917655227,0.002039237589226382,0.001714943197460859,1.2415083182645724e-05
94,19 MB Glut,7.422860809206991e-05,0.0004948573872804661,0.002797267025227761,1.7354034810807005e-05,0.00013803353059077463,0.00012067949577996762,2.577154600080203e-06
94,20 MB GABA,5.257907206128638e-05,0.0003505271470752425,0.0019814153636247885,0.00012617143909841993,0.0008340707122215099,0.0007078992731230899,1.0708288216954277e-05
94,21 MB Dopa,9.027649636612015e-05,0.0006018433091074677,0.003402023464118008,5.666922879326762e-06,8.236626065473986e-05,7.66993377754131e-05,1.992057996394639e-06
94,22 MB-HB Sero,7.749038191542271e-05,0.0005166025461028183,0.0029201852988467248,6.110520722029109e-05,0.000400077685725897,0.0003389724785056059,7.5569736592587475e-06
94,23 P Glut,6.741907459810187e-05,0.0004494604973206792,0.002540653248013531,8.640939223398287e-05,0.0006147156403370578,0.000528306248103075,1.0247176160005466e-05
94,24 MY Glut,2.5884947807185853e-05,0.00017256631871457237,0.0009754609821185387,-0.00030654849877289833,-0.001913037072671817,-0.001913037072671817,-1.4246439829231753e-05
94,26 P GABA,4.5834166195472635e-05,0.0003055611079698176,0.0017272370454310283,8.354971678068608e-05,0.0005897697943399087,0.0005062200775592227,6.675201337662968e-06
94,30 Astro-Epen,0.0004238547060775958,0.0027693718478095527,0.015972747209914727,0.0004971931888296782,0.003343351785789216,0.002846158596959538,0.0003470657633996488
94,31 OPC-Oligo,0.0001681280053677053,0.001120853369118035,0.0063358176519901855,0.0006179061143803779,0.004043294068874037,0.003425387954493659,0.00016568587858258133
94,33 Vascular,0.02316165904616693,0.14974526293686624,0.8728352418928449,0.0027716210781530697,0.017310580480111783,0.014538959401958713,0.09688100968215985
94,34 Immune,0.0003370795253799211,0.002242700057890036,0.012702669030990637,-5.64798569498087e-05,-0.0002968108218951985,-0.0002968108218951985,-2.8783776480118317e-05
95,01 IT-ET Glut,0.005369031730606269,0.02369215564210774,0.048446265682373375,-0.000872241296963009,-0.0004356435459396958,-0.0004356435459396958,-0.0001623620437159599
95,02 NP-CT-L6b Glut,0.07712838053024411,0.18109459774413356,0.6959508161441741,0.001333849870349389,0.0030656891912058245,0.0017318393208564356,0.009272120409824202
95,03 OB-CR Glut,0.0008157827698112771,0.005098166381013282,0.007361034687145872,0.0041216864161128615,0.006959062480258501,0.0028373760641456393,0.00016067513867788327
95,04 DG-IMN Glut,0.0012946698649573814,0.007716054727879447,0.011682166058200074,0.0021323993757109117,0.0060290871983726905,0.003896687822661779,0.0003501965861196146
95,05 OB-IMN GABA,0.00019567068096453238,0.001304471206430216,0.0017655909430038387,-0.0005896794708690566,-0.002065106342036375,-0.002065106342036375,-2.804951983583476e-05
95,06 CTX-CGE GABA,0.0013299076279649938,0.007821804919419976,0.01200012618851328,0.0015078122226934564,0.0032209693626548395,0.001713157139961383,0.00015815245285964263
95,07 CTX-MGE GABA,0.0020788721990068386,0.011511043634656205,0.018758241695362925,0.0020213709918981554,0.0028378768614050714,0.000816505869506916,0.0001178268742709808
95,09 CNU-LGE GABA,0.000994189892170307,0.006433922357058777,0.008970851742270126,0.00035123973696603615,0.0009553073255654665,0.0006040675885994303,4.168810287895494e-05
95,11 CNU-HYa GABA,0.003861396675683084,0.019437165194446722,0.03484245551926588,0.0013789195453987552,0.0046369142482822635,0.0032579947028835085,0.0008732770493202047
95,12 HY GABA,0.001230917006390337,0.008069190849015527,0.01110690629459256,0.00035765283778941046,0.002323559652438938,0.001965906814649528,0.0001679766649543084
95,13 CNU-HYa Glut,0.0011669398072444853,0.007068087161512668,0.010529622243584717,0.0013597081593128323,0.006446348031835575,0.005086639872522743,0.00041203745929222516
95,14 HY Glut,0.0013649380538106482,0.009001111778275103,0.012316215457982659,0.00031798086686830266,0.0025628059522081774,0.0022448250853398747,0.00021269275811495154
95,16 HY MM Glut,0.0015284827446162617,0.009445337924620802,0.013791924662036046,0.00041759949459181867,0.0012114856429879545,0.0007938861483961358,8.423178789966066e-05
95,19 MB Glut,0.0014051924133673822,0.009030470671554464,0.012679441733372748,0.00015772659643431973,0.0002145888860083463,5.686228957402657e-05,5.546479260475365e-06
95,20 MB GABA,0.0017768505205963611,0.010684339881122992,0.016033016141060213,0.0005954933917625378,0.002958893773865973,0.002363400382103435,0.00029150462498561024
95,21 MB Dopa,0.0009575189597624732,0.006326395596865784,0.008639959726094677,7.648157499943169e-06,0.0003495750308301254,0.00034192687333018225,2.2726778094828575e-05
95,22 MB-HB Sero,0.0035203201383093817,0.018161460852470456,0.03176482711684173,0.0011385942034342793,0.0024499223499876125,0.0013113281465533331,0.0003204430062900082
95,23 P Glut,0.0017080952040717924,0.010163706777826189,0.015412617808817763,0.0005170083524889514,0.0023000241505858896,0.0017830157980969381,0.00021140950961338613
95,24 MY Glut,0.0003493236712917323,0.002328824475278215,0.0031520445841414953,0.00027695096989732574,8.397853559286325e-05,-0.00019297243430446248,-4.6792962929759e-06
95,26 P GABA,0.0014692814335270153,0.009253909727082038,0.013257734776469732,0.0003461045598627496,0.001518766517523318,0.0011726619576605684,0.0001196010745260642
95,30 Astro-Epen,0.0002371561420775438,0.0015658119057960168,0.0021399257899334494,-0.0003463255957618062,-0.0009840908891284965,-0.0009840908891284965,-1.620044120293872e-05
95,31 OPC-Oligo,0.00041127103859761864,0.0026711226037402108,0.0037110128982448757,2.108893032841769e-05,0.0003268581368094396,0.0003057692064810219,8.729294156459376e-06
95,33 Vascular,0.0003566672370890156,0.002202032506513939,0.003218307619549372,0.00024727852087083553,-0.00010204090618387396,-0.0003493194270547095,-8.64854821781589e-06
95,34 Immune,0.0002736139236605412,0.0016747337475450054,0.0024688944869689553,0.00017774403966846895,-0.0004441010054783809,-0.0006218450451468498,-1.1810754071970693e-05
96,01 IT-ET Glut,0.04844740747596719,0.18374682532132933,0.5557595248370987,-0.028248396733463688,-0.03568751829483669,-0.03568751829483669,-0.18139570406471664
96,02 NP-CT-L6b Glut,0.009367355047947896,0.03493861754630877,0.10745666407455148,-0.001760085160950487,-0.0022425692552086826,-0.0022425692552086826,-0.0022039561660686952
96,03 OB-CR Glut,0.0007103544373697375,0.004684686674794879,0.008148758935643098,0.0009097546678878426,0.0026951452153168233,0.0017853905474289806,0.0001330602809823089
96,04 DG-IMN Glut,0.0019181765245827919,0.010597526682829393,0.02200416759936291,-0.0029327862702472275,-0.004469611178058584,-0.004469611178058584,-0.0008994943162910707
96,05 OB-IMN GABA,4.690027637474031e-05,0.00031266850916493536,0.0005380117672072383,-0.005596629322147642,-0.010841179639272176,-0.010841179639272176,-5.334479494965109e-05
96,06 CTX-CGE GABA,0.0012782913584703313,0.008017154089563399,0.014663789767063444,-0.0005863730404453828,-0.0007378145362287302,-0.0007378145362287302,-9.89503119538507e-05
96,07 CTX-MGE GABA,0.0013679020414854202,0.008475605190720919,0.015691749635452654,-0.0009360076445680494,-0.0008035579137942136,-0.0008035579137942136,-0.00011532203239982384
96,09 CNU-LGE GABA,0.0017274298995771705,0.010301610226059422,0.019816037022303834,-0.00041468600613904136,-0.0005490956075584519,-0.0005490956075584519,-9.951499130730172e-05
96,11 CNU-HYa GABA,0.0018454308778079068,0.01075649968811973,0.021169673284974,-0.0010663474163842572,-0.004101632007821281,-0.004101632007821281,-0.0007941354511676584
96,12 HY GABA,0.0024094688808186486,0.014409227751475984,0.027639978072672194,1.6487350885518886e-05,-0.0005561890333256502,-0.0005726763842111691,-0.00014476737619919947
96,13 CNU-HYa Glut,0.0014783123558929363,0.008421650040941335,0.016958310367369524,-0.0005108420509469375,0.0001591625389189582,0.0001591625389189582,2.4685798088172404e-05
96,14 HY Glut,0.0023823125315787725,0.013804965191915524,0.027328456764594965,-0.00018381591571892206,-0.0010017368247355624,-0.0010017368247355624,-0.00025037587597587316
96,16 HY MM Glut,0.0014627675476302326,0.008988807304229353,0.01677998967481132,-0.000555432151762551,0.0006512540518566665,0.0006512540518566665,9.994610235588445e-05
96,19 MB Glut,0.0023908634028150764,0.013521811515918237,0.027426547217372834,0.0007526857324409978,0.002434307659130771,0.001681621926689773,0.0004218161788222944
96,20 MB GABA,0.0012298550074871235,0.007805747520601299,0.014108157075662488,-0.0004876561107681724,-0.002162900969530789,-0.002162900969530789,-0.00027908124802673834
96,21 MB Dopa,0.0022349951021419937,0.012952806454798719,0.025638519803063618,0.00011637062955611373,-0.0002459252240144553,-0.00036229585357056904,-8.495325952603591e-05
96,22 MB-HB Sero,0.0014940982651410735,0.009063404046722384,0.01713939682544715,2.793003721763983e-06,0.0017769200798853592,0.001774127076163595,0.00027810192361165444
96,23 P Glut,0.001822833243143313,0.011084605600976438,0.020910446809132812,0.00012956025900344963,0.0008729995764619463,0.0007434393174584966,0.00014217805639895703
96,24 MY Glut,0.000701271911223469,0.00462706436817281,0.008044569657447466,-0.0007673518487530681,-0.0012518757265520253,-0.0012518757265520253,-9.21059677614781e-05
96,26 P GABA,0.0015132367546560257,0.009697175848346251,0.017358942068279922,-5.30698973470779e-05,0.0006781518408191407,0.0006781518408191407,0.0001076648484887908
96,30 Astro-Epen,0.0002772020529992296,0.001843892174820652,0.0031798952572465703,0.00040592585112179003,-0.00028546401293778846,-0.0006913898640595785,-2.0107568559917397e-05
96,31 OPC-Oligo,0.0005566931619911938,0.003329378417482017,0.006386049188323701,0.0005135527688968048,0.0007393781514547812,0.00022582538255797643,1.318951265123477e-05
96,33 Vascular,0.00028940674868447084,0.001880108984713303,0.0033199001868844617,-0.000651128399444224,-0.0016510396122103295,-0.0016510396122103295,-5.0130986935418335e-05
96,34 Immune,0.00022076332492210372,0.0014257153609537523,0.002532464108033616,-0.0003281200515418149,-0.0013617279326051223,-0.0013617279326051223,-3.1539687053692494e-05
97,01 IT-ET Glut,0.0005618497293959692,0.0036900371410742653,0.0025386587926802652,-0.0005114465350553064,-0.0022779413557870213,-0.0022779413557870213,-5.946990391466255e-05
97,02 NP-CT-L6b Glut,0.001030438797360424,0.006537658567199702,0.004655929114801289,-0.000437800789673033,-0.001387685176277392,-0.001387685176277392,-6.644276124143207e-05
97,03 OB-CR Glut,0.0012711788164461862,0.008390230024105825,0.005743687521055439,-0.000989247455308135,-0.009049191553920859,-0.009049191553920859,-0.0005345039881320695
97,04 DG-IMN Glut,0.0016115508150043578,0.007540350400951482,0.007281622527005904,0.000877428704485085,0.0012688242054067645,0.00039139550092167946,2.9308551482394664e-05
97,05 OB-IMN GABA,0.00020752730526349704,0.0013835153684233139,0.0009376902589146248,-0.00047391846118853234,-0.0021580254516299358,-0.0021580254516299358,-2.0809724507017955e-05
97,06 CTX-CGE GABA,0.0025760494383923606,0.014148649297759545,0.011639607914707919,-0.0003229234722006911,-0.001107447827861951,-0.001107447827861951,-0.00013255984596280553
97,07 CTX-MGE GABA,0.002389047655329698,0.013775300973467925,0.010794660064809886,-0.0001401378785188148,-0.000742442710861553,-0.000742442710861553,-8.241803999282032e-05
97,09 CNU-LGE GABA,0.0009155820409620198,0.00606335498675502,0.004136960965002557,-0.00056711155233881,-0.0019818285926707035,-0.0019818285926707035,-8.431364732519374e-05
97,11 CNU-HYa GABA,0.03326507362501526,0.0808288927817602,0.15030472959040145,0.002398830387273813,0.0023274424610879615,-7.138792618585155e-05,-0.00011034375945562844
97,12 HY GABA,0.01814675532860854,0.05956238868331829,0.08199420158681317,-0.0032106421010288707,-0.002294660041346092,-0.002294660041346092,-0.0019348702997802896
97,13 CNU-HYa Glut,0.0017890148302633086,0.009828743798334571,0.008083474978204597,0.0017191101533482935,0.0054399881667638135,0.00372087801341552,0.000309309952617304
97,14 HY Glut,0.009617037368244015,0.035444480760619144,0.04345356987298836,-0.005421037016066403,-0.005294404483720314,-0.005294404483720314,-0.002365881251570918
97,16 HY MM Glut,0.0033751788088578435,0.01773834308709051,0.015250389760242074,-0.000822326558531767,-0.0024179514459336314,-0.0024179514459336314,-0.00037920921542688584
97,19 MB Glut,0.011568708466427888,0.048784027557121315,0.05227199005653287,0.003273745400927783,0.005172814800769632,0.0018990693998418495,0.001020846006998581
97,20 MB GABA,0.0736604497340523,0.17259641315770546,0.33282697953983587,-0.009911177876881795,-0.01504627412371245,-0.01504627412371245,-0.05149888870466241
97,21 MB Dopa,0.008643955650750178,0.04212461662162559,0.039056802679084165,-0.00029869868230267326,0.0005582881264539176,0.0005582881264539176,0.00022423605436085772
97,22 MB-HB Sero,0.004464506113546935,0.023548335227013575,0.020172400389540948,0.002594488842234455,0.005705113424513712,0.0031106245822792567,0.0006452909039539014
97,23 P Glut,0.00811459055859452,0.03465362449524435,0.036664922296435,0.0002182369488979558,-0.0006490488319727893,-0.0008672857808707451,-0.0003270117509865647
97,24 MY Glut,0.0040016781491808255,0.019444251096409744,0.018081161006904767,0.004897105465490384,0.017761594265830537,0.012864488800340152,0.00239204425703393
97,26 P GABA,0.032662187507908565,0.09541599055218047,0.14758065220440145,-0.00027503526173797274,-0.001984341893290235,-0.001984341893290235,-0.003011593079652438
97,30 Astro-Epen,0.0004061938728676385,0.002599540957060563,0.0018353442084894922,0.00025403142909099103,0.0002711055687275932,1.7074139636602146e-05,3.2226023430421853e-07
97,31 OPC-Oligo,0.0005149139810796022,0.0033968154810477052,0.002326584560158213,7.553231848595555e-05,0.000178087355409239,0.00010255503692328344,2.4537267692184506e-06
97,33 Vascular,0.0003378465501737251,0.002005941237308042,0.0015265240335655037,0.00011335097744127506,0.00021736441681336383,0.00010401343937208877,1.6328393855550468e-06
97,34 Immune,0.00018622899255408006,0.0011774550633651395,0.0008414560774242401,-0.00021381798822300895,-0.001221973028269365,-0.001221973028269365,-1.0574100543106781e-05
98,01 IT-ET Glut,0.00012166659255650156,0.0008111106170433439,0.0026584869692760755,6.370621729745411e-05,0.0001110972925971335,4.7391075299679395e-05,1.5000656318746888e-06
98,02 NP-CT-L6b Glut,0.00010213941111890278,0.0006809294074593517,0.0022318065115782245,0.00020610658727713259,0.0005829287463854156,0.00037682215910828305,1.0013182603554243e-05
98,03 OB-CR Glut,0.004112417746643133,0.0166873221022294,0.0898587587763115,0.0029503785646703027,0.010957958684479113,0.008007580119808809,0.008567238756284233
98,04 DG-IMN Glut,0.00031406507832158585,0.0020468427016539286,0.006862507617568591,-0.0003174299023908067,-0.00048527011517854053,-0.00048527011517854053,-3.965021515574026e-05
98,05 OB-IMN GABA,0.002759998372934158,0.015957638009643168,0.06030759599239336,-0.0012844976009862808,-0.0055838858379066375,-0.0055838858379066375,-0.004009476843070481
98,06 CTX-CGE GABA,0.00023510632712523817,0.0015504032634346078,0.005137212228299592,-0.00030940179774768416,-0.0009298984475443146,-0.0009298984475443146,-5.6877721771730366e-05
98,07 CTX-MGE GABA,0.0002281138494026653,0.0015056636938890983,0.004984422456532291,-0.0003173128228334551,-0.0009973307621956604,-0.0009973307621956604,-5.9187939472595903e-05
98,09 CNU-LGE GABA,0.00020212227113908937,0.0013474818075939296,0.004416491106827178,0.00024241117404152188,0.0005747298366129892,0.0003323186625714674,1.747476136680558e-05
98,11 CNU-HYa GABA,0.00013742848442266183,0.0009161898961510788,0.0030028936240269768,0.00013789372180110116,-0.0005591546085435111,-0.0006970483303446123,-2.492194890143618e-05
98,12 HY GABA,0.0003027184394216059,0.0020170231737223873,0.006614576850158719,0.0006569180697260246,0.0006195978970460282,-3.732017267999636e-05,-2.939171131172656e-06
98,13 CNU-HYa Glut,0.00040005612476591074,0.0026446554049905906,0.008741462815072685,0.0005864072894358701,0.00046932470126215953,-0.00011708258817371054,-1.2185843346915895e-05
98,14 HY Glut,0.00039184740960708964,0.0020099452112324573,0.00856209753635749,-0.0005137111187690899,-0.002209249025234026,-0.002209249025234026,-0.00022521847064862024
98,16 HY MM Glut,8.448801052216896e-05,0.0005632534034811264,0.0018461129741012337,-0.0001185648403347704,7.264686754168492e-05,7.264686754168492e-05,1.5968139914954098e-06
98,19 MB Glut,0.00022182593150543598,0.0013849146892820922,0.004847027733441817,-5.498602783872037e-05,-0.0005357567194023859,-0.0005357567194023859,-3.091877603702851e-05
98,20 MB GABA,0.0001504483115203059,0.001002988743468706,0.003287384542643278,0.00013051383697958047,0.00024932588716311245,0.00011881205018353199,4.650398404166689e-06
98,21 MB Dopa,0.0003103116922890884,0.001955646124929544,0.006780493913984154,0.0004535220442238011,0.0016922582470478534,0.0012387362028240523,0.00010000444937304199
98,22 MB-HB Sero,0.00039172825845388957,0.002576775936059053,0.008559494013225128,-0.00022312904324039585,-0.0006210969352918069,-0.0006210969352918069,-6.329751217162336e-05
98,23 P Glut,0.0001692117411129823,0.0011280782740865488,0.003697376571045767,6.674012931500926e-05,-0.0001091032487571306,-0.00017584337807213986,-7.741032046088023e-06
98,24 MY Glut,4.970323048777391e-05,0.0003313548699184928,0.0010860449676957055,-0.0003019027682036729,-0.001025474565923858,-0.001025474565923858,-1.3260254612280315e-05
98,26 P GABA,0.0001459994154306788,0.0009733294362045254,0.0031901735331671607,4.3386103476865756e-05,-0.000385320158591544,-0.0004287062620684098,-1.6283707665032574e-05
98,30 Astro-Epen,0.0008965192343462685,0.005243056667095808,0.01958947523830819,-0.0003023810508614875,-0.002778800243847603,-0.002778800243847603,-0.0006481257745893713
98,31 OPC-Oligo,0.0004400433194824012,0.0028415899161750714,0.009615206657634292,0.0002938427695798787,6.132198649220844e-05,-0.0002325207830876703,-2.6619479661635234e-05
98,33 Vascular,0.031921680168354546,0.11594707248419124,0.6975075818414066,-0.004724624633434916,-0.007802481444560792,-0.007802481444560792,-0.06479788628966872
98,34 Immune,0.0016757128123147669,0.010194317531818348,0.036615315528943995,0.0008229807758843361,0.002208302873313681,0.001385322097429345,0.0006039384845747574
99,01 IT-ET Glut,2.2169564100565393e-05,0.00014779709400376925,0.0006361985171535894,-0.00033290861696467665,-0.0009699056445397483,-0.0009699056445397483,-3.6807055644685693e-06
99,02 NP-CT-L6b Glut,2.0297964756007354e-05,0.00013531976504004903,0.0005824893543431628,-0.00014361991243131585,-0.00011296627526604371,-0.00011296627526604371,-3.9250549428411685e-07
99,03 OB-CR Glut,0.0002528036391321912,0.0016853575942146078,0.007254689339734443,0.00027766538483712714,0.0027230359083967315,0.002445370523559604,0.00010582113886501484
99,04 DG-IMN Glut,5.0971108783517524e-05,0.00033980739189011684,0.001462714543175034,-0.00037858026197518774,-0.0007658453823250118,-0.0007658453823250118,-6.682048383687395e-06
99,05 OB-IMN GABA,0.00027432082577583187,0.0018272625313446875,0.007872166624082676,-0.0014440352993869087,-0.007383845782997443,-0.007383845782997443,-0.00034672554053477014
99,06 CTX-CGE GABA,6.895057203046581e-05,0.0004596704802031054,0.001978670012801712,-3.2721480113473365e-05,0.00044321165617702455,0.00044321165617702455,5.231105560958837e-06
99,07 CTX-MGE GABA,6.027274423743758e-05,0.00040181829491625057,0.0017296429616158943,-0.00021218268099545753,-0.0002822617985699468,-0.0002822617985699468,-2.9121752521828565e-06
99,09 CNU-LGE GABA,2.7718607363622074e-05,0.0001847907157574805,0.0007954390452742005,0.00015334548003029678,0.0011598487552537402,0.0010065032752234434,4.775634005911107e-06
99,11 CNU-HYa GABA,0.00025666248728174415,0.0017084001930621684,0.007365426450285202,0.00013457248573381847,0.000819583549927945,0.0006850110641941265,3.009569810365165e-05
99,12 HY GABA,0.00012337902867164528,0.0008225268578109687,0.0035405998391618843,0.0002009103973954557,0.0010304886083574768,0.000829578210962021,1.7520363825372327e-05
99,13 CNU-HYa Glut,6.39336086934651e-05,0.0004262240579564339,0.001834698547186275,0.00023248873119716766,0.0015473648041928255,0.0013148760729956579,1.4389923263965218e-05
99,14 HY Glut,0.00010972661392485006,0.0007315107594990005,0.0031488173946322058,-0.0002503107512637051,-0.0010227310063523534,-0.0010227310063523534,-1.920957856434943e-05
99,16 HY MM Glut,3.826239047266936e-05,0.0002550826031511291,0.0010980132929561328,0.0001353806326350476,0.0007732526316436474,0.0006378719990085998,4.177823365159813e-06
99,19 MB Glut,8.258750129766428e-05,0.0005505833419844286,0.002370008071545898,-0.00025321588234945993,-0.0005941536085370743,-0.0005941536085370743,-8.399578681758759e-06
99,20 MB GABA,0.00010649682592515863,0.0007094103499916279,0.003056132381665634,-0.00034945903571993443,-0.0010790992041011956,-0.0010790992041011956,-1.967172629573695e-05
99,21 MB Dopa,0.00010951893289275277,0.0007301262192850186,0.0031428575857671386,-0.0003174146461441116,-0.0009493056948254804,-0.0009493056948254804,-1.779671012381367e-05
99,22 MB-HB Sero,0.00010906262749301502,0.0007270841832867669,0.003129763019840381,-0.00011491976488274197,0.0013145937551101961,0.0013145937551101961,2.454211337612503e-05
99,23 P Glut,8.180323165165245e-05,0.000545354877677683,0.0023475019372990557,-0.0003743045961952304,-0.0006632278802654028,-0.0006632278802654028,-9.287047615907524e-06
99,24 MY Glut,3.0408233191622775e-05,0.00020272155461081848,0.0008726230600662821,-0.0002274714653073157,-0.0008451845639971395,-0.0008451845639971395,-4.399336487609391e-06
99,26 P GABA,0.0001389058463181876,0.0009260389754545839,0.003986171899940133,-0.0004620052661748714,-0.0012297186671385478,-0.0012297186671385478,-2.9239552890044195e-05
99,30 Astro-Epen,0.000213713348489201,0.0014247539594779944,0.006132917850256264,-8.686449301595547e-05,-0.0005600203048053194,-0.0005600203048053194,-2.0487070383022634e-05
99,31 OPC-Oligo,0.00014608590813799979,0.000973906054253332,0.0041922176598889775,-4.987191686026247e-05,-8.626588137019017e-05,-8.626588137019017e-05,-2.157207022348536e-06
99,33 Vascular,0.032204132241504486,0.18130938484138745,0.924159856518818,0.002052503858998301,0.0019485813352871494,-0.0001039225237111517,-0.0005728827204477522
99,34 Immune,0.00025474443018786124,0.0016982962012524077,0.0073103840925099715,-0.0004651294441965232,-0.002556125689473084,-0.002556125689473084,-0.00011146315691375287
100,01 IT-ET Glut,2.18770447973118e-06,1.45846965315412e-05,4.575686809645857e-05,-0.0006642858536226998,-0.0007978468844027172,-0.0007978468844027172,-2.536483582382964e-07
100,02 NP-CT-L6b Glut,3.7834054788907596e-06,2.5222703192605063e-05,7.913170497063449e-05,-0.0003406531928592311,-0.0002600621215366248,-0.0002600621215366248,-1.429828125543201e-07
100,03 OB-CR Glut,7.75069847075038e-05,0.0005167132313833587,0.0016210950375945042,-0.0013581107197634997,-0.002212617239826405,-0.002212617239826405,-2.4921316437315818e-05
100,04 DG-IMN Glut,1.776001515332838e-06,1.1840010102218919e-05,3.714590696737101e-05,-0.0009456482578346638,-0.0011233022197943577,-0.0011233022197943577,-2.8991040003284836e-07
100,05 OB-IMN GABA,1.5977587724317313e-05,0.00010651725149544876,0.0003341787616995769,-0.0014949247383915854,-0.0025911064714406406,-0.0025911064714406406,-6.016172993539838e-06
100,06 CTX-CGE GABA,1.1525620554290399e-05,7.683747036193597e-05,0.0002410637745264846,-0.001094310971121482,-0.0015845925848262314,-0.0015845925848262314,-2.654029727578835e-06
100,07 CTX-MGE GABA,9.009963837203654e-06,6.00664255813577e-05,0.00018844763114597991,-0.0006687813476949163,-0.0009729090534257563,-0.0009729090534257563,-1.2738524852702049e-06
100,09 CNU-LGE GABA,3.523323529533965e-06,2.3488823530226424e-05,7.369196868026908e-05,-0.0006386061704098612,-0.0011447550882525432,-0.0011447550882525432,-5.861232550549521e-07
100,11 CNU-HYa GABA,2.9332634709615274e-06,1.9555089806410184e-05,6.135058504311291e-05,-3.4065094018167485e-05,-0.00011251754778874937,-0.00011251754778874937,-4.7961767393947954e-08
100,12 HY GABA,6.638498243055823e-06,4.425665495370549e-05,0.00013884731291650607,0.0001594447421841936,-1.3545830720516065e-05,-0.00017299057290470966,-1.6688454834823386e-07
100,13 CNU-HYa Glut,3.813870762314764e-07,2.542580508209843e-06,7.976890070162494e-06,0.00018949519957187007,6.377715996248129e-06,-0.00018311748357562193,-1.0148915346845405e-08
100,14 HY Glut,3.43960154046036e-06,2.2930676936402406e-05,7.194088390336868e-05,0.0001075074104538954,0.0001466307859390881,3.9123375485192714e-05,1.9555471815384957e-08
100,16 HY MM Glut,4.148796269975245e-06,2.7658641799834962e-05,8.677402521370857e-05,-0.00031332209662706295,-0.0002819547073023812,-0.0002819547073023812,-1.6999075575049577e-07
100,19 MB Glut,3.972009603412074e-06,2.6480064022747164e-05,8.307644893771284e-05,-9.00554142740471e-05,-0.00011913036118289099,-0.00011913036118289099,-6.876328160425468e-08
100,20 MB GABA,5.027031713603739e-06,3.351354475735827e-05,0.00010514273256155003,-0.00010155976914592259,-3.430837311791833e-05,-3.430837311791833e-05,-2.5063146674494643e-08
100,21 MB Dopa,4.610560781125902e-06,3.073707187417267e-05,9.643204713764893e-05,-0.00023219843046630355,-0.0002738770003442604,-0.0002738770003442604,-1.834987712177003e-07
100,22 MB-HB Sero,5.899378177684326e-06,3.9329187851228844e-05,0.00012338826913249138,-4.091906832904111e-05,3.202435145770422e-05,3.202435145770422e-05,2.745430327569972e-08
100,23 P Glut,7.567163411490499e-06,5.044775607660333e-05,0.00015827078167635536,6.084077919548387e-06,0.00010041591646311444,9.433183854356606e-05,1.0373259863450864e-07
100,24 MY Glut,0.0,0.0,0.0,-0.0001995552367080592,-0.00025515761790343176,-0.00025515761790343176,-0.0
100,26 P GABA,5.131398766284941e-06,3.420932510856628e-05,0.00010732561855341702,2.342518583058747e-05,0.00013064934548170397,0.0001072241596511165,7.995622156022064e-08
100,30 Astro-Epen,4.131834363888158e-05,0.00027545562425921054,0.0008641925897051528,-0.0006066903536324389,-0.0008679149656220566,-0.0008679149656220566,-5.211274218372964e-06
100,31 OPC-Oligo,3.0886923247024576e-05,0.00020591282164683056,0.0006460145261910352,-0.0005188305330558644,-0.0008007406179502661,-0.0008007406179502661,-3.594101633281294e-06
100,33 Vascular,0.00013481737334465027,0.0008987824889643353,0.002819768769683272,-0.00027200686565251813,8.47610592434983e-05,8.47610592434983e-05,1.6606040124748244e-06
100,34 Immune,0.047429437257910045,0.1450830125555736,0.9920089868655932,0.017810163444808152,0.030716451258464266,0.012906287813656114,0.08895557345305018
101,01 IT-ET Glut,0.002063037189831748,0.01169622036328031,0.01673683705517154,0.001917627365311805,0.009292261971762016,0.007374634606450211,0.0006382805518547668
101,02 NP-CT-L6b Glut,0.07199735054998437,0.31948353716686867,0.5840941358199307,0.00647485857886589,-0.00801463888632019,-0.014489497465186081,-0.0437657007065965
101,03 OB-CR Glut,0.0012405213149485,0.007621723054154945,0.010063998465026928,0.0024005538016726316,0.010628550389953143,0.008227996588280512,0.0004282154983688325
101,04 DG-IMN Glut,0.0007866726774643663,0.004910138142733066,0.006382052870094119,2.719536809597744e-05,-0.00014192066565274245,-0.00016911603374871988,-5.5813968008333016e-06
101,05 OB-IMN GABA,7.20748519994756e-05,0.0004804990133298373,0.0005847228831532641,0.0017540754513120681,0.007412704664137411,0.0056586292128253425,1.7110355953064943e-05
101,06 CTX-CGE GABA,0.0016073467257800575,0.009537511319464015,0.013039949242378083,0.002011821449112766,0.00947929017065656,0.007467468721543793,0.0005035551360239322
101,07 CTX-MGE GABA,0.00212076167306146,0.010808879067088818,0.01720513945644258,0.0022267561034190844,0.010187837212985646,0.007961081109566562,0.0007083174850274072
101,09 CNU-LGE GABA,0.0011940433367853113,0.007487204832724722,0.009686935777545974,-0.0004071156078850819,-0.0014708367315928892,-0.0014708367315928892,-7.367982817018648e-05
101,11 CNU-HYa GABA,0.002376741515160886,0.011620091834807686,0.019281831494638964,-0.0003198032020118289,-0.0015014151089197477,-0.0015014151089197477,-0.000149708611329509
101,12 HY GABA,0.0029608539460104994,0.01634521392134992,0.024020570391453246,0.0007833308452193762,0.0027708419482093344,0.001987511102989958,0.0002468826646808497
101,13 CNU-HYa Glut,0.0019094787085109808,0.010774198236443974,0.015491060540345412,0.001314444557571807,0.007059813506100682,0.005745368948528875,0.0004602531726500576
101,14 HY Glut,0.003296249014008927,0.01656336955919503,0.02674153568954158,0.00104010520196105,0.00369774700257398,0.0026576418006129298,0.0003675196012844664
101,16 HY MM Glut,0.0038330050389890117,0.018091255773456875,0.0310960854634145,-0.0003066842518968237,-0.0011813114820936519,-0.0011813114820936519,-0.00018996249422775243
101,19 MB Glut,0.0036501281590164032,0.017866672059626172,0.029612457074965848,-9.414564497816493e-05,-0.0007268159633470864,-0.0007268159633470864,-0.00011130037262983524
101,20 MB GABA,0.0033265927944631435,0.016382087546088858,0.026987706195630002,0.0007268029904009522,0.0025471034152653093,0.0018203004248643572,0.0002540427239615604
101,21 MB Dopa,0.0012010864543607648,0.007347899007908784,0.009744074597825989,-9.74084523945289e-05,-8.559102711369424e-05,-8.559102711369424e-05,-4.312871860195231e-06
101,22 MB-HB Sero,0.00716171172991618,0.023404961884432224,0.058100941103002304,0.0041751428681978025,0.006331917375605244,0.0021567745074074418,0.0006480158454392615
101,23 P Glut,0.0021597944402663026,0.012123890048832135,0.017521801253786707,0.000530288457078546,0.002028817411128596,0.0014985289540500502,0.00013578181367970504
101,24 MY Glut,0.006470772349848995,0.025895237341099175,0.0524955453902237,0.0016197662166321073,0.00528221124806396,0.003662445031431853,0.000994240120283363
101,26 P GABA,0.002512924566147845,0.014156905203473461,0.02038664605895166,7.315854936826731e-05,-0.00010552414977497134,-0.00017868269914323866,-1.8837618792506943e-05
101,30 Astro-Epen,0.00034307480976189286,0.0022870146845122255,0.002783268870294609,-7.404758548790002e-05,-0.0003326043081071323,-0.0003326043081071323,-4.787190932358465e-06
101,31 OPC-Oligo,0.0005647692022832076,0.003720389413407535,0.004581812755961106,-1.820458116612046e-05,0.0003070725791564377,0.0003070725791564377,7.2757218977573785e-06
101,33 Vascular,0.00025681537272569544,0.001711136339540265,0.0020834704617824448,7.849177558646787e-05,0.0016317900899572913,0.0015532983143708235,1.67355479107718e-05
101,34 Immune,0.00015745909480011073,0.0010497272986674051,0.0012774210884386383,0.00012925945297915324,0.000747177425245228,0.0006179179722660748,4.081902483622626e-06
102,01 IT-ET Glut,0.0010694449699327707,0.006713870530695549,0.004570074309094875,4.637409739758832e-05,0.001440264140952685,0.0013938900435550967,7.394095905130423e-05
102,02 NP-CT-L6b Glut,0.0021945060607834062,0.011031046840451664,0.009377813773970721,0.00011399988711683872,0.0010455188555561342,0.0009315189684392955,0.0001013973508584129
102,03 OB-CR Glut,0.0037977988505998803,0.018514317402783937,0.016229187518949792,-0.0023893711663419675,-0.009857283473269148,-0.009857283473269148,-0.001856894910855551
102,04 DG-IMN Glut,0.0018586746112594925,0.011903002228024278,0.007942700492964958,-0.002497384402186958,-0.014041991833631019,-0.014041991833631019,-0.0012945839070296235
102,05 OB-IMN GABA,0.0037703978331696947,0.009779931851939401,0.01611209436378855,-0.007158737286339248,-0.017179163120584224,-0.017179163120584224,-0.0032128267108592697
102,06 CTX-CGE GABA,0.0023823600839027103,0.012275727054363464,0.010180573026718076,0.0005530703229349851,0.002345410006467471,0.001792339683532486,0.00021179994625135937
102,07 CTX-MGE GABA,0.0037337278049622826,0.016514092796982828,0.015955391813834048,0.00033886812873824997,0.0012983120960294962,0.0009594439672912463,0.00017768893796938292
102,09 CNU-LGE GABA,0.001460407151861619,0.008960402758607744,0.006240778528287216,0.00010838945577028232,0.0006262642160514634,0.0005178747602811811,3.751429744594048e-05
102,11 CNU-HYa GABA,0.015496816145731694,0.05175542360279339,0.06622276351893748,-0.0013962249420364748,-0.0019420047225069642,-0.0019420047225069642,-0.0014927630737382846
102,12 HY GABA,0.013977562793968477,0.054507541541493176,0.059730516692683464,0.00010565976343066455,-0.0020373087499523453,-0.00214296851338301,-0.0014857487145372634
102,13 CNU-HYa Glut,0.0020118648219705944,0.01169741670873148,0.00859733038609508,0.0001604890156987804,0.00011395091491882597,-4.653810077995443e-05,-4.644142893426143e-06
102,14 HY Glut,0.021227745862748015,0.0878358341970701,0.090712826498626,0.003753054886552189,0.01026931366277104,0.006516258776218851,0.0068612038663899855
102,16 HY MM Glut,0.004641566818272963,0.022661662617699904,0.019834873103821316,3.243590540735622e-06,0.00037781318028872184,0.00037456958974798623,8.62373183740039e-05
102,19 MB Glut,0.030291496642534655,0.10126939576134936,0.12944508084299447,0.005414568898929771,0.002796030402446019,-0.002618538496483752,-0.003934393697878418
102,20 MB GABA,0.0115125384959155,0.05522656206663431,0.04919669351098696,-0.00023386366905928173,1.4980801274059804e-05,1.4980801274059804e-05,8.554689667578632e-06
102,21 MB Dopa,0.005096042306084502,0.025552124675443887,0.021776989630949817,0.0002901601733609863,6.094469482916218e-05,-0.00022921547853182412,-5.7939545936835326e-05
102,22 MB-HB Sero,0.008491882336750666,0.03228366999997416,0.03628848084205812,0.0028598528384357453,0.002688134593024315,-0.00017171824541143028,-7.233001104706239e-05
102,23 P Glut,0.0291986730307418,0.11389951614334921,0.12477510225312766,-0.002129359343939113,-0.0007190867858312801,-0.0007190867858312801,-0.00104145987947929
102,24 MY Glut,0.029521838645359132,0.06983560985942383,0.12615609044276624,0.0025782946872323917,0.01702625849706248,0.01444796380983009,0.021156711724929753
102,26 P GABA,0.040427654367082705,0.16912868633624073,0.1727600669453674,0.0003892058001383619,0.012135715045866705,0.011746509245728343,0.023555129169136945
102,30 Astro-Epen,0.0005195658310090953,0.003368053286549988,0.0022202680109173483,-6.407087250636506e-05,-0.0001566112186380217,-0.0001566112186380217,-4.036096787791873e-06
102,31 OPC-Oligo,0.0006360466216602265,0.0041236368365769075,0.0027180270203325378,0.0003214832543288928,0.0013953037150517345,0.0010738204607228417,3.387807664435904e-05
102,33 Vascular,0.0004211238488763508,0.0027180666001136154,0.0017995944969641112,2.145599234229617e-05,0.0002535380165993916,0.00023208202425709543,4.8478532173273696e-06
102,34 Immune,0.0002706756251929566,0.0018001178551141212,0.0011566819757638277,-7.737785688862325e-05,-0.0006828916967162709,-0.0006828916967162709,-9.168517154692728e-06
103,01 IT-ET Glut,0.0010088511577112315,0.006325096164008507,0.00943677959471646,0.0005791929791805166,0.0022638263660016253,0.0016846333868211086,0.00011920090887560008
103,02 NP-CT-L6b Glut,0.0010805857048448286,0.006465221817654873,0.010107783543566881,0.0011423983719373385,0.00442824151357649,0.003285843141639151,0.00024903082763886355
103,03 OB-CR Glut,0.0014230749872799608,0.008961722438243565,0.013311423493017232,-0.0004761051725242634,-0.0027688807218205053,-0.0027688807218205053,-0.00027636249159738736
103,04 DG-IMN Glut,0.0011357725958237891,0.0068818571006177545,0.010624000948587854,-0.000395354604871595,-0.0023307058037923497,-0.0023307058037923497,-0.0001856632335504206
103,05 OB-IMN GABA,0.0015235017137830006,0.009795562205763378,0.014250813685697491,-0.0018474862087565218,-0.006528983750132991,-0.006528983750132991,-0.000697646791758509
103,06 CTX-CGE GABA,0.0016808501232433294,0.010194907450713385,0.015722648503258697,0.00046274380294597343,0.0021425134516874222,0.0016797696487414488,0.00019802762860257216
103,07 CTX-MGE GABA,0.001712695562894571,0.010416582940637322,0.016020530299585712,0.00047580956366957656,0.0019931032950702096,0.001517293731400633,0.0001822623236511608
103,09 CNU-LGE GABA,0.05046948244760108,0.25696216658869053,0.4720908317119138,0.003909864846601623,0.03172080894958722,0.027810944102985596,0.09844454361850982
103,11 CNU-HYa GABA,0.014006175233248026,0.04542725974337208,0.13101356689821098,-0.00441074460584798,-0.012800287030755078,-0.012800287030755078,-0.012574372755242933
103,12 HY GABA,0.003343749230760848,0.01840625581289248,0.03127738345692096,-0.0004648258669427174,-0.0036789959197150346,-0.0036789959197150346,-0.0008627998724448999
103,13 CNU-HYa Glut,0.0010354424577115689,0.006331464294870875,0.009685514242362069,0.0002531880621572135,-0.0011940052707712493,-0.0014471933329284628,-0.00010509924318701059
103,14 HY Glut,0.0022595469446023064,0.012968903425210277,0.02113577046241574,0.0008209237455144287,0.003589087916518706,0.002768164171004277,0.0004386925695271985
103,16 HY MM Glut,0.002476631422907648,0.013996782228947987,0.02316637563102069,5.246198785713018e-05,0.0007329541525034829,0.0006804921646463527,0.00011820383702557345
103,19 MB Glut,0.0022369414282818454,0.012483641048816637,0.02092431877946885,-6.610528944237123e-05,0.0001571558369135734,0.0001571558369135734,2.4656543531008252e-05
103,20 MB GABA,0.0020474159358202545,0.011843133310230609,0.019151499978331026,0.00017738603391589383,0.0007245061566446046,0.0005471201227287108,7.856621552140898e-05
103,21 MB Dopa,0.006861983386783286,0.031203594682309134,0.06418689646011688,-0.0004458866241826481,-0.0007605855422519203,-0.0007605855422519203,-0.0003660536946709606
103,22 MB-HB Sero,0.003320687820512518,0.015122572373883498,0.031061667348560088,-0.0010976504282481632,-0.004049217656819194,-0.004049217656819194,-0.0009430750120442478
103,23 P Glut,0.002192568843567707,0.012449873896335867,0.02050925824373513,0.00043604195436719787,0.002027060263504358,0.00159101830913716,0.0002446670482617031
103,24 MY Glut,0.0005067858628878716,0.003378572419252477,0.004740467861127179,0.00035065021461552065,0.002137117834356131,0.0017864676197406103,6.349897382855925e-05
103,26 P GABA,0.004070614753645804,0.020042855896344577,0.038076473374233644,0.00011360619998936682,0.0007075821435238174,0.0005939759435344506,0.00016958050531082935
103,30 Astro-Epen,0.0006248708660415034,0.003868154648459768,0.005845033326195699,-0.0003401307993964745,-0.002027511731887272,-0.002027511731887272,-8.885885628642414e-05
103,31 OPC-Oligo,0.0007217998568474214,0.004529074303951124,0.006751705748170126,0.00013512613665321962,0.0005565694818113361,0.00042144334515811647,2.1335511475809522e-05
103,33 Vascular,0.000733337467034359,0.004110175223555241,0.006859628392210992,-4.469038657159579e-05,-0.0015571641758792268,-0.0015571641758792268,-8.009130029148423e-05
103,34 Immune,0.00043293073360639275,0.0025205141915840535,0.0040496280165759,-4.789718757129568e-05,-0.0015435133497756681,-0.0015435133497756681,-4.686794093756945e-05
104,01 IT-ET Glut,0.022634038631491226,0.09458752973165595,0.06135719411469763,-0.005187860574368153,-0.009770422205012045,-0.009770422205012045,-0.007289654742727203
104,02 NP-CT-L6b Glut,0.024671327007524918,0.09896768524992527,0.06687995125013867,-0.004028338850288203,-0.008049246269103886,-0.008049246269103886,-0.006546049729148341
104,03 OB-CR Glut,0.012064829447748969,0.067897636540554,0.03270578858853357,-0.006716640102239489,-0.02433550449998198,-0.02433550449998198,-0.009678167107924324
104,04 DG-IMN Glut,0.03860311487924037,0.14069690684627534,0.10464676020222342,-0.006664692171239871,0.007745048535052856,0.007745048535052856,0.009855486524401016
104,05 OB-IMN GABA,0.005939430655177944,0.03416928206236662,0.016100829620989687,-0.0054595773254916226,-0.023528678534176978,-0.023528678534176978,-0.004606530254689376
104,06 CTX-CGE GABA,0.01917739083538555,0.08145273157424261,0.051986784650223536,-0.001563312600775188,-0.0013375268170830752,-0.0013375268170830752,-0.0008455194319369784
104,07 CTX-MGE GABA,0.017219120477760946,0.07818605344912158,0.04667823249927605,-0.0033771547280037582,-0.004621193059588068,-0.004621193059588068,-0.002622990107550083
104,09 CNU-LGE GABA,0.02300970200411099,0.08721356120735922,0.06237555636329534,-0.007733944614680547,-0.018935828656569863,-0.018935828656569863,-0.014362395603828668
104,11 CNU-HYa GABA,0.020790585539183587,0.08315661948623965,0.05635989287881972,-0.018315614083717766,-0.04089675483445139,-0.04089675483445139,-0.028027679615054514
104,12 HY GABA,0.01653175819583377,0.06902556107723835,0.04481490524928856,-0.01518917603325448,-0.03647328920300117,-0.03647328920300117,-0.0198758426626403
104,13 CNU-HYa Glut,0.013741801885504848,0.060124840228584796,0.037251787871455444,-0.01825765838585254,-0.04828927229443641,-0.04828927229443641,-0.02187388474137424
104,14 HY Glut,0.02103120439743198,0.08288480177962544,0.05701217143297322,-0.013809691082238148,-0.031982981726885955,-0.031982981726885955,-0.022172500314099623
104,16 HY MM Glut,0.02200327780066893,0.08383303462219742,0.05964730418445491,-0.023678481049816402,-0.05078238737490103,-0.05078238737490103,-0.03683257412431815
104,19 MB Glut,0.01832378535352611,0.07600529514311272,0.04967279914809801,-0.010471880961318254,-0.03544534289249332,-0.03544534289249332,-0.021409471826333026
104,20 MB GABA,0.014547376521653265,0.06482836997130531,0.03943556956984246,-0.007313255727529863,-0.023892045036660745,-0.023892045036660745,-0.011456964828840418
104,21 MB Dopa,0.013217393124239363,0.060698680557415674,0.035830201088633266,-0.00817167187741631,-0.024320617693796148,-0.024320617693796148,-0.010596244820692052
104,22 MB-HB Sero,0.01332617668973336,0.06222421248285011,0.036125095625714136,-0.006949846988532697,-0.018793288573811687,-0.018793288573811687,-0.008255434295960715
104,23 P Glut,0.018142412153943206,0.07557949797159469,0.04918112592993319,-0.011522025728011831,-0.029429227871878405,-0.029429227871878405,-0.017599708397520716
104,24 MY Glut,0.011115152691338554,0.04892233491982022,0.030131369500628565,-0.015557224846676092,-0.052776967348928595,-0.052776967348928595,-0.01933710431122373
104,26 P GABA,0.016240891267003198,0.070887895621532,0.044026412355714854,-0.007776158891104602,-0.01947216870564271,-0.01947216870564271,-0.01042451258378313
104,30 Astro-Epen,0.0012802261797204622,0.007944149537182945,0.003470484764063995,-0.00018930523536688014,-0.0015407523004889372,-0.0015407523004889372,-6.50206197026278e-05
104,31 OPC-Oligo,0.0024158307975440264,0.01453460663371613,0.0065489240168981585,0.0001403592502877601,0.0018431395434445647,0.0017027802931568045,0.00013559906792825517
104,33 Vascular,0.0016703546827702017,0.009248527753550508,0.0045280596264659235,-0.0006083600958688204,-0.0012014907654379942,-0.0012014907654379942,-6.615470112431688e-05
104,34 Immune,0.0011925465154353826,0.006151667501153,0.003232799467637658,-0.00016494097631231003,0.0002887003513455207,0.0002887003513455207,1.1348911666913628e-05
105,01 IT-ET Glut,4.3883610239682435e-05,0.0002925574015978829,0.0014846721296837575,-0.000606677932808057,-0.0003793193086933827,-0.0003793193086933827,-8.564981601623789e-06
105,02 NP-CT-L6b Glut,6.104270743473353e-05,0.00040695138289822356,0.0020651994207813882,-0.0005420457520292541,-0.0005310234394348969,-0.0005310234394348969,-1.6678869623552763e-05
105,03 OB-CR Glut,0.00026440824796368907,0.0017627216530912604,0.008945470859533412,-8.121564298227951e-05,-0.00039307284792240585,-0.00039307284792240585,-5.347701758323566e-05
105,04 DG-IMN Glut,0.00015740228431246274,0.0010382529339407278,0.0053252406397492295,0.00015524499795328662,0.0011455417691971876,0.000990296771243901,8.020390774239936e-05
105,05 OB-IMN GABA,0.00017416519953818906,0.001161101330254594,0.005892364285956955,-0.0010932249608318176,-0.0009890576300812157,-0.0009890576300812157,-8.863436021738303e-05
105,06 CTX-CGE GABA,8.978458491483057e-05,0.0005985638994322038,0.0030375958169853233,-0.0005257748786589294,-0.0002463743274811337,-0.0002463743274811337,-1.1381941939014092e-05
105,07 CTX-MGE GABA,4.659909224809278e-05,0.00031066061498728515,0.0015765424301108376,-0.0004465429745051277,-0.000149048534086772,-0.000149048534086772,-3.573751088258162e-06
105,09 CNU-LGE GABA,0.00010450386734929555,0.000696641750988173,0.003535579193467704,-0.00026130333711158436,-0.0009965157555035019,-0.0009965157555035019,-5.3584066230614926e-05
105,11 CNU-HYa GABA,7.619706671246207e-05,0.0005079804447497471,0.002577902335149011,-0.0006411818378531636,-0.0016027927797486157,-0.0016027927797486157,-6.283979582088282e-05
105,12 HY GABA,0.0001982091484131053,0.0013213943227540353,0.006705820165889308,-0.00027646064475595996,-0.0012958492303435682,-0.0012958492303435682,-0.00013215917095280684
105,13 CNU-HYa Glut,1.390387546223219e-05,9.269250308154794e-05,0.00047039649383048083,-0.0001728402525053276,-0.0005538841451525153,-0.0005538841451525153,-3.962542540673278e-06
105,14 HY Glut,0.00018325973912148327,0.0011721370452330653,0.00620005112798922,0.00016285849559374247,-0.0008812177855297215,-0.001044076281123464,-9.845061391057564e-05
105,16 HY MM Glut,9.638332085986197e-05,0.0006425554723990797,0.0032608445263604575,-0.00017060754848692596,-0.0008164368032253493,-0.0008164368032253493,-4.048961004833694e-05
105,19 MB Glut,0.00018958232911087057,0.0012091232681626562,0.006413957255889621,-0.000614096493580487,-0.0011519664513845876,-0.0011519664513845876,-0.00011237166626669698
105,20 MB GABA,9.146328747974592e-05,0.0005888094497416859,0.003094389752091071,-0.0007511051543359296,-0.0012517680681244136,-0.0012517680681244136,-5.8910106907065e-05
105,21 MB Dopa,7.777777548999619e-05,0.0005184646389233286,0.0026313809403579608,-0.0002958856494696396,-0.0008081132854538482,-0.0008081132854538482,-3.2340512607811374e-05
105,22 MB-HB Sero,0.00011851810021687105,0.0007823974071119941,0.004009709303632906,-0.0009698877954851297,-0.0011550214220016194,-0.0011550214220016194,-7.043586547295064e-05
105,23 P Glut,0.00011665243363271994,0.0007499305750522905,0.003946589994040034,-0.0006002297642126738,-0.0011149057296573638,-0.0011149057296573638,-6.691925321693281e-05
105,24 MY Glut,0.00016671498777493651,0.0011114332518329102,0.005640308411229927,-0.00014001019680097247,0.0005952266954615699,0.0005952266954615699,5.1059455661329896e-05
105,26 P GABA,0.00016665824499785488,0.0010779067717106934,0.005638388687231973,-0.0006697850683087317,-0.0012248405064891538,-0.0012248405064891538,-0.00010503292968433941
105,30 Astro-Epen,0.00026922794434796054,0.001786243727177986,0.009108531028379658,-0.00029255998669634774,-0.0012792628543848658,-0.0012792628543848658,-0.00017721442080874966
105,31 OPC-Oligo,0.026200959819869765,0.07401035303371771,0.8864319640763928,-0.027525871267199718,-0.05620153237188978,-0.05620153237188978,-0.7576776786897772
105,33 Vascular,0.0003729301319354492,0.0023986240724768845,0.012616987758750423,-0.0011487056846566333,-0.002306278473673447,-0.002306278473673447,-0.00044254593418244237
105,34 Immune,0.0002775508927822439,0.0018310104216938533,0.009390113366516498,-0.0007176735963395433,-0.0013754145955480225,-0.0013754145955480225,-0.00019642438052728972
106,01 IT-ET Glut,0.000398653107258964,0.0026265740378629073,0.0020214848451899875,0.00010541470073560094,0.0004924680986956275,0.00038705339796002664,2.726040892155431e-06
106,02 NP-CT-L6b Glut,0.0003768651943039462,0.002466222529427166,0.0019110029875425661,0.0005633245794886638,7.185814682035e-05,-0.0004914664326683138,-3.2722480576969746e-06
106,03 OB-CR Glut,0.0016321669179385646,0.009126791549995386,0.008276370180880031,-6.0867226971624524e-05,-0.0031617997393908427,-0.0031617997393908427,-9.117279284681348e-05
106,04 DG-IMN Glut,0.0008255749999765967,0.004647458167943729,0.004186314669651652,0.0002070413105300114,0.001947311129355993,0.0017402698188259814,2.5382795437807756e-05
106,05 OB-IMN GABA,0.17543556460163778,0.32129454822152825,0.8895963149214497,0.041262607130349925,0.014144163177948522,-0.027118443952401403,-0.08405213189083575
106,06 CTX-CGE GABA,0.0004703276539840474,0.0030253548737793064,0.0023849311782358712,2.5122851033002964e-05,0.00020766390908301182,0.00018254105805000885,1.516796809589526e-06
106,07 CTX-MGE GABA,0.00040956324965401783,0.0027088956301025376,0.0020768078493479344,-1.3926995452778091e-05,0.0006187672978120171,0.0006187672978120171,4.477284187995937e-06
106,09 CNU-LGE GABA,0.0004655428579803505,0.0030696283147126882,0.0023606684986463306,-0.0003864290277790247,-0.000766169635774857,-0.000766169635774857,-6.3016014586018685e-06
106,11 CNU-HYa GABA,0.0010548746849583473,0.006287038314985522,0.005349044445883753,0.0001285648662363706,0.00035647930291564817,0.00022791443667927758,4.247555221694641e-06
106,12 HY GABA,0.0009531295031822782,0.006133086776667877,0.004833116338749203,-0.00026059918568562896,-0.0007643066076974673,-0.0007643066076974673,-1.2870216582126828e-05
106,13 CNU-HYa Glut,0.00046837723806686426,0.003011590269445096,0.002375041035285494,6.036102488690674e-06,0.0004969710162999038,0.0004909349138112132,4.062431288409943e-06
106,14 HY Glut,0.0007176702175602015,0.0045911603166515335,0.0036391525419610968,-0.0004579236222499271,-0.0013979255453897518,-0.0013979255453897518,-1.7724553076310646e-05
106,16 HY MM Glut,0.00045950595920484205,0.003041725695818599,0.0023300566730655786,-9.852490878160828e-05,0.00031679463678830645,0.00031679463678830645,2.571788776840078e-06
106,19 MB Glut,0.000901605105487118,0.005684146183350827,0.004571847111940822,9.6772889644293e-05,0.0007685679116948793,0.0006717950220505863,1.0700879459136291e-05
106,20 MB GABA,0.0005396911580816434,0.0035683524293471064,0.002736658707231347,-1.5855652724322413e-05,0.00020367307144202992,0.00020367307144202992,1.9419821954221495e-06
106,21 MB Dopa,0.0008247690144504407,0.005105571615864539,0.004182227689023884,6.93933930147263e-05,0.0008205951738575876,0.0007512017808428614,1.0945995712735719e-05
106,22 MB-HB Sero,0.0007757110618885001,0.004494426657014062,0.003933465279213814,0.0005096327634142965,0.0022752656805574375,0.001765632917143141,2.4197290017251942e-05
106,23 P Glut,0.0009827466529543384,0.0059069419669716345,0.004983298585749852,0.00017023953205707947,0.0008945986724674474,0.000724359140410368,1.2576559397221925e-05
106,24 MY Glut,0.0004047486704842073,0.0026856329766368156,0.002052394145677949,0.0005805267466153248,0.002920792895509198,0.002340266148893873,1.6734664494697656e-05
106,26 P GABA,0.000894697960407194,0.0053841319990590095,0.004536822453037248,0.00016996304616821148,0.0010711391667260776,0.0009011761205578662,1.4244671907667848e-05
106,30 Astro-Epen,0.0009594061707315124,0.006048848039291495,0.00486494398062139,-0.00017237830981704476,-0.0007230427859013792,-0.0007230427859013792,-1.2255550757852333e-05
106,31 OPC-Oligo,0.004795818138471229,0.029096464576039566,0.024318570483157456,0.0002641214718481761,0.0008737401568009587,0.0006096186849527826,5.165201921156718e-05
106,33 Vascular,0.0009566458304771353,0.00610839358272533,0.004850946884172907,0.00012579420937202534,0.0012432820135304494,0.001117487804158424,1.888688357925358e-05
106,34 Immune,0.0015044053467618626,0.009877008429409782,0.007628518514284103,0.0002922838222333159,0.0033460038150167743,0.0030537199927834586,8.116343311891971e-05
107,01 IT-ET Glut,3.024108820121422e-05,0.0002016072546747615,0.001740672226048931,-0.00047389085016096634,-0.0010628478431475644,-0.0010628478431475644,-4.9346723110013374e-05
107,02 NP-CT-L6b Glut,3.91427939976502e-05,0.0002609519599843347,0.0022530529955905754,-0.0004096301049965859,-0.0011227980749044866,-0.0011227980749044866,-6.747506158226198e-05
107,03 OB-CR Glut,0.0005219334003438723,0.0034685330008716563,0.03004240349358123,0.000391617894060542,0.003287332608307154,0.0028957147142466117,0.002320388320257595
107,04 DG-IMN Glut,7.973838713979542e-05,0.0005315892475986361,0.0045897288788240825,-0.0008026753820591248,-0.0019486985776161947,-0.0019486985776161947,-0.000238562360419883
107,05 OB-IMN GABA,0.00015722161831996763,0.0010481441221331174,0.009049651339366986,-9.603347899007649e-05,-0.0004462570257596641,-0.0004462570257596641,-0.00010771771616485942
107,06 CTX-CGE GABA,7.510607353595625e-05,0.000500707156906375,0.004323093644704838,-0.00028156152054466965,-0.00021626426308732387,-0.00021626426308732387,-2.4937311251538244e-05
107,07 CTX-MGE GABA,6.533202352832919e-05,0.0004355468235221947,0.0037605008811413022,-0.0005176279515392872,-0.0011762375939231497,-0.0011762375939231497,-0.00011798070138766197
107,09 CNU-LGE GABA,6.748996572294428e-05,0.0004499331048196287,0.0038847116905735748,0.00023868823197697442,0.0011388539515466312,0.0009001657195696568,9.327204215626995e-05
107,11 CNU-HYa GABA,0.00023197171833801134,0.0015464781222534086,0.013352255205009761,-0.0009494937752392059,-0.002977689725118304,-0.002977689725118304,-0.0010604844137543103
107,12 HY GABA,0.00017747246984310626,0.001183149798954042,0.010215287131492773,-0.0008626633839628243,-0.003116046679768208,-0.003116046679768208,-0.000849033363086425
107,13 CNU-HYa Glut,2.4002416710836185e-05,0.00016001611140557454,0.0013815752875231437,-0.0012772004067872365,-0.004135122991740975,-0.004135122991740975,-0.0001523818391017784
107,14 HY Glut,0.0002937564248368613,0.0019583761655790756,0.016908573082248548,0.00014517671476241777,0.00027699885038590756,0.0001318221356234898,5.945187079730099e-05
107,16 HY MM Glut,0.00011881316612218215,0.0007920877741478809,0.006838866940956058,-0.0003585941891802076,-0.0009297318915740499,-0.0009297318915740499,-0.0001695946334032397
107,19 MB Glut,0.00011875045870994754,0.0007916697247329834,0.006835257512283454,0.0011923349255392535,0.0029850252169814086,0.0017926902914421551,0.00032683636404039565
107,20 MB GABA,0.00017819971831789093,0.0011879981221192728,0.010257147438009232,0.0009905530807481002,0.002518270605838147,0.0015277175250900468,0.00041796496728398874
107,21 MB Dopa,0.00018206484745683174,0.0012137656497122114,0.01047962365637417,0.00022536697762083326,0.00054721214824029,0.00032184517061945673,8.996278808832644e-05
107,22 MB-HB Sero,0.0005655530108932729,0.003630959206905768,0.032553141337709604,0.0023811095143443017,0.0058529924446090766,0.003471882930264775,0.003014589620419646
107,23 P Glut,0.0001276264010233153,0.0008508426734887688,0.007346155339838199,0.001268873417686055,0.0033948676898087407,0.0021259942721226855,0.0004165742496872323
107,24 MY Glut,0.00030091994920650644,0.002006132994710043,0.017320904405377497,-0.0004392942132391287,-0.0014816312075526643,-0.0014816312075526643,-0.0006845117459523563
107,26 P GABA,0.0001782145187438261,0.0011880967916255074,0.01025799934817158,0.0010960793841455689,0.0030296983330250432,0.0019336189488794744,0.0005290586063567179
107,30 Astro-Epen,0.01295091958276309,0.04962270304137617,0.7454528709255832,-0.004085264332362742,-0.010401088326920499,-0.010401088326920499,-0.20680888787950014
107,31 OPC-Oligo,0.00034944610805840207,0.0023254221421714497,0.02011406238925394,0.0010929882910430252,0.004033417672866012,0.002940429381822987,0.0015775414154719455
107,33 Vascular,0.00031921823624080325,0.0021077718219396787,0.018374150896143422,-0.0010400210177960272,-0.0028625558424614827,-0.0028625558424614827,-0.0014029153572884892
107,34 Immune,0.00022008945389968046,0.0014637519229649479,0.012668313954193891,-0.0005191511942775541,-0.0013687754098996965,-0.0013687754098996965,-0.00046251011526129813
108,01 IT-ET Glut,3.448845070971763e-05,0.00022992300473145092,0.0016163256043933854,0.0005551469631011902,0.0016579980069033951,0.0011028510438022049,3.6454864360506144e-05
108,02 NP-CT-L6b Glut,5.438523236201198e-05,0.0003625682157467466,0.0025488023311767785,0.0006231142199087804,0.001424108125571056,0.0008009939056622756,4.175179417165708e-05
108,03 OB-CR Glut,0.00010947463169930037,0.0007298308779953357,0.005130605945057939,-0.0020069299391712054,-0.004342620053666666,-0.004342620053666666,-0.0004556488400440585
108,04 DG-IMN Glut,7.566400483163172e-05,0.0005044266988775448,0.0035460470338220212,0.0002995463157326163,0.0014469167176150877,0.0011473704018824713,8.320662554579038e-05
108,05 OB-IMN GABA,0.0013915491635921398,0.009275672264374351,0.06521593451144592,-0.00027848328426659567,0.00037085482953493065,0.00037085482953493065,0.0004946151747770158
108,06 CTX-CGE GABA,0.00011754526723609438,0.0007836351149072956,0.005508841980409093,-0.0005828170341378201,-0.000826337714865128,-0.000826337714865128,-9.309528057864715e-05
108,07 CTX-MGE GABA,0.00010924508348566994,0.0007263881992471554,0.005119848005878344,0.0002868660520303839,0.0010837986291787193,0.0007969325771483354,8.344271452306834e-05
108,09 CNU-LGE GABA,5.267779314951724e-05,0.0003511852876634483,0.002468781986385735,-0.001848307013178646,-0.00420597056367373,-0.00420597056367373,-0.00021235316787121075
108,11 CNU-HYa GABA,0.00020881674765976384,0.0013921116510650926,0.009786344382629191,0.001131733397180441,0.004393840467521195,0.003262107070340754,0.0006528726588882965
108,12 HY GABA,0.00018593327064522614,0.001239555137634841,0.008713894067958399,0.0015795068537620834,0.006304540849761053,0.00472503399599897,0.0008420288834474803
108,13 CNU-HYa Glut,3.26645037412145e-05,0.00021776335827476329,0.0015308450413184938,0.0017731685333417855,0.006884147662613102,0.005110979129271316,0.00016000925925710506
108,14 HY Glut,0.00015836299863808816,0.001055753324253921,0.00742179379531057,0.0009285331198675363,0.003399806994759457,0.0024712738748919206,0.00037509349915603634
108,16 HY MM Glut,4.635012553281737e-05,0.0003090008368854492,0.002172231373803967,0.0002621053179832092,0.000976326343029457,0.0007142210250462478,3.172842308821908e-05
108,19 MB Glut,0.00013374555525786614,0.0008879443037994003,0.006268079922076307,-2.5933015215992624e-05,-0.0001789299249029538,-0.0001789299249029538,-2.2936507028150864e-05
108,20 MB GABA,0.0001807947301041516,0.0012052982006943444,0.008473072735749005,-3.242923784573999e-05,-6.0745897860584e-05,-6.0745897860584e-05,-1.0526104216353677e-05
108,21 MB Dopa,0.00017076905734426956,0.0011384603822951304,0.008003212499942566,6.948265933154221e-05,0.00041564179964487453,0.0003461591403133323,5.665652416920154e-05
108,22 MB-HB Sero,3.0127061422783284e-05,0.00020084707615188857,0.0014119260146718121,-0.0002158021316842794,-0.0003444587877086278,-0.0003444587877086278,-9.94624114365139e-06
108,23 P Glut,0.00013005315434977491,0.0008670210289984993,0.006095032945287882,-2.315216819474656e-05,4.179956219647713e-06,4.179956219647713e-06,5.210238046611357e-07
108,24 MY Glut,0.00028500542408755876,0.0018914293045216549,0.013356980521421868,-0.0003136491522546056,-0.0016679802743880014,-0.0016679802743880014,-0.0004556265031070537
108,26 P GABA,8.010487806237778e-05,0.0005340325204158518,0.0037541716947160388,-3.21046262454829e-05,-0.0001531213868699191,-0.0001531213868699191,-1.1756004951973926e-05
108,30 Astro-Epen,0.016993161706757118,0.060422422308137415,0.7963965269825718,-0.0013345174067829293,-0.0006868332092117814,-0.0006868332092117814,-0.011186401902579583
108,31 OPC-Oligo,0.00035730529851531846,0.002367604587070689,0.016745365207518757,-0.0005121241426734701,-0.0005589770462847897,-0.0005589770462847897,-0.00019142487562925835
108,33 Vascular,0.0002485096677472817,0.0016567311183152112,0.011646581120735798,0.000899453045972887,0.003567871749511903,0.0026684187035390158,0.0006355682700235374
108,34 Immune,0.00015082999579065716,0.0010055333052710477,0.007068754295718311,0.0001652334042590649,0.0010594457884711955,0.0008942123842121306,0.00012926868825358106
109,01 IT-ET Glut,2.8363710772562537e-05,0.00018909140515041691,0.0011337650930461239,-0.0005576026488426226,-0.0006570730621770233,-0.0006570730621770233,-9.555396602258538e-06
109,02 NP-CT-L6b Glut,2.39602376639932e-05,0.0001597349177599547,0.0009577477820991836,-0.0003094645512122306,-0.0001559508933570354,-0.0001559508933570354,-1.9158036431511345e-06
109,03 OB-CR Glut,0.00011216093320279944,0.0007477395546853299,0.0044833397113830204,-0.0003255823141951836,2.6060818662900882e-05,2.6060818662900882e-05,1.4986550266197531e-06
109,04 DG-IMN Glut,5.9563629962358576e-05,0.0003970908664157238,0.0023809001934882307,-0.0009300405040847311,-0.00193665434232446,-0.00193665434232446,-5.914326242968188e-05
109,05 OB-IMN GABA,0.00017587054165762198,0.00117247027771748,0.007029964542559444,-0.0009348673258127972,-0.0011843378182290973,-0.0011843378182290973,-0.0001067924880560557
109,06 CTX-CGE GABA,9.457218386815096e-05,0.0006304812257876732,0.003780275497188135,-0.00040474178073852,5.341829812324453e-05,5.341829812324453e-05,2.590153317247233e-06
109,07 CTX-MGE GABA,4.025536367958047e-05,0.00026836909119720313,0.00160910279031384,-0.0005345737972887217,-0.0006400010803663259,-0.0006400010803663259,-1.3209198542946171e-05
109,09 CNU-LGE GABA,8.436111772350757e-05,0.0005624074514900504,0.003372114856628345,0.0005079078661761205,0.001824289148362004,0.0013163812821858837,5.693719001374225e-05
109,11 CNU-HYa GABA,8.534188123628426e-05,0.0005689458749085618,0.0034113183107968015,-0.0009234914524127258,-0.001630295137503501,-0.001630295137503501,-7.133463633586092e-05
109,12 HY GABA,0.00019191949362726046,0.0012794632908484033,0.0076714793876745445,-0.0010570773739191916,-0.00200416505425422,-0.00200416505425422,-0.00019720802360002424
109,13 CNU-HYa Glut,7.677775967389437e-05,0.0005118517311592958,0.0030689899688566523,-0.0014967070326208291,-0.0026376378264708843,-0.0026376378264708843,-0.00010382994028766468
109,14 HY Glut,7.928435033333117e-05,0.0005285623355555413,0.003169184369194918,0.00014898809843433264,-0.00022855429530011567,-0.0003775423937344483,-1.5347060431937887e-05
109,16 HY MM Glut,5.7389656142330744e-05,0.0003825977076155383,0.002294001280644712,3.74819164986312e-05,0.0003666020746629769,0.00032912015816434574,9.68411887749048e-06
109,19 MB Glut,0.00011695565856665917,0.0007797043904443947,0.004674996307090011,0.00043401233163799956,0.00078316985109594,0.0003491575194579405,2.0937009230319396e-05
109,20 MB GABA,7.840015511707627e-05,0.0005226677007805086,0.0031338409799019375,0.00030772635753954124,0.0007308838052817081,0.0004231574477421668,1.700947531487244e-05
109,21 MB Dopa,5.019001564253624e-05,0.000334600104283575,0.0020062144975047463,1.3373619702915105e-05,0.00016962782211517264,0.00015625420241225754,4.020879366956227e-06
109,22 MB-HB Sero,7.939349135680955e-05,0.0005292899423787302,0.0031735469959200077,0.0018266022705048838,0.0037313958192128874,0.0019047935487080036,7.753625458296469e-05
109,23 P Glut,9.874807134283188e-05,0.0006583204756188791,0.003947195668150449,0.000989209453078243,0.0021549855476759327,0.0011657760945976898,5.902225170762598e-05
109,24 MY Glut,0.00015211897170342676,0.0010141264780228448,0.006080557705949089,-0.00041864456507529843,8.623766667877148e-05,8.623766667877148e-05,6.7259306437718975e-06
109,26 P GABA,0.00017140920978508722,0.0011406785982285609,0.006851634478974572,0.0007051446357861995,0.0011014802280996268,0.0003963355923134273,3.483126394893512e-05
109,30 Astro-Epen,0.00020192139265636462,0.0013461426177090975,0.008071279120308248,0.00080631377889509,0.002734248613724203,0.0019279348348291128,0.00019959363594330295
109,31 OPC-Oligo,0.02270252131549752,0.08582657009323659,0.9074738632769248,0.0023662468762902333,0.02658182687126765,0.024215579994977417,0.28186488463212217
109,33 Vascular,0.0001491816499849545,0.0009945443332330301,0.005963145959011111,-0.0012985190372465558,-0.0021806532132561366,-0.0021806532132561366,-0.00016679153988412033
109,34 Immune,0.00010661213996803562,0.0007107475997869042,0.004261541226391018,-0.0008767571275232853,-0.0011589369169993698,-0.0011589369169993698,-6.334881046157626e-05
110,01 IT-ET Glut,4.895683693647047e-05,0.00032637891290980303,0.0017372780512316278,-0.0010371861388298075,-0.0006568909650745803,-0.0006568909650745803,-1.898318011261011e-05
110,02 NP-CT-L6b Glut,4.38991417452661e-05,0.0002926609449684406,0.0015578011202178616,-0.001578818357118993,-0.002014563836065749,-0.002014563836065749,-5.2203472463822136e-05
110,03 OB-CR Glut,0.00044377479881876523,0.002958498658791768,0.015747753856688484,-0.006454414102861561,-0.00948331566990482,-0.00948331566990482,-0.0024841920753398325
110,04 DG-IMN Glut,3.774147135475613e-05,0.00025160980903170754,0.0013392905650928702,-8.536385188263261e-05,0.0009448412882979483,0.0009448412882979483,2.1049414461207587e-05
110,05 OB-IMN GABA,0.00024046704529141413,0.0016031136352760943,0.008533192623767855,0.0015553914394664903,0.002854135694730256,0.0012987442552637655,0.00018434931821324326
110,06 CTX-CGE GABA,0.0001252892474921285,0.0008324115046969353,0.00444600332341435,-0.002640329725153705,-0.0031907297545266085,-0.0031907297545266085,-0.00023597508555791506
110,07 CTX-MGE GABA,9.968369814544235e-05,0.0006645579876362824,0.0035373670296225054,-0.001486843742367348,-0.0012626809826260471,-0.0012626809826260471,-7.429851097857457e-05
110,09 CNU-LGE GABA,7.328101954553146e-05,0.000488540130303543,0.0026004438765832175,-0.0006555625252710588,-0.0017253236973510074,-0.0017253236973510074,-7.463188648505977e-05
110,11 CNU-HYa GABA,0.0001090975204204109,0.0007273168028027393,0.003871425106898225,0.0008771030331184763,0.0024442036142271533,0.001567100581108677,0.00010091926545144814
110,12 HY GABA,0.0003055349660430611,0.0020368997736204073,0.010842187191938272,0.0011654225888092873,0.003255183819179437,0.00208976123037015,0.000376894600717579
110,13 CNU-HYa Glut,0.0001458204418025372,0.000972136278683581,0.00517457149638129,0.0011773839190242364,0.002893481872242399,0.0017160979532181624,0.00014771439232498913
110,14 HY Glut,0.00018508593158087676,0.0012339062105391784,0.006567943246506598,0.0011926480510916118,0.003198524145156205,0.002005876094064593,0.00021914917539082754
110,16 HY MM Glut,5.281993880658604e-05,0.00035213292537724023,0.0018743637477061084,0.0002892358867269145,0.0010371216941680232,0.0007478858074411088,2.3318226399814416e-05
110,19 MB Glut,0.0002043285957512694,0.0013369396336939971,0.007250786751159995,-3.554513830301418e-05,-7.3198901313744435e-06,-7.3198901313744435e-06,-8.828685409652353e-07
110,20 MB GABA,0.00024975604529165374,0.0016650403019443582,0.00886282126867496,-7.054856876030265e-05,-0.0001826818452799862,-0.0001826818452799862,-2.6932317644130016e-05
110,21 MB Dopa,8.265064792163589e-05,0.0005510043194775728,0.0029329336930132735,4.379867348718696e-05,0.00022910612617722999,0.000185307452690043,9.040687917091995e-06
110,22 MB-HB Sero,0.00012066220032273109,0.0008044146688182073,0.0042818083305916155,-0.0003984841795187445,-0.0010857097663918482,-0.0010857097663918482,-7.7329876079504e-05
110,23 P Glut,0.00011008769700799019,0.0007339179800532679,0.003906562427037539,-0.00010935533963781029,0.00010373913406003414,0.00010373913406003414,6.741301237568216e-06
110,24 MY Glut,0.00013764515239186788,0.0009176343492791192,0.0048844638884479475,5.994512640620242e-05,0.0003719384404416507,0.00031199331403544825,2.534944978689127e-05
110,26 P GABA,0.00011916847622477002,0.0007944565081651334,0.004228802167359481,-9.051701038640167e-05,0.000183310254126842,0.000183310254126842,1.2894677204209717e-05
110,30 Astro-Epen,0.024588844789295447,0.06868007530307815,0.8725576044264733,0.01976519693206251,0.03888243093621489,0.019117234004152384,0.2774760547320446
110,31 OPC-Oligo,0.00033655591837052323,0.00222691148511039,0.011942994004207138,-0.0019504528027837814,-0.002456231997296269,-0.002456231997296269,-0.0004879653068674726
110,33 Vascular,0.00023474516828374115,0.0015641626065106525,0.008330146594667229,0.0002645205997616827,0.0020420920428913577,0.001777571443129675,0.00024631227519607307
110,34 Immune,8.429979583774084e-05,0.0005619986389182722,0.0029914552123181536,-0.0005410702795063489,-0.0003084180814232184,-0.0003084180814232184,-1.5347183406753788e-05
111,01 IT-ET Glut,8.730132399510979e-05,0.0005820088266340652,0.002617684880175156,0.00018624772683966022,0.0013808835058036488,0.0011946357789639887,3.520787116236621e-05
111,02 NP-CT-L6b Glut,0.00010433278007087982,0.0006955518671391988,0.003128364249246441,0.00040479441388785263,0.0019356206960141164,0.0015308262821262639,5.3917544845405865e-05
111,03 OB-CR Glut,0.0006527642862741663,0.004338749711205396,0.019572798261271816,-0.0009806450869313831,-0.004706000549235332,-0.004706000549235332,-0.0010370310921829784
111,04 DG-IMN Glut,0.000292195989659701,0.0018604980387494328,0.008761345065314936,5.3210485866837825e-05,-0.00046864927783711537,-0.0005218597637039532,-5.1476793035328933e-05
111,05 OB-IMN GABA,0.000904729902745127,0.005495295394742255,0.027127856470892917,-0.0012422243405948252,-0.005685565061000025,-0.005685565061000025,-0.001736504834874207
111,06 CTX-CGE GABA,0.00019327230368079612,0.0012871405929347826,0.005795169694450233,-0.00014832576890801125,0.0006668092495909789,0.0006668092495909789,4.350655114493854e-05
111,07 CTX-MGE GABA,0.00020214064019536348,0.0013407884081724627,0.006061082161113265,-3.8051002521954385e-05,0.00037190941825378704,0.00037190941825378704,2.5378984001157215e-05
111,09 CNU-LGE GABA,0.0001871699387768733,0.0012477995918458223,0.005612193450662623,0.0005370635195975504,0.0016328470197028752,0.0010957835001053247,6.923796160116088e-05
111,11 CNU-HYa GABA,0.00024651605795018296,0.0016434403863345535,0.007391656026347587,-0.0002151262315531304,-0.00064042943191198,-0.00064042943191198,-5.329665039654586e-05
111,12 HY GABA,0.0002570839391666457,0.0017138929277776378,0.007708528458630184,-9.145226875231843e-05,-0.0006018017158620066,-0.0006018017158620066,-5.2229009052080745e-05
111,13 CNU-HYa Glut,0.00023310301772252957,0.001554020118150197,0.006989472978091914,-0.0002070058214909545,-0.001089459949187187,-0.001089459949187187,-8.573192665472196e-05
111,14 HY Glut,0.00032620303781212876,0.0021615762549673087,0.009781028750444214,0.0007203466323673364,0.0016227836686758684,0.000902437036308532,9.937756020950064e-05
111,16 HY MM Glut,0.0001971442563620418,0.0013142950424136117,0.005911268185591309,7.745979272576474e-05,-9.019059039090193e-05,-0.00016765038311666668,-1.1157633646892272e-05
111,19 MB Glut,0.00030453962906154395,0.0020267162504889933,0.009131462684955488,0.0002514256487749699,0.0012482072021758341,0.0009967815534008642,0.00010247719401442229
111,20 MB GABA,0.00019918458137519065,0.0013278972091679377,0.00597244627193811,-7.183988865577122e-05,8.79781959274574e-05,8.79781959274574e-05,5.915809601167947e-06
111,21 MB Dopa,0.00018846171983883907,0.0012559015610195303,0.005650926835216949,0.00040574915946628377,0.0013943602563591963,0.0009886110968929124,6.289730676905961e-05
111,22 MB-HB Sero,0.00011753828122816682,0.0007835885415211124,0.003524324346214753,0.0007098316068627215,0.0027929904173714173,0.0020831588105086956,8.265804591579632e-05
111,23 P Glut,0.00025536682992808153,0.0016995154374994275,0.0076570418294966995,0.00032845109712186356,0.0005088110913020054,0.00018035999418014186,1.5548486340425198e-05
111,24 MY Glut,0.00046130821694009735,0.002966353888754249,0.01383208741086556,0.00014546673290578074,0.0016626812396043605,0.0015172145066985798,0.00023627708025339845
111,26 P GABA,0.00024943707159094046,0.0016629138106062696,0.0074792411040106085,0.0003341972738181353,0.0009243351081370578,0.0005901378343189225,4.9693304384175986e-05
111,30 Astro-Epen,0.0005359863682654557,0.0035697079879116796,0.016071273011473094,0.0004660740427410462,0.0012531573496164313,0.0007870833068753851,0.00014241569860495203
111,31 OPC-Oligo,0.02647209653799011,0.1112080626908378,0.7937520725105547,-0.0029246654813692746,-0.00012535318259129254,-0.00012535318259129254,-0.001120229799409265
111,33 Vascular,0.000372940677755466,0.0024862711850364406,0.011182432621725679,-0.00019647771314668086,0.00013798071277752735,0.00013798071277752735,1.7371669506668218e-05
111,34 Immune,0.0003097683357710277,0.0020651116670419973,0.009288242741315832,6.014546921378945e-05,0.0007175645103209791,0.0006574190411071897,6.874841970636724e-05
112,01 IT-ET Glut,1.7415976389857937e-05,0.00011610650926571959,0.0005539361327384267,-0.0002518547272064533,-0.0006708779031604463,-0.0006708779031604463,-2.8367890100577014e-06
112,02 NP-CT-L6b Glut,1.7829049006826895e-05,0.0001188603267121793,0.0005670744054864981,0.0002613311134229279,0.0006952437446590376,0.00043391263123610966,1.8783053357456347e-06
112,03 OB-CR Glut,0.00015160984375206104,0.0010082384130506096,0.004822133921931601,-0.0007802186155267473,0.00122809604788662,0.00122809604788662,4.5205934846117427e-05
112,04 DG-IMN Glut,2.05852549225896e-05,0.000137235032817264,0.0006547388586203152,7.833961841319005e-05,0.0009113412176754635,0.0008330015992622734,4.163300949830357e-06
112,05 OB-IMN GABA,7.378406739309986e-05,0.0004918937826206657,0.002346791246986674,-0.0022504800759336947,-0.006439153262642028,-0.006439153262642028,-0.00011535251699644133
112,06 CTX-CGE GABA,3.088508774994174e-05,0.00020590058499961165,0.0009823374632875945,-0.0006892811450689091,-0.0008176841595574561,-0.0008176841595574561,-6.1315481767401754e-06
112,07 CTX-MGE GABA,2.188674454872493e-05,0.00014591163032483292,0.000696134305775401,-0.000600206539207175,-0.0013270377630959413,-0.0013270377630959413,-7.0518030036726305e-06
112,09 CNU-LGE GABA,2.1215859658358455e-05,0.00014143906438905636,0.0006747960027504461,0.00019287722237935995,9.773355444966243e-05,-9.514366792969752e-05,-4.900904556241871e-07
112,11 CNU-HYa GABA,4.395553906402384e-05,0.00029303692709349235,0.0013980589302898582,0.0001450776846335124,0.0002635865697466989,0.00011850888511318649,1.2647370575516901e-06
112,12 HY GABA,3.9978906198890804e-05,0.00026652604132593866,0.0012715773261970144,0.0007659998207660224,0.0024005238433657716,0.0016345240225997494,1.586565245060459e-05
112,13 CNU-HYa Glut,6.75460821580003e-05,0.00045030721438666873,0.002148384603577195,0.0009332129814523814,0.0031204765157940443,0.002187263534341663,3.5870464229789023e-05
112,14 HY Glut,4.0699188782474216e-05,0.0002713279252164948,0.0012944867824283277,-1.6482094940269668e-05,-0.0004610721167055815,-0.0004610721167055815,-4.556069421416709e-06
112,16 HY MM Glut,3.06993873865904e-05,0.0002046625825772694,0.000976431039276658,1.9301419933589553e-05,-0.00023384279636911223,-0.0002531442163027018,-1.8868328956095248e-06
112,19 MB Glut,4.495655494269965e-05,0.00029971036628466434,0.0014298974475358015,-0.000367793147784377,-0.0014185846845464888,-0.0014185846845464888,-1.548403024975353e-05
112,20 MB GABA,6.99366197711499e-05,0.00046511800272011085,0.0022244185353506086,-0.000659303375200716,-0.0020222843935262316,-0.0020222843935262316,-3.43386003293824e-05
112,21 MB Dopa,2.5943911349214822e-05,0.00017295940899476547,0.0008251773888061561,-0.0002645797769492745,-0.0011949982615165212,-0.0011949982615165212,-7.527286495045375e-06
112,22 MB-HB Sero,0.00012142573508732477,0.0008095049005821651,0.0038620919438294,-0.0006312689990813081,-0.001127254313814643,-0.001127254313814643,-3.323290974319504e-05
112,23 P Glut,5.0145047227687535e-05,0.0003343003148512502,0.0015949237019789954,-0.0005438607329018283,-0.0018085251220832177,-0.0018085251220832177,-2.2018529499813893e-05
112,24 MY Glut,5.579278779326266e-06,3.719519186217511e-05,0.00017745569018394678,-0.00022410142160516944,-0.00026718262846186147,-0.00026718262846186147,-3.6192784848939164e-07
112,26 P GABA,2.8374654091569112e-05,0.00018916436061046078,0.0009024900932012908,-0.0006040705637531959,-0.0019113577628642893,-0.0019113577628642893,-1.3167650214779262e-05
112,30 Astro-Epen,0.00015913963765217304,0.0010609309176811536,0.005061628097852418,0.0003716029160402338,0.0016831291424083867,0.0013115262263681529,5.06746858725626e-05
112,31 OPC-Oligo,0.030023518283553687,0.13715027316999343,0.954934207356768,-0.032320539587851166,-0.12329271604158815,-0.12329271604158815,-0.8987413510925181
112,33 Vascular,0.00020034356580791275,0.0013356237720527516,0.006372168724762892,-0.0005093322242483493,-0.0012756686016444432,-0.0012756686016444432,-6.205102878708755e-05
112,34 Immune,0.00013295078326693802,0.0008863385551129201,0.0042286600003844585,-9.050433651763143e-05,-1.9790348373990397e-05,-1.9790348373990397e-05,-6.388222886520626e-07
113,01 IT-ET Glut,2.9947240479452723e-05,0.00019964826986301819,0.001986045416968268,3.219089286515737e-05,-4.5142952031454474e-05,-7.733384489661183e-05,-3.6412544282851245e-06
113,02 NP-CT-L6b Glut,2.8933745649068466e-05,0.0001928916376604564,0.0019188323205099572,4.735232934335265e-06,-0.0002485482249087168,-0.000253283457843052,-1.1522218287568225e-05
113,03 OB-CR Glut,0.0001456822298605702,0.0009712148657371346,0.009661375148966336,-0.0009268470281504328,-0.00303231075430382,-0.00303231075430382,-0.0006945522126599625
113,04 DG-IMN Glut,2.2379754004840434e-05,0.00014919836003226956,0.0014841837565864047,0.0002058060371436776,0.0004737987299698206,0.000267992692826143,9.429808513373458e-06
113,05 OB-IMN GABA,0.0003134826839568488,0.002062883930544129,0.020789589885538237,-0.0005768704214605227,-0.002807519570500721,-0.002807519570500721,-0.00138376060233164
113,06 CTX-CGE GABA,7.006791409842321e-05,0.00046711942732282155,0.0046467740414071965,-0.00024683004082941875,-0.0006755485123577125,-0.0006755485123577125,-7.442182976170975e-05
113,07 CTX-MGE GABA,4.004585052731296e-05,0.0002669723368487531,0.0026557664958457516,-7.218364776824666e-05,-8.969534637787639e-05,-8.969534637787639e-05,-5.647445468189392e-06
113,09 CNU-LGE GABA,3.156304481302729e-05,0.00021042029875351526,0.0020932025620018823,-0.00040753118937372914,-0.0012265197782215475,-0.0012265197782215475,-6.086646232464513e-05
113,11 CNU-HYa GABA,6.871040350248712e-05,0.0004580693566832476,0.004556746457750714,0.0005918753851986411,0.001891155632817941,0.0012992802476193,0.00014036212927502704
113,12 HY GABA,0.00019388427541755794,0.001292561836117053,0.012858045364128032,0.0008861954196230517,0.003031450272712514,0.002145254853089462,0.0006539523334862546
113,13 CNU-HYa Glut,4.769067169532227e-05,0.00031793781130214847,0.0031627568495874985,0.000947733328899519,0.0029429937300266325,0.0019952604011271137,0.00014960897083155338
113,14 HY Glut,0.00014137956953499676,0.0009425304635666454,0.00937603070041057,0.0006097476316865339,0.001927444139480182,0.001317696507793648,0.0002929049172952407
113,16 HY MM Glut,2.7469009395846976e-05,0.00018312672930564654,0.0018216937302357131,0.00020403169689996934,0.0006311877970671545,0.0004271561001671852,1.844820956838122e-05
113,19 MB Glut,6.264195584122126e-05,0.00041761303894147515,0.0041542982697769975,-1.4026071483548477e-05,0.00015569042545664124,0.00015569042545664124,1.5333871772602925e-05
113,20 MB GABA,8.27783719642685e-05,0.0005518558130951233,0.005489708020895233,-2.6401899596898706e-05,-9.673657925526336e-05,-9.673657925526336e-05,-1.2590188125137206e-05
113,21 MB Dopa,9.1362088489459e-05,0.0006090805899297267,0.006058964172463056,5.1061701671700016e-05,0.0002948754396741758,0.00024381373800247579,3.502263389736329e-05
113,22 MB-HB Sero,4.738359103824528e-06,3.158906069216352e-05,0.00031423918302447043,-6.680146289347526e-05,9.208861835843953e-05,9.208861835843953e-05,6.860543796852532e-07
113,23 P Glut,0.00011834232520772354,0.0007889488347181572,0.007848243405713048,9.81498467422745e-06,0.00024181022557236246,0.000231995240898135,4.316619683831218e-05
113,24 MY Glut,0.00019015753343644816,0.001267716889576321,0.0126108947514736,-0.00015441754861043823,-0.0009013476068947657,-0.0009013476068947657,-0.00026948243206439585
113,26 P GABA,8.019587753765615e-05,0.0005346391835843743,0.0053184417827308655,1.237637317272479e-05,0.00023557607500423108,0.00022319970183150628,2.8142991972838512e-05
113,30 Astro-Epen,0.01232575587969569,0.05124297866855221,0.8174212576392503,-0.0005129721813649458,0.00020419467627318246,0.00020419467627318246,0.003957150699506569
113,31 OPC-Oligo,0.0003359306406814593,0.002236259453256254,0.02227829671993934,-0.000115897903218947,-2.7223980710085115e-05,-2.7223980710085115e-05,-1.4378906487650273e-05
113,33 Vascular,0.0005196662092227584,0.0034609522286848274,0.034463298676492726,0.00034463838485301255,0.0011337605527694371,0.0007891221679164246,0.0006447529451181739
113,34 Immune,0.0001060239956550874,0.0007068266377005825,0.007031314648303715,0.00012013795162755707,0.0002721358672677928,0.00015199791564023574,2.5337654644342693e-05
114,01 IT-ET Glut,0.0009438599643886438,0.005917230198999194,0.007466259936591365,-0.0002971677224223038,-0.00045744168327294555,-0.00045744168327294555,-3.4956238295840073e-05
114,02 NP-CT-L6b Glut,0.0013146307017206157,0.0076377688490289475,0.010399185165171437,-0.00013207040753019647,-0.00032703794800444753,-0.00032703794800444753,-3.4808339789087176e-05
114,03 OB-CR Glut,0.001910866391955906,0.010664431722462966,0.015115616431172922,0.0006528035398866721,0.0026393770717200444,0.001986573531833372,0.00030733806817674175
114,04 DG-IMN Glut,0.0011384431775200462,0.006350060212587695,0.00900548069321835,7.773596990126018e-05,0.0006434112113917571,0.0005656752414904968,5.213866654395599e-05
114,05 OB-IMN GABA,0.00019079268222419498,0.0012711623001564088,0.0015092363414396916,-0.00013978673203119503,-0.0007739754485969022,-0.0007739754485969022,-1.1955570043172928e-05
114,06 CTX-CGE GABA,0.002932459814752677,0.015428981954749644,0.023196775005425236,-0.00017943065945755343,-0.00022554118779258059,-0.00022554118779258059,-5.354751520144482e-05
114,07 CTX-MGE GABA,0.003183254050276291,0.014906455175181813,0.025180644460287505,0.00013391100259679744,0.0008303824644246639,0.0006964714618278665,0.00017949651301071205
114,09 CNU-LGE GABA,0.0017203007361946332,0.009879451172061758,0.013608175947856908,-0.00019584206435492368,-0.0010427945386590096,-0.0010427945386590096,-0.00014523942246231754
114,11 CNU-HYa GABA,0.007681866814808134,0.02728922325984577,0.0607662329175944,-0.0010935962460364287,-0.0034909645750475144,-0.0034909645750475144,-0.002171168878263217
114,12 HY GABA,0.0071387792151499044,0.029718912329146144,0.05647022149601217,0.0023755127483331205,0.008229877337484853,0.005854364589151732,0.0033836474443977756
114,13 CNU-HYa Glut,0.0008805361336156089,0.005870240890770725,0.006965346455174195,0.0001239536058098092,3.769499326318842e-05,-8.625861254662077e-05,-6.149375889828491e-06
114,14 HY Glut,0.0025312266768530035,0.014703102000625861,0.020022881614710705,0.0009959086620007114,0.004462978606032259,0.003467069944031548,0.0007105179140579289
114,16 HY MM Glut,0.004231780213696067,0.01762642371695469,0.03347485036135,-0.0012847641364255222,-0.00384150457489216,-0.00384150457489216,-0.0013161513950822735
114,19 MB Glut,0.004227053485828129,0.01994373781191015,0.03343746030324491,0.0022481740949034067,0.007975421683243283,0.005727247588339876,0.001960040707593882
114,20 MB GABA,0.008186808459914562,0.04040848918265299,0.06476049659802985,0.003103501303752714,0.010913869385221379,0.007810368081468665,0.0051768731230822165
114,21 MB Dopa,0.002574292033404023,0.01398031666040429,0.0203635435332191,5.5685263830669564e-05,0.0008622334720523331,0.0008065482082216636,0.0001681007044885345
114,22 MB-HB Sero,0.00417908537294409,0.017552923412041163,0.03305801588037232,0.007463940520400241,0.02220105891910484,0.0147371183987046,0.004986263280623619
114,23 P Glut,0.005251832325919952,0.023869634614860066,0.041543816633974565,0.0025276802201983513,0.008367683909949825,0.005840003689751473,0.00248316377259089
114,24 MY Glut,0.009208295637421725,0.0333170456943561,0.07284081473516313,-0.0011697783636731773,-0.00031480407158205654,-0.00031480407158205654,-0.0002346934585418017
114,26 P GABA,0.05524910459735101,0.1936165977600995,0.4370395945916982,-0.013591720170216428,-0.02632755254141546,-0.02632755254141546,-0.11776524019380583
114,30 Astro-Epen,0.0005305650744191592,0.003466974289472788,0.004196953900313187,0.0010590365093637397,0.003405948584533242,0.002346912075169502,0.00010081307639163779
114,31 OPC-Oligo,0.0006572092671324049,0.004280438952292231,0.005198753423475841,0.000681363201641948,0.0029686455488501656,0.0022872823472082178,0.00012170399851432237
114,33 Vascular,0.00036551857086071575,0.0024250675156196207,0.002891378768740505,0.0002397835388986632,0.0011246054231078089,0.0008848218842091456,2.6184645135543804e-05
114,34 Immune,0.00018814152982865533,0.001254276865524369,0.0014882648057633829,-0.0002254080692653614,-0.0005021538272735541,-0.0005021538272735541,-7.648967898611818e-06
115,01 IT-ET Glut,4.0038036323534606e-05,0.0002669202421568974,0.0014876188471062259,-0.0011729651261390705,-0.0034850822538798447,-0.0034850822538798447,-7.652610726899838e-05
115,02 NP-CT-L6b Glut,6.257228074237501e-05,0.0004171310931841871,0.0023248818545095287,-0.001180383183625963,-0.003110626369278041,-0.003110626369278041,-0.00010674650256932238
115,03 OB-CR Glut,0.0002753677732485427,0.0018177850701670485,0.010231328181532606,0.0011460882131081587,0.0030860009371255445,0.0019399127240173858,0.00029296728381369606
115,04 DG-IMN Glut,5.3019980538589534e-05,0.00035346653692393016,0.0019699648025956946,0.0005950658662157414,-0.0004108967639957082,-0.0010059626302114494,-2.9251304044894664e-05
115,05 OB-IMN GABA,0.00028238726362525774,0.0018825817575017184,0.010492138329590341,-0.00041353782567779345,-0.0034010093430631846,-0.0034010093430631846,-0.000526716290208993
115,06 CTX-CGE GABA,0.00010366177893298697,0.0006668013076158875,0.0038515679145489307,-0.0005465989763569029,-0.00139105273177679,-0.00139105273177679,-7.908353452423132e-05
115,07 CTX-MGE GABA,0.00012577065158245765,0.0008133018278161241,0.004673026174286091,-0.000553668822506022,-0.0016359700404375915,-0.0016359700404375915,-0.00011284400132229642
115,09 CNU-LGE GABA,3.903835264447796e-05,0.00026025568429651977,0.0014504754600007247,-0.00020700984441255656,-0.0005430205714362392,-0.0005430205714362392,-1.1626033916770487e-05
115,11 CNU-HYa GABA,4.1252512971214555e-05,0.0002750167531414304,0.0015327428970436376,-0.0009512785280096977,-0.002303778636394078,-0.002303778636394078,-5.2121268458770836e-05
115,12 HY GABA,0.00017034490548126677,0.0010896193476005393,0.006329188820719115,-0.0012252507472287778,-0.0026646536564050045,-0.0026646536564050045,-0.0002489394574439509
115,13 CNU-HYa Glut,0.00011741880227947505,0.0007707016707592831,0.004362712043720083,-0.0006187656824334535,-0.0016758705226686,-0.0016758705226686,-0.00010791999797149068
115,14 HY Glut,0.00011270157348616663,0.0007238695037265294,0.0041874427472358075,-0.0007635109186383131,-0.0016278971401234006,-0.0016278971401234006,-0.00010061917682933825
115,16 HY MM Glut,9.928557774004891e-05,0.0006157493543236723,0.0036889695463188507,-0.0004076353642422589,-0.0005228010674203876,-0.0005228010674203876,-2.846731147635242e-05
115,19 MB Glut,0.0001052477647411627,0.0006991751583811494,0.003910495439376076,-0.00015230858741194624,-0.0006147605673355366,-0.0006147605673355366,-3.5484827965305076e-05
115,20 MB GABA,0.00011615298970205406,0.0007668758537661285,0.004315680600123317,-0.0005925227024506256,-0.0016806243206295703,-0.0016806243206295703,-0.00010705941280591065
115,21 MB Dopa,0.0001231791995748012,0.0007359935835569171,0.00457674041199722,-0.0007411180009258481,-0.002207774362342634,-0.002207774362342634,-0.00014914746760685683
115,22 MB-HB Sero,3.6962780299231495e-05,0.0002464185353282099,0.001373357278819942,0.0007791841567252953,0.0011781372261901386,0.00039895306946484323,8.087424922442106e-06
115,23 P Glut,0.00015018682112071557,0.0009731302239309044,0.005580212373073346,-0.00042500305326846085,-0.001135323120607044,-0.001135323120607044,-9.351367562647877e-05
115,24 MY Glut,0.00010350925837567874,0.000690061722504525,0.0038459009918809604,0.0008624581486531228,0.0015497410353661632,0.0006872828867130404,3.901562311789203e-05
115,26 P GABA,0.0001694895643046224,0.0011181441403967972,0.006297408499506552,-0.0006560359421226445,-0.0018884966984191935,-0.0018884966984191935,-0.00017554279684530761
115,30 Astro-Epen,0.0002171324715183571,0.0014465411819718247,0.0080675873896342,-0.00019381269954527608,-0.00038640981026175894,-0.00038640981026175894,-4.601471536399706e-05
115,31 OPC-Oligo,0.023725077106997932,0.07668410669629719,0.8815085627132173,0.012026347609048983,0.024878141326589356,0.012851793717540373,0.1672226875556389
115,33 Vascular,0.0003299455625594744,0.0021539406949004614,0.01225917358724273,-0.0009770577916432266,-0.0021209648847621315,-0.0021209648847621315,-0.00038379524564317706
115,34 Immune,0.00031443356366841335,0.0020534935059708655,0.011682823095920829,-0.0008391946486567439,-0.0029388443748973444,-0.0029388443748973444,-0.0005067914822477343
116,01 IT-ET Glut,4.09330046722052e-05,0.0002728866978147013,0.002928815183043935,0.0005744699128458359,0.0023800223000923523,0.0018055523872465163,0.00019328797664398438
116,02 NP-CT-L6b Glut,5.7266974912511936e-05,0.0003817798327500795,0.004097534176978003,0.0006383569486850996,0.0025711985460596266,0.0019328415973745268,0.0002894820417459747
116,03 OB-CR Glut,0.0005639140126251248,0.003759426750834165,0.040348856267304105,-0.00013688532899571373,-0.001334573036094009,-0.001334573036094009,-0.0019682322951628146
116,04 DG-IMN Glut,5.731838678563585e-05,0.00038212257857090563,0.004101212770225674,0.0004361799938438728,0.0018117642128276234,0.0013755842189837506,0.0002062064590395081
116,05 OB-IMN GABA,0.00019431538736507453,0.0012954359157671637,0.013903544618124264,-5.368709950598669e-06,0.0005688697477120362,0.0005688697477120362,0.0002890953807663168
116,06 CTX-CGE GABA,8.13641299038981e-05,0.0005424275326926539,0.005821720172414057,0.000303720104127863,0.0011535616273610123,0.0008498415232331494,0.0001808389815161169
116,07 CTX-MGE GABA,7.192802627913896e-05,0.0004795201751942598,0.005146553426501153,0.00047448604976605937,0.001885812027609002,0.0014113259778429426,0.00026548904169296336
116,09 CNU-LGE GABA,5.621323741051145e-05,0.0003747549160700762,0.004022137747629208,0.00015356214423857626,0.00022985104207139578,7.628889783281952e-05,1.121556248578704e-05
116,11 CNU-HYa GABA,8.433815384184922e-05,0.0005622543589456615,0.006034515849984288,0.0006260681797553028,0.0024555615104078195,0.0018294933306525168,0.00040353019914546133
116,12 HY GABA,0.00012991124130381547,0.0008660749420254366,0.009295335610607181,0.0005476862435253796,0.002224908156608177,0.0016772219130827977,0.0005698471510655457
116,13 CNU-HYa Glut,5.250961335082996e-06,3.5006408900553306e-05,0.0003757138135087997,0.0006796968857293242,0.0025711479035561598,0.0018914510178268357,2.5974969151661178e-05
116,14 HY Glut,9.70474523400245e-05,0.0006469830156001634,0.006943884382917052,0.0004210496289230411,0.0017736949564114393,0.0013526453274883984,0.0003433121681564003
116,16 HY MM Glut,0.0001343057509954582,0.0008953716733030546,0.009609769080859039,0.00038435640246505415,0.00168171196075244,0.001297355558287386,0.0004556955079075082
116,19 MB Glut,0.0001034303156592182,0.0006895354377281211,0.007400587406559064,0.0002487131869009906,0.0010697384723259342,0.0008210252854249436,0.00022208820990929216
116,20 MB GABA,0.00012081410095418594,0.0008049416467650228,0.00864442217310992,0.0001899360109550051,0.0010032404370853528,0.0008133044261303477,0.00025697559674127515
116,21 MB Dopa,0.00028509507257768634,0.0018935280508718955,0.020398961274971476,0.00022963749804131976,0.0011163911050743674,0.0008867536070330476,0.0006611709992917067
116,22 MB-HB Sero,0.00016598701757288746,0.001102911215036491,0.011876609136044226,0.0001762229167639715,0.0007766408341124195,0.0006004179173484481,0.00026064469286685344
116,23 P Glut,0.00011684015487546865,0.0007789343658364578,0.008360080632459512,0.00024574775695301865,0.0010353192190014496,0.000789571462048431,0.0002412707576322983
116,24 MY Glut,0.00012888516503208996,0.0008592344335472664,0.009221918381951319,0.00021335002032848,0.0012185326829534083,0.0010051826626249283,0.0003388200032397434
116,26 P GABA,0.00012249003184213535,0.0008151232576897521,0.008764337431461124,0.0002507557512877213,0.0010554306068195313,0.0008046748555318099,0.000257775892545948
116,30 Astro-Epen,0.008966697300412772,0.03993960222015894,0.6415800502678608,0.004340100563378861,0.01390182369915997,0.00956172313578111,0.2242279747570414
116,31 OPC-Oligo,0.0017020554489225702,0.010895861623907899,0.12178450815197694,0.0010746137314287336,0.006028596158491863,0.004953982427063129,0.022052066171234112
116,33 Vascular,0.0004050569646018349,0.002695406448854966,0.02898240667705257,0.0005874841910144089,0.003007929570482246,0.002420445379467837,0.0025640855521573817
116,34 Immune,0.00028450199000573754,0.0018966799333715839,0.020356525366456265,0.00030161966009009715,0.001572682086447165,0.0012710624263570678,0.0009457433807041512
117,01 IT-ET Glut,6.133449400400938e-05,0.00040889662669339586,0.00233159035212533,0.00011026279962591286,0.0009807549662078174,0.0008704921665819046,2.4822557764696887e-05
117,02 NP-CT-L6b Glut,7.548138071942368e-05,0.0005032092047961579,0.0028693749236604568,-0.00048795779724218467,-0.0012166315698819315,-0.0012166315698819315,-4.269487960864013e-05
117,03 OB-CR Glut,0.00032332709448639596,0.0021555139632426397,0.012291066329428205,0.0010562257858669885,0.0033563122754328143,0.002300086489565826,0.00034575075924954065
117,04 DG-IMN Glut,5.5503721178525806e-05,0.00037002480785683876,0.002109937367355563,0.001180983325855824,0.004021016944625611,0.0028400336187697868,7.328624291313393e-05
117,05 OB-IMN GABA,3.177919967358604e-05,0.00021186133115724028,0.0012080653237695911,0.0016230534776628047,0.006236836602028713,0.004613783124365909,6.816744365728288e-05
117,06 CTX-CGE GABA,8.625702853528817e-05,0.000575046856901921,0.0032790040710653032,0.0004239164018322427,0.001681285518647877,0.0012573691168156344,5.0423635891070914e-05
117,07 CTX-MGE GABA,8.447152288942676e-05,0.0005631434859295118,0.0032111292511102607,0.00030955776975715593,0.001273879017732755,0.0009643212479755991,3.787118861371482e-05
117,09 CNU-LGE GABA,6.57895071773685e-05,0.00043859671451579004,0.002500944740749069,0.0007105293086385772,0.0016153288916032254,0.0009047995829646482,2.767488983713917e-05
117,11 CNU-HYa GABA,4.959972858331351e-05,0.00033066485722209007,0.0018855009813128817,-0.00012011585005605288,-4.943699239568201e-05,-4.943699239568201e-05,-1.1400088361282435e-06
117,12 HY GABA,0.00020365371818390236,0.0013576914545593492,0.007741761829175569,-0.00020437951535474234,-0.0014054983140610682,-0.0014054983140610682,-0.00013307594181286828
117,13 CNU-HYa Glut,1.0662203627968363e-05,7.108135751978908e-05,0.000405316641394998,0.00012422513688153646,0.0004026014224694116,0.00027837628558787517,1.3799269104608724e-06
117,14 HY Glut,9.927425523952775e-05,0.0006618283682635185,0.003773845362053197,0.00016566346636017438,0.00023291340020996463,6.724993384979024e-05,3.103883234036034e-06
117,16 HY MM Glut,7.992239975382493e-05,0.0005328159983588328,0.0030381973343179577,0.0002520949586235586,0.0003684930461433071,0.00011639808751974853,4.325051032089704e-06
117,19 MB Glut,0.0001264030796880328,0.0008426871979202189,0.004805129737603786,-0.00018741138691115178,-0.00038073824616607747,-0.00038073824616607747,-2.2374896557098734e-05
117,20 MB GABA,0.00010585370025484428,0.0007056913350322954,0.004023958626524708,-6.215246113831484e-05,5.560101175745382e-05,5.560101175745382e-05,2.7363119950911466e-06
117,21 MB Dopa,6.446320264162189e-05,0.00042975468427747937,0.002450526148246704,0.00017020528169243824,0.000562676867155167,0.0003924715854627288,1.1762427886341935e-05
117,22 MB-HB Sero,9.85346664861099e-05,0.0006568977765740659,0.0037457303831981217,0.00016650884430934114,0.000692156497154792,0.0005256476528454508,2.4080231421788067e-05
117,23 P Glut,0.00010119106097281783,0.000674607073152119,0.0038467114682665376,5.1667939150902105e-05,0.00022247740722277756,0.00017080946807187546,8.035834163323936e-06
117,24 MY Glut,2.1446335006031824e-05,0.00014297556670687884,0.0008152682858236804,0.00011820209553709086,0.0010213418316181485,0.0009031397360810577,9.005024779776032e-06
117,26 P GABA,8.483392315997669e-05,0.0005655594877331779,0.0032249056584670505,7.607301684414688e-06,9.055852368808489e-05,8.295122200367021e-05,3.2716679204630717e-06
117,30 Astro-Epen,0.00027506091992195007,0.0017645186099598626,0.010456259524938996,0.0002573923934660502,0.0006009350592691055,0.0003435426658030553,4.393255368116764e-05
117,31 OPC-Oligo,0.02369190138430633,0.09065784561036515,0.9006320112063273,-0.018982533369970703,-0.0497273890887931,-0.0497273890887931,-0.5477374676261962
117,33 Vascular,0.0002574423247500552,0.0017162821650003684,0.009786500245305798,7.795671998656863e-05,0.0009020750115521477,0.0008241182915655791,9.863848152983085e-05
117,34 Immune,0.00025167513180516095,0.0016777812412809914,0.009567264207778828,0.0001929773871785081,0.0008147567609078432,0.0006217793737293351,7.275343310689475e-05
118,01 IT-ET Glut,0.0008935963003712473,0.005773884359030722,0.005050232799647951,-0.00022779381249630212,-0.001277137612699759,-0.001277137612699759,-6.542015525387949e-05
118,02 NP-CT-L6b Glut,0.0008226369960039522,0.005243968694791116,0.004649200469716602,2.562074331866721e-05,1.416967625035583e-06,-2.4203775693631627e-05,-1.1413632092783806e-06
118,03 OB-CR Glut,0.0023384455461706605,0.013166541758468901,0.013215916843607525,-0.0010590973055330112,-0.0048744674535201645,-0.0048744674535201645,-0.000653411763962525
118,04 DG-IMN Glut,0.0012994624897096482,0.007428495606531702,0.007344018864802156,-0.002415863872075171,-0.012993310116145518,-0.012993310116145518,-0.0009678678515874978
118,05 OB-IMN GABA,0.0011002180496100964,0.004944947006935338,0.006217972566132156,-0.001957319891429699,-0.006848237983728307,-0.006848237983728307,-0.0004319068804718804
118,06 CTX-CGE GABA,0.0018312434702656025,0.010389062930550487,0.01034942270221384,-0.0003788930063660509,-0.0014702790031507064,-0.0014702790031507064,-0.00015433995073471074
118,07 CTX-MGE GABA,0.0019742526280490794,0.011260003935152202,0.011157650689491866,-0.00035155563044711533,-0.0013796772027326407,-0.0013796772027326407,-0.00015613947904681731
118,09 CNU-LGE GABA,0.0016540967418234855,0.009986343896441395,0.009348263433809269,-0.00036823746988487785,-0.0020662881006526415,-0.0020662881006526415,-0.00019592249100105463
118,11 CNU-HYa GABA,0.006401077232653034,0.02814296658713634,0.03617621310651552,-0.002554573038248056,-0.008729241091180888,-0.008729241091180888,-0.0032030378342718813
118,12 HY GABA,0.0053353490895872695,0.02566217166787233,0.030153163076672523,-0.00014270677753124478,0.0001893928026677388,0.0001893928026677388,5.792403726140553e-05
118,13 CNU-HYa Glut,0.010148780406021185,0.032774954810349755,0.05735666504171865,0.004314995773436004,0.013703809633908942,0.009388813860472939,0.005462067936397659
118,14 HY Glut,0.010928674065141196,0.03771842098283478,0.061764298036493824,0.0007184966057578449,0.0037053233574729774,0.0029868267517151326,0.0018711560979839696
118,16 HY MM Glut,0.00521244140641933,0.023875600501249084,0.029458540222252035,-0.0006266398349510736,-0.00040881998926973345,-0.00040881998926973345,-0.00012215347368526683
118,19 MB Glut,0.019413847281091176,0.06372223473492597,0.1097189505659211,0.0012635131976055864,-0.001712766984908193,-0.0029762801825137797,-0.0033122105377684616
118,20 MB GABA,0.006873007331538633,0.027099921713129048,0.03884336477617102,0.0032529540240491136,0.009274479887590536,0.006021525863541422,0.002372388860976167
118,21 MB Dopa,0.0044615124718273965,0.01791203931512195,0.025214603744330936,-4.651693185551851e-05,-0.0017549965043040482,-0.0017549965043040482,-0.00044883930384635577
118,22 MB-HB Sero,0.009452476887806045,0.036951509752627267,0.05342144858576486,0.004833355865400065,0.010613503263382394,0.005780147397982329,0.0031319660845590806
118,23 P Glut,0.06818275922683725,0.20035606519988786,0.38534045729018335,-0.0023111423725004736,-0.003971044483135402,-0.003971044483135402,-0.015520719041384573
118,24 MY Glut,0.009196007287357116,0.03583286342276241,0.051971989598790895,0.003777724779125555,0.011903835398065695,0.00812611061894014,0.004283655628020823
118,26 P GABA,0.008017019495568302,0.03720878208144532,0.045308843372690026,0.0025596106839006092,0.0067120382116497715,0.004152427527749162,0.0019083037957885465
118,30 Astro-Epen,0.0004190202471690584,0.0024963610306288075,0.0023681273021056706,-0.00047413728100171947,-0.0005229545021735026,-0.0005229545021735026,-1.256120860185858e-05
118,31 OPC-Oligo,0.0006524863208197305,0.004169027089219126,0.003687579970235345,0.00021111435496154487,0.001661971802089985,0.0014508574471284402,5.426610708656197e-05
118,33 Vascular,0.0002481681927132279,0.0014659915661986997,0.0014025429001317564,-0.0005138847307514337,-0.0012137254098566533,-0.0012137254098566533,-1.7266291756969113e-05
118,34 Immune,8.502646470347436e-05,0.0005655214561775243,0.00048053404060110594,-0.000698366660513281,-0.002120700871645188,-0.002120700871645188,-1.0336322470420579e-05
119,01 IT-ET Glut,0.028045758314796967,0.1226625046976005,0.1632798570791947,-0.0099420455270682,-0.035581042736578625,-0.035581042736578625,-0.10152671481726046
119,02 NP-CT-L6b Glut,0.018964737813073854,0.08856618928386784,0.11041098068756268,-0.006503547384292567,-0.02194984912843325,-0.02194984912843325,-0.04235189600242621
119,03 OB-CR Glut,0.0038578458817205333,0.020342086270353926,0.02246002825562924,0.00016702726549982992,-0.004743662547386777,-0.004910689812886606,-0.0019274443663342795
119,04 DG-IMN Glut,0.012969954833286586,0.061009172064476536,0.07550989877800263,-0.006658904153452821,-0.025560952474003355,-0.025560952474003355,-0.03372950530226433
119,05 OB-IMN GABA,0.006327242679412717,0.030185766242817262,0.03683663207832819,0.0025583310603234616,0.009693548656808734,0.007135217596485272,0.004593208808711644
119,06 CTX-CGE GABA,0.006790463385616448,0.035403617493695985,0.0395334609483525,-0.0028594035409774603,-0.013118498681657627,-0.013118498681657627,-0.009063126105950564
119,07 CTX-MGE GABA,0.008599054076633625,0.042216441556863944,0.05006291164921812,-0.0030912635622127624,-0.011736353490350094,-0.011736353490350094,-0.010267822131611164
119,09 CNU-LGE GABA,0.013523386873599209,0.06842392488275106,0.0787319298399196,-0.002594069272594863,-0.012609640145101422,-0.012609640145101422,-0.017349327303963106
119,11 CNU-HYa GABA,0.006572555212135534,0.03579883454432677,0.038264819358312836,-0.003482080229868984,-0.013766768094303045,-0.013766768094303045,-0.009205782604256156
119,12 HY GABA,0.004371488934730482,0.025086302825970686,0.02545041144811853,-0.0011369856487213619,-0.0010341922686726553,-0.0010341922686726553,-0.00045996538022251136
119,13 CNU-HYa Glut,0.003250624216990898,0.020558517865434764,0.01892483888689909,0.0014398454486704852,0.006578826358517155,0.00513898090984667,0.0016995668279294687
119,14 HY Glut,0.005306211026629552,0.029765073629188586,0.030892278551905236,-0.0014998546080520223,-0.002914553428116323,-0.002914553428116323,-0.001573442997018247
119,16 HY MM Glut,0.006885461926757575,0.03702366627840911,0.04008653382469086,-0.001496783111326537,-0.002006102407774504,-0.002006102407774504,-0.001405337565745481
119,19 MB Glut,0.003063269285506924,0.017027300356259188,0.017834075496142576,-0.0008680257891609967,-0.0023478126174649046,-0.0023478126174649046,-0.0007317168965264827
119,20 MB GABA,0.0059757869890305565,0.027542838367328078,0.034790488977073826,-0.000887296109202199,-0.001334979614888334,-0.001334979614888334,-0.0008116414489781006
119,21 MB Dopa,0.006963432470322493,0.029134196088660642,0.04054047124605664,-0.0010355240943630954,-0.0018752221960587781,-0.0018752221960587781,-0.0013285275907519375
119,22 MB-HB Sero,0.010490470666347954,0.04169696429092633,0.061074567207942465,-0.004194767153360695,-0.013464973009913218,-0.013464973009913218,-0.014371262959962987
119,23 P Glut,0.007090123828998207,0.03374728527327853,0.04127805682693308,0.0021624585830105677,0.009002355772431029,0.006839897189420461,0.0049339855034699
119,24 MY Glut,0.0027503995105257794,0.017115463609017507,0.016012576088998056,0.003872390046939656,0.02065300540480527,0.016780615357865614,0.00469567618068142
119,26 P GABA,0.004170922714306054,0.024265981251181547,0.024282733133336194,0.001741410642044933,0.010262190439084067,0.008520779797039134,0.003615812981442847
119,30 Astro-Epen,0.0012131648916146153,0.0066968502121017084,0.007062935788468986,-0.000747577020495917,-0.002423187646045787,-0.002423187646045787,-0.00029908962954571086
119,31 OPC-Oligo,0.001108862574161526,0.0068117698616400185,0.006455697171648134,-0.0005157393833949839,-0.002014734962926199,-0.002014734962926199,-0.00022729512637627056
119,33 Vascular,0.0021229994455379997,0.01166265334798134,0.012359909907080852,-0.00026751939975384897,-0.0006131596457810374,-0.0006131596457810374,-0.0001324396183165532
119,34 Immune,0.0013507436412056885,0.007345586339525667,0.007863906770184706,-3.723120863205244e-05,-0.00035041428935748866,-0.00035041428935748866,-4.8155867908302304e-05
120,01 IT-ET Glut,0.0009533624779704852,0.006176318674046147,0.006860292765078526,-3.5647465916000075e-05,-0.0003979959464076973,-0.0003979959464076973,-1.2600607628661057e-05
120,02 NP-CT-L6b Glut,0.0009759029503760729,0.0060596390851877695,0.007022491554456824,-0.00030221888587033476,-0.0016351248007897225,-0.0016351248007897225,-5.299224528891694e-05
120,03 OB-CR Glut,0.0014617478477434297,0.009025200405576118,0.010518578626663564,-0.005252057634787674,-0.019592232330539302,-0.019592232330539302,-0.0009510671240578745
120,04 DG-IMN Glut,0.0013931572170837112,0.008329461994160842,0.010025007903942496,8.876004478779244e-05,-0.0001672629662474745,-0.00025602301103526696,-1.1844968614501986e-05
120,05 OB-IMN GABA,0.0005309798460271977,0.002585287022444607,0.003820873256788345,-0.0003976400793045782,-0.001727082980310562,-0.001727082980310562,-3.0454117983641303e-05
120,06 CTX-CGE GABA,0.08517654069991802,0.34263423446950503,0.612921128553325,0.009609552283638696,0.04844613211858034,0.03883657983494165,0.10985397058970103
120,07 CTX-MGE GABA,0.003025781691980203,0.015455690732487763,0.02177319616604576,-0.0008744795801653969,-0.002796867100888745,-0.002796867100888745,-0.00028103745600403253
120,09 CNU-LGE GABA,0.0011905312536423535,0.00744774848007158,0.008566933495588399,-0.0002036142975865616,-0.0021955489604701148,-0.0021955489604701148,-8.680379476761607e-05
120,11 CNU-HYa GABA,0.006561267106830345,0.026440000262760662,0.04721416491926322,-0.0007073900873268636,0.0005072753050828825,0.0005072753050828825,0.000110531540550103
120,12 HY GABA,0.004018811392282595,0.019959809192279125,0.028918929951368386,0.00046362624858138087,0.0006169952968546606,0.00015336904827327973,2.0468693909519944e-05
120,13 CNU-HYa Glut,0.0020003097208589338,0.01065906754602063,0.014394011326245659,0.0009479741312139999,0.002821706726779655,0.0018737325955656549,0.00012446855326539544
120,14 HY Glut,0.004664136845890525,0.01857024238615716,0.033562621771432405,-0.0027483641376529035,-0.006965595008676529,-0.006965595008676529,-0.0010789076902786045
120,16 HY MM Glut,0.0011843679520384986,0.0075788888275217904,0.00852258304717141,0.00023956760435476092,0.0013777524020386527,0.0011381847976838918,4.4766610404865404e-05
120,19 MB Glut,0.003891470480422797,0.019777624287830815,0.02800259859103419,0.00013184283044689692,0.0008290617716364731,0.0006972189411895762,9.010267852165706e-05
120,20 MB GABA,0.0029593425421979265,0.014654719674890127,0.021295107265862052,-0.0001501274805686208,-0.00021420151595436999,-0.00021420151595436999,-2.1050991786908798e-05
120,21 MB Dopa,0.0018894122294290101,0.010739323444180545,0.013596005031995827,-3.843093614387565e-05,-3.6063123980784674e-05,-3.6063123980784674e-05,-2.26279312867013e-06
120,22 MB-HB Sero,0.0016478703205815902,0.009280328458188481,0.011857895710495435,-0.00011558744233973432,-0.001146275865611498,-0.001146275865611498,-6.272879785507107e-05
120,23 P Glut,0.0038415382844334115,0.018644466546917052,0.027643291936109315,0.00016465865802041965,0.001260213436728124,0.0010955547787077043,0.00013976359000556805
120,24 MY Glut,0.005157188180194401,0.02217544465743247,0.03711056558052566,-5.119395131807128e-05,0.0007375901054701801,0.0007375901054701801,0.0001263231204369658
120,26 P GABA,0.004969254740759173,0.023637486912049484,0.035758216977905564,-0.0006471194706095669,-0.0013983211525749727,-0.0013983211525749727,-0.00023075598415838572
120,30 Astro-Epen,0.00033605973544775564,0.002232459990615227,0.0024182493280355596,-0.00016116849816163705,-0.0008837801087143077,-0.0008837801087143077,-9.863146596292497e-06
120,31 OPC-Oligo,0.0006680913481392908,0.0043811083466335065,0.004807512722556959,8.967665119584143e-05,0.0005014267736956746,0.0004117501224998332,9.135332708467554e-06
120,33 Vascular,0.00026326370871060714,0.001747111969895779,0.001894417032249755,0.0007063913713115364,0.0020230742385305644,0.001316682867219028,1.151136869121503e-05
120,34 Immune,0.00020780281727786375,0.0013468036241836158,0.0014953264858598705,0.0006074083298000984,0.0018495360578313015,0.001242127728031203,8.57180873854207e-06
121,01 IT-ET Glut,0.015674658340429446,0.03097824792307592,0.074141274812479,-0.008557659249605207,-0.012338766474368061,-0.012338766474368061,-0.03626225205083794
121,02 NP-CT-L6b Glut,0.016442203705749656,0.031155333187576073,0.07777177128808453,-0.005789277695189119,-0.008985065717354867,-0.008985065717354867,-0.027699136250069506
121,03 OB-CR Glut,0.003680735088357045,0.015785676699022047,0.017409910045308022,0.00018015164945188493,-0.0017432963811364667,-0.0019234480305883516,-0.0013273943420155094
121,04 DG-IMN Glut,0.008804120268695486,0.020823561085750827,0.041643567990240785,-0.0009672102125851595,-0.0011155010889762167,-0.0011155010889762167,-0.0018413693475093633
121,05 OB-IMN GABA,0.002844141128462682,0.01092628692267003,0.013452813096853028,0.005106685205164545,0.011275341858344735,0.00616865665318019,0.0032894757181030883
121,06 CTX-CGE GABA,0.01032861119882007,0.02269441487203737,0.04885442378975557,-0.003462875084695311,-0.005301277755515604,-0.005301277755515604,-0.010266145921808344
121,07 CTX-MGE GABA,0.013491919976632865,0.028127576653888996,0.06381690273627402,-0.006828134727427275,-0.00978263484345216,-0.00978263484345216,-0.02474654331532124
121,09 CNU-LGE GABA,0.011141784275806194,0.02160063169555451,0.05270073975157994,0.003417213190190247,0.0018610237753579311,-0.0015561894148323158,-0.00325088904216404
121,11 CNU-HYa GABA,0.003034200429843649,0.009878527524137929,0.014351795300376322,0.0022826012139573245,-0.00029569396768735926,-0.0025782951816446836,-0.0014667694190945554
121,12 HY GABA,0.006516357861163168,0.019504543909278586,0.030822431243354275,0.0019936100669890747,-0.0007732755102665097,-0.0027668855772555847,-0.0033805010122463096
121,13 CNU-HYa Glut,0.003985884244433104,0.011099546150458613,0.01885326829580826,0.0011426512796704356,-0.002815355384497813,-0.003958006664168249,-0.002957918116333919
121,14 HY Glut,0.007139172662920906,0.018103693422547727,0.0337683508526703,0.005894869357320307,0.010709611012675828,0.004814741655355522,0.006444746197353273
121,16 HY MM Glut,0.009165598610004527,0.02235097909499552,0.04335336379310218,0.004436726162971392,0.0011594613797755932,-0.0032772647831957984,-0.00563193079493116
121,19 MB Glut,0.00990096020123935,0.02429317989935074,0.0468316307280604,0.002674646786722377,0.0035081125479493737,0.0008334657612269966,0.001547212703899139
121,20 MB GABA,0.015203998678264915,0.03061437315160079,0.07191505038079973,0.00039330265338931086,0.0028334500981665187,0.002440147444777208,0.006955988198693928
121,21 MB Dopa,0.014165846385516895,0.02949305028210085,0.06700458070661816,0.002010228632004078,0.008503094183153176,0.006492865551149097,0.017245027137395837
121,22 MB-HB Sero,0.006305074641608844,0.016126641454197083,0.02982305971613965,-0.0014740721020072036,0.0010913071545416285,0.0010913071545416285,0.0012900964460862826
121,23 P Glut,0.01489506398109644,0.029578508147586658,0.07045378648691314,-0.004921584688830936,-0.004908248131428353,-0.004908248131428353,-0.013707360259553967
121,24 MY Glut,0.01757189749532931,0.03419535045808312,0.08311523306492867,-0.0021947784892077994,-0.008352639769281463,-0.008352639769281463,-0.02751866472406918
121,26 P GABA,0.012150869068395357,0.026588183118231797,0.05747371988879146,-0.005640740064130502,-0.005096619843153781,-0.005096619843153781,-0.011611131031535398
121,30 Astro-Epen,0.0017148704875952466,0.007313830013280464,0.008111352817220361,-0.0012437652056902964,-0.0017904755641106186,-0.0017904755641106186,-0.0005756846753781123
121,31 OPC-Oligo,0.0035126974748324992,0.011476401816398307,0.01661509062324621,-0.002108309263889321,-0.0014429601959916297,-0.0014429601959916297,-0.0009503422643049101
121,33 Vascular,0.002280818144078739,0.009367724232286672,0.010788290318345599,0.00027139528176275794,-0.0008317013453067999,-0.0011030966270695578,-0.0004717252898286239
121,34 Immune,0.001464604463256207,0.006143887341840077,0.006927592273050253,0.000387206914436607,-0.0012314136870354645,-0.0016186206014720717,-0.0004444780934075223
122,01 IT-ET Glut,3.705378158986152e-05,0.0002470252105990768,0.0015259398807701695,-0.0004201977370768733,-0.0010853446504919123,-0.0010853446504919123,-2.8261564583989466e-05
122,02 NP-CT-L6b Glut,5.154381279197388e-05,0.0003436254186131592,0.0021226648447602754,-0.0005772412618901802,-0.0014257155113790705,-0.0014257155113790705,-5.1642280158663105e-05
122,03 OB-CR Glut,0.000309664826359234,0.002063065939185048,0.012752542060177095,-0.0008891593745503017,-0.0018317206051938753,-0.0018317206051938753,-0.0003986090025390874
122,04 DG-IMN Glut,9.694987739255536e-05,0.0006463325159503692,0.003992566426460425,-0.00018799428536348285,-0.0002528211548847812,-0.0002528211548847812,-1.7224898396006483e-05
122,05 OB-IMN GABA,0.0007309756475409285,0.004870646732985298,0.030102862504044633,0.0003557443846277932,0.0012475386467516018,0.0008917942621238086,0.0004581034644742735
122,06 CTX-CGE GABA,9.724798144858003e-05,0.000648319876323867,0.004004842875669912,-0.0005369303028313343,-0.0012525829953126358,-0.0012525829953126358,-8.560184020110123e-05
122,07 CTX-MGE GABA,4.760497773094094e-05,0.000317366518206273,0.0019604566909493157,-0.0003914989679263566,-0.0010961695028551964,-0.0010961695028551964,-3.667128051830228e-05
122,09 CNU-LGE GABA,8.575690217286908e-05,0.0005717126811524605,0.003531620025328054,9.190123231242158e-05,0.0007499926871757919,0.0006580914548633702,3.965987397994072e-05
122,11 CNU-HYa GABA,0.00012727625971899255,0.000848508398126617,0.0052414601761892245,1.3728543465065632e-05,0.00036617524528166835,0.00035244670181660274,3.152367553458921e-05
122,12 HY GABA,0.00020299490868940596,0.0013532993912627063,0.008359687283503017,0.00019358939596063018,0.0010160302373655998,0.0008224408414049697,0.0001173237154795103
122,13 CNU-HYa Glut,0.0002951537333946101,0.0019676915559640675,0.012154949735772028,0.0004644917390022374,0.0029212227264747955,0.002456730987472558,0.0005095676847136603
122,14 HY Glut,0.00018289557583315365,0.0012193038388876914,0.00753196141407053,-5.4132386129378745e-05,-0.0003251467204389028,-0.0003251467204389028,-4.179059667142964e-05
122,16 HY MM Glut,6.857397784440782e-05,0.0004571598522960522,0.002823996987245775,6.242486720098829e-05,0.0005401893775255864,0.0004777645103245981,2.302338747572613e-05
122,19 MB Glut,0.00013390986512585128,0.000892732434172342,0.005514643711291295,-0.00014989706430761942,-0.0006561399367907243,-0.0006561399367907243,-6.174546119655863e-05
122,20 MB GABA,9.021917528263e-05,0.0006014611685508667,0.0037153842783924592,-3.689018002466629e-05,-7.785186403167115e-05,-7.785186403167115e-05,-4.93587169613134e-06
122,21 MB Dopa,0.00014617003596271297,0.0009744669064180863,0.006019539104482188,-3.670476021621571e-05,0.00014772027844725996,0.00014772027844725996,1.517380383337819e-05
122,22 MB-HB Sero,3.501730025026166e-05,0.00023344866833507774,0.001442073998282484,2.6122959004429486e-05,-5.715397660813031e-05,-8.327693561255979e-05,-2.049289852660029e-06
122,23 P Glut,0.00010617707701484556,0.0007078471800989704,0.004372558731897141,3.3484184403511565e-05,0.0001418720054619832,0.00010838782105847162,8.087368735565658e-06
122,24 MY Glut,0.00024241299268652956,0.0016160866179101973,0.00998299329476361,2.3853233818188183e-05,0.0008136124509264618,0.0007897592171082735,0.0001345385027157201
122,26 P GABA,8.832273263894933e-05,0.0005888182175929956,0.0036372854356449933,2.6982710594095647e-05,0.00021302318489030704,0.00018604047429621138,1.1547179825213354e-05
122,30 Astro-Epen,0.0003629630315858897,0.002373222814080779,0.014947455870298979,-0.00034227503593475605,-0.0010995105083338279,-0.0010995105083338279,-0.00028045150299830206
122,31 OPC-Oligo,0.0002863758682827721,0.0019054082271631567,0.011793461815579836,-0.0002200359429437216,-0.00015532345935749114,-0.00015532345935749114,-3.125859598736091e-05
122,33 Vascular,0.0009054249911345031,0.00584636639654489,0.037286993222741635,0.00013563043107055523,0.0012162661981598882,0.001080635767089333,0.0006875872408140291
122,34 Immune,0.019551910631373647,0.07210648222656822,0.805182059631685,0.016366224251136804,0.05679826357667478,0.040432039325537975,0.5555342562299473
123,01 IT-ET Glut,0.015789559205344403,0.0930999747899018,0.2417766011278794,-0.0018078902269824902,-0.008026917915245063,-0.008026917915245063,-0.05605813320638174
123,02 NP-CT-L6b Glut,0.007125917599482688,0.02834249804204337,0.10911515101302552,-0.0004080524363436869,0.000855789600633007,0.000855789600633007,0.0026972897632358056
123,03 OB-CR Glut,0.0010069191432088014,0.00661965010627723,0.015418384065669066,0.0013468744419690766,0.00670952955224379,0.005362655110274714,0.002388329637228528
123,04 DG-IMN Glut,0.0016033571916888414,0.00865192077609685,0.02455130299452931,0.0001868849581171566,0.0012513139086633139,0.0010644289505461573,0.0007548606131868707
123,05 OB-IMN GABA,0.00011375304186075123,0.0007583536124050082,0.0017418360747993994,-0.00033585596979404496,-0.001416152848582933,-0.001416152848582933,-7.125132624197347e-05
123,06 CTX-CGE GABA,0.0015262175246144945,0.00958281425658492,0.023370106846187247,0.0007412211876970795,0.0035893998280139166,0.002848178640316837,0.001922664309194084
123,07 CTX-MGE GABA,0.002214002159830571,0.012288945634255649,0.03390176445916456,0.0007443368505730851,0.003588894086916141,0.002844557236343056,0.002785560018523767
123,09 CNU-LGE GABA,0.0016456316321770683,0.009743761914077248,0.025198627622335688,-0.0004936022968300221,-0.0023137149576426385,-0.0023137149576426385,-0.0016840783172248422
123,11 CNU-HYa GABA,0.0039551806054054115,0.01768927294754926,0.06056344646392366,-0.000238382209326528,-0.0011784070536408576,-0.0011784070536408576,-0.002061491062289468
123,12 HY GABA,0.0023107208258979074,0.01410980199456477,0.0353827627595774,0.0008888093795519343,0.003536526290962076,0.0026477169114101414,0.0027060687824579416
123,13 CNU-HYa Glut,0.0042016911320207845,0.01777005278225672,0.06433812291259458,0.0024830986443906303,0.005991393054907988,0.003508294410517358,0.006519885351178741
123,14 HY Glut,0.004056046054171795,0.020289940509037797,0.06210794210543087,-0.0011908707472441029,-0.0012994308667699816,-0.0012994308667699816,-0.0023311802748455747
123,16 HY MM Glut,0.0027786873407703674,0.01483397613584703,0.042548469663493134,-0.00026943518782658816,0.00024204939388764612,0.00024204939388764612,0.00029748391293217595
123,19 MB Glut,0.002076803570852345,0.012214582341949803,0.03180091996494532,-0.0003797362795482762,-0.0014023761192647258,-0.0014023761192647258,-0.0012881894345247078
123,20 MB GABA,0.003688463559599536,0.017578697798224747,0.05647935900086221,-0.0007210642668301512,-0.0016091349489783865,-0.0016091349489783865,-0.0026251720272572037
123,21 MB Dopa,0.0011229886788786836,0.0069586687167824245,0.01719569130165933,0.0002634525930321643,0.0011907261564146527,0.0009272735633824884,0.0004605778621474462
123,22 MB-HB Sero,0.0025332267739293208,0.013323863081783113,0.038789870655760006,-0.00041092439218962156,-0.0003292776832159375,-0.0003292776832159375,-0.00036894036258204967
123,23 P Glut,0.0019118749417723355,0.011557997038942362,0.029275461030401517,4.258610064105209e-05,-0.00025073910355519874,-0.0002933252041962508,-0.0002480439656628109
123,24 MY Glut,0.002101440687142405,0.010996086517753596,0.032178174210028165,-0.0008718892798789689,-0.0026132590643811607,-0.0026132590643811607,-0.002428954644839016
123,26 P GABA,0.002218444347150333,0.013256781389797804,0.033969785164351944,0.00026463258436784507,0.0010734303623409897,0.0008087977779731447,0.0007936121188174965
123,30 Astro-Epen,0.0003664047595646209,0.002411839084251106,0.005610549113659036,0.0001798736768669863,0.0008392347460137823,0.0006593610691467961,0.00010685730361361126
123,31 OPC-Oligo,0.0005011369222318234,0.003305602494609908,0.007673626614977683,0.0005143841264351219,0.0027741627657741686,0.0022597786393390466,0.0005008897030910407
123,33 Vascular,0.00029405023841345615,0.0019524859745182347,0.004502625201872905,0.00027397783391901046,0.001401818858734578,0.0011278410248155677,0.00014668618953111054
123,34 Immune,0.00016388116004381197,0.0010904200455442443,0.0025094196328720527,0.0001163183890622573,0.0005643947747970071,0.0004480763857347498,3.2478868389859664e-05
124,01 IT-ET Glut,1.8692184421527017e-05,0.00012461456281018013,0.0003498966345640114,-0.0010006157734198957,-0.0006557750081890053,-0.0006557750081890053,-9.850579506318729e-07
124,02 NP-CT-L6b Glut,1.2259344319023272e-05,8.172896212682182e-05,0.00022948111480473255,-0.0010925043483249008,-0.000529249528521866,-0.000529249528521866,-5.21404271370494e-07
124,03 OB-CR Glut,0.000297644926123703,0.0019639673115654233,0.0055715777031280535,-0.0007916912907201954,0.004040137371040219,0.004040137371040219,9.663656350375287e-05
124,04 DG-IMN Glut,6.403780766125193e-05,0.00042691871774167955,0.0011987156171926459,-0.001406351442210553,-0.0009504740310323316,-0.0009504740310323316,-4.891291805466482e-06
124,05 OB-IMN GABA,0.000312791578081423,0.0020852771872094866,0.00585510596421321,0.00032957915008590826,-0.0013075884825470968,-0.0016371676326330051,-4.115239002166953e-05
124,06 CTX-CGE GABA,4.9482477492600674e-05,0.00032988318328400456,0.0009262562338412883,-0.0001779380057196875,0.002683820354923903,0.002683820354923903,1.067214556023928e-05
124,07 CTX-MGE GABA,3.341271473465702e-05,0.00022275143156438013,0.0006254483785126691,-0.0008444100162583917,0.00019689757583363666,0.00019689757583363666,5.28687441165628e-07
124,09 CNU-LGE GABA,3.173962602439957e-05,0.00021159750682933049,0.0005941300426860691,-0.00029296822039731423,0.0019568726167379486,0.0019568726167379486,4.991271836879479e-06
124,11 CNU-HYa GABA,3.305947025177888e-05,0.00022039646834519247,0.0006188360397431552,-0.00029164242108103825,-0.0001242950186397885,-0.0001242950186397885,-3.3021475564680117e-07
124,12 HY GABA,7.760033406111348e-05,0.0005173355604074231,0.0014525908324420703,0.00039216903880381725,0.0010938116758703756,0.0007016426370665583,4.3754872724304396e-06
124,13 CNU-HYa Glut,6.216018481832189e-05,0.000414401232122146,0.0011635686328217273,-0.0002513477976466385,2.555014014824854e-05,2.555014014824854e-05,1.276299048991319e-07
124,14 HY Glut,5.66791112219017e-05,0.00037786074147934477,0.0010609691098373284,0.00041079678598235727,0.0003239711763763053,-8.682560960605195e-05,-3.954738160812137e-07
124,16 HY MM Glut,3.04229522325881e-05,0.00020281968155058737,0.0005694833926111373,1.0423419908347534e-05,0.0006155362588696087,0.0006051128389612611,1.4793964938369243e-06
124,19 MB Glut,5.2050918994270275e-05,0.0003470061266284684,0.0009743345652573718,-0.0016502244192542464,-0.0028999373714510726,-0.0028999373714510726,-1.2130086066294802e-05
124,20 MB GABA,5.7315202751040765e-05,0.0003821013516736051,0.0010728760266695907,-0.0015492898437581473,-0.00303827948498682,-0.00303827948498682,-1.3994082056771122e-05
124,21 MB Dopa,0.00010828921928594458,0.000721928128572964,0.002027052191079383,-0.001051697100281632,-0.001685491158362915,-0.001685491158362915,-1.4667583296191359e-05
124,22 MB-HB Sero,5.1200876087833265e-05,0.0003413391739188884,0.0009584227196704652,-0.003819727474362571,-0.0069927394182284055,-0.0069927394182284055,-2.877210249854731e-05
124,23 P Glut,6.242543390280114e-05,0.00041616955935200767,0.001168533796865026,-0.0028900325659087897,-0.0051126241778423915,-0.0051126241778423915,-2.564792890004414e-05
124,24 MY Glut,4.9913172750680556e-05,0.00033275448500453707,0.0009343183638698834,-0.00044854474039542725,-0.0005026569028019445,-0.0005026569028019445,-2.0162003679768776e-06
124,26 P GABA,0.00011611679527023893,0.0007738144410134136,0.0021735755952966267,-0.0029103196164527185,-0.005732980824393963,-0.005732980824393963,-5.349613327957807e-05
124,30 Astro-Epen,0.0002052180748429105,0.0013616363361793713,0.003841451171246995,0.0007042735501587458,0.00259103464951933,0.0018867610993605843,3.111568631231372e-05
124,31 OPC-Oligo,0.00011023784727174759,0.0007349189818116506,0.0020635283117335585,0.0006679448127552522,0.0038367804905105603,0.003168835677755308,2.8072255291651024e-05
124,33 Vascular,0.05128839078849815,0.24257710405812488,0.960060896276633,0.0355968744459478,0.1122949266996382,0.07669805225369039,0.31611876023332086
124,34 Immune,0.00024087727816289058,0.0016055818174667527,0.004508951285279979,0.0006276610138150033,0.0008620590756726964,0.00023439806185769304,4.537291832338087e-06
125,01 IT-ET Glut,2.2072227067975325e-05,0.00014714818045316884,0.0003205320727147181,0.00036791820106296414,0.000941265697752058,0.0005733474966890938,1.4518699201631885e-06
125,02 NP-CT-L6b Glut,3.162693964250305e-05,0.00021084626428335366,0.00045928525862001704,-0.00011019706127413975,0.0002023519345804603,0.0002023519345804603,7.342232997628904e-07
125,03 OB-CR Glut,0.00017777495040943882,0.0011851663360629256,0.0025816413158493584,-0.0005459137961645634,-0.001878868815847582,-0.001878868815847582,-3.8320454924302424e-05
125,04 DG-IMN Glut,8.532128174529274e-05,0.0005688085449686182,0.0012390325271786793,0.0008907421025056756,0.0012772882609772746,0.000386546158471599,3.783749392957559e-06
125,05 OB-IMN GABA,0.00023002249799184836,0.0015334833199456559,0.0033403782873962346,0.0005202564061005027,-0.001573396351904029,-0.0020936527580045316,-5.525080381335522e-05
125,06 CTX-CGE GABA,8.229281568870261e-05,0.0005486187712580174,0.0011950532540733647,0.00022309222993988073,0.0006275362771498957,0.000404444047210015,3.8184226851772795e-06
125,07 CTX-MGE GABA,3.89086814391398e-05,0.0002593912095942653,0.0005650304461745537,0.00028561775231678526,0.0005795073054618218,0.00029388955314503653,1.3118805511523655e-06
125,09 CNU-LGE GABA,4.278101363729214e-05,0.0002852067575819476,0.0006212643124668492,-0.0003223054119336419,-0.00021670736488966773,-0.00021670736488966773,-1.0636245998696405e-06
125,11 CNU-HYa GABA,0.00018097557045707678,0.0011803477562776512,0.002628120602904635,-0.0004616604012082556,-0.00141231277328939,-0.00141231277328939,-2.9323410012755823e-05
125,12 HY GABA,0.00010589275926330838,0.0007059517284220558,0.0015377707699190675,-0.00044796007032884633,-0.0008891693190661194,-0.0008891693190661194,-1.0802253517034342e-05
125,13 CNU-HYa Glut,0.00017276856024861428,0.0011517904016574284,0.002508938701377077,-0.0005262945533765827,-0.0014319132281152822,-0.0014319132281152822,-2.8382134051041484e-05
125,14 HY Glut,0.00010748806271492398,0.00071658708476616,0.0015609377081886183,-9.897323394952706e-05,-0.0007327889450459696,-0.0007327889450459696,-9.036552500692813e-06
125,16 HY MM Glut,2.2995301527622877e-05,0.00015330201018415253,0.00033393692619459797,0.0004538783854671779,0.0009749159429189265,0.0005210375574517486,1.374585535490953e-06
125,19 MB Glut,5.052627905374728e-05,0.00033684186035831524,0.0007337407730440428,-0.0001844910454289539,-5.600429595628694e-05,-5.600429595628694e-05,-3.2464019456804405e-07
125,20 MB GABA,3.2077609655622675e-05,0.00021385073103748453,0.0004658298720371738,0.00014710435002899432,0.00036112219997903785,0.00021401784995004353,7.876179888952751e-07
125,21 MB Dopa,5.030345710451895e-05,0.000335356380696793,0.0007305049608619491,0.00025757379983675215,0.0003437291118011045,8.615531196435233e-05,4.972142008585442e-07
125,22 MB-HB Sero,2.5972570670386734e-05,0.00017315047113591154,0.0003771727195932751,4.2414135518329445e-06,0.00021124279544807275,0.0002070013818962398,6.16810577982516e-07
125,23 P Glut,4.409498322079285e-05,0.00029396655480528564,0.0006403457306122186,0.0001985560626662698,0.0005198222125488869,0.00032126614988261707,1.6252410458165434e-06
125,24 MY Glut,1.1253323910981974e-05,7.502215940654649e-05,0.00016342035749308839,8.324661908547644e-05,-8.77148297118543e-05,-0.00017096144879733075,-2.207204845234378e-07
125,26 P GABA,4.668537646551781e-05,0.00031123584310345205,0.0006779633263954092,0.00014904052025104496,0.00042997433609670604,0.0002809338158456611,1.5046951289369096e-06
125,30 Astro-Epen,0.00024214266254994607,0.0015913440690617628,0.0035163868730041245,0.0004120635168353866,0.0006512764635084845,0.00023921294667309792,6.645377030470089e-06
125,31 OPC-Oligo,0.00016491443382345806,0.0010994295588230537,0.0023948813652203914,0.00019565636410408979,0.0007131846389589226,0.0005175282748548329,9.791661287629034e-06
125,33 Vascular,0.0007329986449231798,0.004808831522321463,0.010644579463175045,0.0005374174813818982,0.0003726556598971602,-0.000164761821484738,-1.3855537815602324e-05
125,34 Immune,0.06615932217139688,0.13166643280719756,0.9607632523755055,-0.06604294650493386,-0.08450374529396282,-0.08450374529396282,-0.6414024824647607
126,01 IT-ET Glut,0.00516590511443135,0.028168164242179664,0.010171416590279703,0.004159029728055969,0.012289527542719293,0.008130497814663323,0.000504060614656048
126,02 NP-CT-L6b Glut,0.007757504048700758,0.03734017815149853,0.015274149182432766,0.001894029096509122,0.0042635741738811074,0.0023695450773719854,0.00022060034546038187
126,03 OB-CR Glut,0.0031041991354419916,0.01776453519991196,0.006112017523814349,0.0023034958302937435,0.0027420010582737257,0.00043850522797998217,1.633591825165662e-05
126,04 DG-IMN Glut,0.0015254542511930582,0.009410282634991739,0.003003545426135017,0.00565482417082385,0.014477840297482433,0.008823016126658582,0.00016152340563639958
126,05 OB-IMN GABA,0.0017223171785252565,0.009981069894479173,0.003391158980918275,0.0036258495998361248,0.012501856066625771,0.008876006466789647,0.00018346361454124062
126,06 CTX-CGE GABA,0.010978393657071175,0.04574297090205514,0.021615924587195422,0.002565812513819478,0.0065086753175269164,0.003942862803707438,0.0005194809993162082
126,07 CTX-MGE GABA,0.033182426226888724,0.11773274554503184,0.06533458767700591,-0.006148569778613858,-0.01184428246421342,-0.01184428246421342,-0.004716676556861804
126,09 CNU-LGE GABA,0.0019160557814709516,0.011997918220505013,0.003772620892534585,0.0005338600095654473,3.163043906320557e-05,-0.0005022295705022418,-1.1548607742032104e-05
126,11 CNU-HYa GABA,0.005686067670601567,0.03556978665852395,0.011195591432107868,0.0010090931194749867,0.00256190594789432,0.0015528128284193333,0.0001059620462834757
126,12 HY GABA,0.011099835860142241,0.053811819962215506,0.021855038394304735,0.0056965147360250774,0.02403953688614973,0.018343022150124653,0.0024434679642997355
126,13 CNU-HYa Glut,0.008010539581180112,0.0458265487557664,0.015772363872013657,0.005025595229635197,0.020368434942063116,0.01534283971242792,0.0014749820018136988
126,14 HY Glut,0.011255881032209343,0.0547538476121031,0.022162283768897933,0.004371046721934788,0.01326117790367654,0.008890131181741753,0.0012009000584327825
126,16 HY MM Glut,0.05177234690974155,0.18465292407874664,0.1019372397693425,0.010051583804851426,0.01812878877072232,0.008077204965870893,0.005018548880306724
126,19 MB Glut,0.0338203393255096,0.12198959938543584,0.06659060762525139,0.008144128791568662,0.01677015375783285,0.00862602496626419,0.003501127073192433
126,20 MB GABA,0.09085840422010172,0.24533421893176016,0.1788957906851549,-0.012386903861584905,-0.007807648468036749,-0.007807648468036749,-0.008513429786509149
126,21 MB Dopa,0.020244725652117934,0.09224053636742072,0.039860882808003394,0.004175264080973433,0.009287396644622095,0.005112132563648662,0.001242033200881994
126,22 MB-HB Sero,0.021309730599202048,0.09021557476416717,0.041957825889137344,-0.00473754319366385,-0.0051410171669872854,-0.0051410171669872854,-0.0013147591917094489
126,23 P Glut,0.04029459603546133,0.141094120350014,0.07933810504353905,0.0008174758592252459,-0.0036237741676764593,-0.004441250026901706,-0.0021476882031798263
126,24 MY Glut,0.10209688194215534,0.23278094047625886,0.20102380818053006,-0.036136810899321345,-0.05616464072251903,-0.05616464072251903,-0.06881683047687774
126,26 P GABA,0.0438874344721758,0.16778628194228673,0.08641222964937105,-0.006324274300622138,-0.010918071813471918,-0.010918071813471918,-0.005750496492596824
126,30 Astro-Epen,0.0007191037945764374,0.004449167098453288,0.001415880490304554,0.0003360664209292805,0.000902538562100273,0.0005664721411709926,4.888654432552637e-06
126,31 OPC-Oligo,0.0004620933792086187,0.0030373257504422804,0.0009098394491239769,0.0007423828221367228,0.002932449935300686,0.002190067113163963,1.2145247574555996e-05
126,33 Vascular,0.0005887225017875369,0.00373242631035699,0.0011591660491448814,0.002216484553091299,0.005927321001987944,0.003710836448896645,2.621812631462214e-05
126,34 Immune,0.00042556966803285363,0.0027557516610798166,0.0008379260334567101,0.001275539218787364,0.0027128892254882756,0.0014373500067009115,7.340952335519439e-06
127,01 IT-ET Glut,0.0111328278845668,0.04886761173692915,0.17672645159019293,-0.004063428558868842,-0.009361598673785946,-0.009361598673785946,-0.07905397828749113
127,02 NP-CT-L6b Glut,0.006202360201975267,0.025044035817830174,0.09845846188809318,0.0011769862928631284,0.0030334991940946508,0.0018565129012315224,0.00873420079387226
127,03 OB-CR Glut,0.0014315316164703123,0.008288499173890473,0.022724639735846916,-0.0010041918239002984,-0.004674249850054149,-0.004674249850054149,-0.005075526305533456
127,04 DG-IMN Glut,0.002062260545466272,0.009749138691162196,0.03273705407409985,0.000190520905547316,0.0014334569400586163,0.0012429360345113003,0.001944287697207345
127,05 OB-IMN GABA,0.0010519882546992146,0.006575031731861054,0.01669963402787185,-0.0016878361760256054,-0.007259037819253775,-0.007259037819253775,-0.005792394948117921
127,06 CTX-CGE GABA,0.002223524789796349,0.011718142891772788,0.03529701978670526,-0.00035704700141121965,-0.0008362104107772914,-0.0008362104107772914,-0.0014103462948181463
127,07 CTX-MGE GABA,0.0024462984295899287,0.012025205242352854,0.03883340742125487,-0.0003268114780371289,-0.0010652796772189323,-0.0010652796772189323,-0.001976702422126262
127,09 CNU-LGE GABA,0.0014783607431050512,0.008668206451402176,0.023468021872626196,-0.0007995591232141017,-0.003333071854066088,-0.003333071854066088,-0.0037376042410579846
127,11 CNU-HYa GABA,0.0027044493129718705,0.015163252175220196,0.04293138594638856,0.00012933986569395341,0.0007253334669766374,0.000595993601282684,0.0012226120148582586
127,12 HY GABA,0.0030505317514905594,0.016825094924026802,0.04842522111129544,-0.00038832743383343857,-0.000531203856273019,-0.000531203856273019,-0.0012291502812541433
127,13 CNU-HYa Glut,0.0017753355723893886,0.010344305745420052,0.028182305461235405,-5.24839516503415e-05,0.00014853579293333112,0.00014853579293333112,0.0002000229325062038
127,14 HY Glut,0.0033235579820698625,0.01650639198806182,0.052759336164687705,-0.00037778626304260594,-0.0002855449311814638,-0.0002855449311814638,-0.0007198565009007119
127,16 HY MM Glut,0.0008427844144877604,0.005385695308472016,0.013378658196487146,-0.0008977246186828465,-0.004438808974800723,-0.004438808974800723,-0.0028375999455929235
127,19 MB Glut,0.0025275491295913334,0.013799890644070594,0.04012320980114914,-0.0006193393946184497,-0.00213276939448231,-0.00213276939448231,-0.004088949265232844
127,20 MB GABA,0.0022187607799412238,0.012141348278807942,0.03522139420749334,-0.00020559605117314623,-1.673433271232217e-05,-1.673433271232217e-05,-2.8163530503106953e-05
127,21 MB Dopa,0.005275683495393421,0.02015569202693799,0.08374806774353585,0.00029759543651016645,0.000386325707536446,8.873027102627957e-05,0.0003550739055404161
127,22 MB-HB Sero,0.0038128039264430187,0.016829364930010533,0.060525799510790644,-0.001513786995422992,-0.0016192976923951091,-0.0016192976923951091,-0.004683164200683615
127,23 P Glut,0.0031005852366047205,0.015348757591972335,0.049219787856211256,-0.0007647726965559939,-0.002823503580345219,-0.002823503580345219,-0.006640491629818999
127,24 MY Glut,0.002316030528562634,0.011583247201613028,0.03676548863697447,-2.852637428828411e-05,0.00034571817997992117,0.00034571817997992117,0.0006073439557013182
127,26 P GABA,0.00220332257770536,0.013301281940207924,0.03497632271906601,-0.00034343721538989856,-0.0014738649585811492,-0.0014738649585811492,-0.0024632244929742087
127,30 Astro-Epen,0.00046532950741308204,0.0030748356634435516,0.007386805357812853,-0.0001637316592273954,-0.0009366444045878526,-0.0009366444045878526,-0.0003306005348844461
127,31 OPC-Oligo,0.000619170869277998,0.0038333965556408634,0.009828937605979497,0.00011778740497232377,0.0007602979188050989,0.0006425105138327752,0.00030175812339222066
127,33 Vascular,0.00047919047642846124,0.0030552615367765456,0.007606839287654291,-0.0002322823090396233,-0.0008221170023409413,-0.0008221170023409413,-0.00029882024962499124
127,34 Immune,0.000250451135216961,0.0015999586543434376,0.003975749996547389,-0.0002460977886692811,-0.0010882745579264854,-0.0010882745579264854,-0.0002067424681847551
128,01 IT-ET Glut,3.142513735640448e-05,0.0002095009157093632,0.001995751088749117,0.0007524806811344596,0.0014182694240392005,0.0006657887429047408,3.7026628812769894e-05
128,02 NP-CT-L6b Glut,3.2668534967335235e-05,0.00021779023311556823,0.002074716921344193,0.0006467625162649717,0.0012418738238543108,0.0005951113075893391,3.4405541775590285e-05
128,03 OB-CR Glut,0.00019497009242855926,0.0012998006161903952,0.012382182130972029,0.00042475372181403497,-0.00013858818120321694,-0.0005633419030172519,-0.00019437508396128356
128,04 DG-IMN Glut,2.3755851978758578e-05,0.00015837234652505718,0.00150868926722791,0.0008200234768081545,0.0014446702791732445,0.00062464680236509,2.626066209650993e-05
128,05 OB-IMN GABA,0.00028013030601840296,0.00186753537345602,0.017790546366980697,0.0005316721135187226,0.002375198301820033,0.0018435261883013106,0.0009139237153326968
128,06 CTX-CGE GABA,5.4907554817800793e-05,0.00036605036545200533,0.0034870750464944225,0.000820174100110611,0.0016678924058609321,0.0008477183057503211,8.237287140801785e-05
128,07 CTX-MGE GABA,7.237636302095179e-05,0.0004825090868063452,0.004596486044294974,0.0007342557550903366,0.0011972512611479204,0.00046299550605758387,5.9302645967521405e-05
128,09 CNU-LGE GABA,2.935464490526376e-05,0.0001956976327017584,0.001864258025831167,0.0006321245102973914,0.001408887209167722,0.0007767626988703305,4.035206208620204e-05
128,11 CNU-HYa GABA,5.292997274332764e-05,0.00035286648495551766,0.003361482546023898,0.0009121198663770729,0.002054477181631229,0.0011423573152541562,0.00010700502611120313
128,12 HY GABA,0.0002419535948923734,0.0016130239659491558,0.015366015586716462,0.0005230943178648077,0.0016251761173358206,0.0011020817994710128,0.0004718961663969942
128,13 CNU-HYa Glut,2.904808356772197e-05,0.00019365389045147981,0.0018447888945994232,0.000786428198992343,0.0018735596859334692,0.0010871314869411262,5.588562338757684e-05
128,14 HY Glut,0.00013569845261158988,0.0009046563507439324,0.008617952293085441,0.0009146602829244182,0.0027506901654309056,0.0018360298825064875,0.0004409153113931215
128,16 HY MM Glut,0.0001729066397116939,0.0011527109314112926,0.010980973942703769,0.0006108169787383335,0.001016557685128574,0.0004057407063902406,0.00012415402153871717
128,19 MB Glut,0.0001971977991427841,0.00131400752615359,0.012523659574647286,9.954493040479664e-05,0.0005087636736045883,0.0004092187431997917,0.00014280983609580217
128,20 MB GABA,9.545288369796076e-05,0.000636352557986405,0.0060620322642957,-0.000378491276437173,-0.0007767603654315512,-0.0007767603654315512,-0.00013121293515668298
128,21 MB Dopa,9.196949570708192e-05,0.000613129971380546,0.00584080887562799,0.00019421394000381003,0.0004659040736801197,0.00027169013367630965,4.421994646592799e-05
128,22 MB-HB Sero,7.803135854062204e-05,0.0005202090569374802,0.004955624123382899,-0.0014640064000175906,-0.0026903275969716203,-0.0026903275969716203,-0.0003715137351330686
128,23 P Glut,0.00015747938767822435,0.0010498625845214956,0.0100012183192672,-0.0003571407799838708,-0.0007269317422139233,-0.0007269317422139233,-0.00020258994685700245
128,24 MY Glut,0.0004856068099075841,0.0031039330081563763,0.03083997083562572,0.00014593008463756945,-3.369757922228742e-05,-0.00017962766385985686,-0.00015436844522659506
128,26 P GABA,0.0001419794254291289,0.0009465295028608594,0.009016845007438283,-0.0003249779021194421,-0.0006806078039136447,-0.0006806078039136447,-0.00017101054010525474
128,30 Astro-Epen,0.012430804698489274,0.04504566678961052,0.7894569156427743,-0.0012422767235605267,-0.002179434529753602,-0.002179434529753602,-0.04794503174003384
128,31 OPC-Oligo,0.00035039632153316625,0.0023336312486686188,0.022253008229126587,0.0011712543358511375,0.0036168971447923756,0.0024456428089412383,0.0015165373329391204
128,33 Vascular,0.00023405348538207561,0.0015603565692138375,0.01486429456072385,-0.0002710811761708051,-0.0011373310775002173,-0.0011373310775002173,-0.0004710885612194432
128,34 Immune,0.00013092350529086792,0.0008728233686057863,0.008314704412066765,0.00010359710433859497,-0.00010236001135618856,-0.00020595711569478353,-4.771939901232545e-05
129,01 IT-ET Glut,0.00037759014334087554,0.002131184175925348,0.009215080875235369,0.0023056396878470744,0.005071708368695635,0.0027660686808485607,0.001516652856295135
129,02 NP-CT-L6b Glut,0.0003916530486212677,0.002059568947420991,0.009558285833799656,0.0021294617682446736,0.0048737386014592685,0.002744276833214595,0.0015607452070788164
129,03 OB-CR Glut,0.001468667254518778,0.008252086022127717,0.03584279878032328,-0.0007144484373648942,-0.006534647757360229,-0.006534647757360229,-0.013936322040061387
129,04 DG-IMN Glut,0.0010460834545442496,0.005554115458825717,0.025529648498182404,0.0005182577533964451,-0.001150899302358552,-0.001669157055754997,-0.0025355145951774212
129,05 OB-IMN GABA,0.004979665756560836,0.015022064593331736,0.12152865610403944,-0.000139197068041981,0.003620249848383342,0.003620249848383342,0.026178292522190203
129,06 CTX-CGE GABA,0.0006870683090689708,0.0036889100131752067,0.016767890122507813,0.0026072539880209462,0.005091807531142485,0.002484553543121539,0.0024788534770376377
129,07 CTX-MGE GABA,0.0004483206718422216,0.0024085460107081944,0.010941258192050635,0.0025955938990225177,0.005624971408049336,0.0030293775090268183,0.001972171780705088
129,09 CNU-LGE GABA,0.0006112101966566599,0.0030004448567054684,0.014916574209605201,0.002038968148917506,0.0030840919619841067,0.0010451238130666008,0.0009276003699551075
129,11 CNU-HYa GABA,0.0005376552005407088,0.003148195909569536,0.013121465809823154,0.0021221421976711256,0.002958482072581033,0.0008363398749099073,0.0006529639934906781
129,12 HY GABA,0.0006949438142230838,0.00409372005048699,0.016960091688699035,0.0010628640267825054,0.0027168366577351843,0.0016539726309526789,0.001669093214172126
129,13 CNU-HYa Glut,0.0001928992688326842,0.0012859951255512283,0.004707703297917428,0.0007041212840015727,0.0012311191407349917,0.000526997856733419,0.00014761891521599332
129,14 HY Glut,0.0005268471249621251,0.0029684508201823175,0.012857694913472207,0.0012471350696592433,0.003088586185197718,0.0018414511155384749,0.0014087936576671308
129,16 HY MM Glut,0.00023548902313143884,0.0015340054479622066,0.005747105510186302,0.0019298523251400697,0.0030139511410262054,0.0010840988158861357,0.0003707166716513835
129,19 MB Glut,0.0003508269029694098,0.0022052439389003893,0.00856192445985782,0.001504880206624921,0.0037574168883667417,0.0022525366817418204,0.0011475386999895826
129,20 MB GABA,0.0005261148216532728,0.0030992952894765896,0.012839823063967429,0.0005131713697633211,0.0015527863812374331,0.001039615011474112,0.0007942471366639183
129,21 MB Dopa,0.00044452352071484705,0.0026902596248467273,0.010848588784886955,0.00021275841366558812,0.0006486477268750614,0.00043588931320947324,0.00028136725001431473
129,22 MB-HB Sero,0.0005733982374229603,0.0033102961502473023,0.013993774002728285,0.0012866905856716974,0.0032519513130967632,0.001965260727425066,0.001636360954982243
129,23 P Glut,0.0006869932863658141,0.0038788973558008914,0.016766059194743253,0.00072087497684413,0.0017719676394634919,0.0010510926626193617,0.0010485667362956348
129,24 MY Glut,0.0015057273081400314,0.007708459958369022,0.03674724874381744,-0.0010779634990742545,-0.0037056266209441113,-0.0037056266209441113,-0.008102341867071023
129,26 P GABA,0.0007461962031438456,0.0043792466599949795,0.018210905348120927,0.0006914098686356871,0.0018685015725237416,0.0011770917038880545,0.00127545726777836
129,30 Astro-Epen,0.015599185010929916,0.03051198085898602,0.3806978386448714,0.011165442485013149,0.010270987966585371,-0.0008944545184277775,-0.020261087418545796
129,31 OPC-Oligo,0.0026489823440282176,0.009837016494586721,0.06464836799315903,0.0016706677194482705,0.0032413674449283396,0.001570699725480069,0.006041917774580941
129,33 Vascular,0.002587039453918272,0.009774919763873234,0.06313665283831278,0.0024582033925756555,0.004964569820780018,0.0025063664282043625,0.009415647601406415
129,34 Immune,0.003108158868911178,0.010230328195384343,0.07585456308969281,0.0015274428814082504,0.0023282413855977044,0.000800798504189454,0.003614340310114389
130,01 IT-ET Glut,0.004256134948743733,0.022519008988200674,0.011079670161421215,-0.0027194976496918853,-0.00923312083545812,-0.00923312083545812,-0.0001950827094441271
130,02 NP-CT-L6b Glut,0.001491479054035637,0.009055050707289026,0.0038826531983580637,-0.0010162964135188193,-0.0038833272811239056,-0.0038833272811239056,-2.875252715189073e-05
130,03 OB-CR Glut,0.003342259060038739,0.01743924087850201,0.008700647048369852,-0.002819359625310253,-0.011890972044258586,-0.011890972044258586,-0.00019729330004770697
130,04 DG-IMN Glut,0.3442617833955992,0.583545164934927,0.8961903358660487,-0.09058234951573489,-0.059717018386478166,-0.059717018386478166,-0.10205676542549887
130,05 OB-IMN GABA,0.009668021478979431,0.019276161783791622,0.025168019903186005,-0.017609452832119437,-0.029491712048977728,-0.029491712048977728,-0.0014154432487722577
130,06 CTX-CGE GABA,0.0016738677216679453,0.010352485057883673,0.004357451648802764,-0.0002584175245790911,-0.0005780039049906815,-0.0005780039049906815,-4.802935749830671e-06
130,07 CTX-MGE GABA,0.0013081543031019751,0.00763068257220098,0.0034054179139436903,-0.0004281145848595844,-0.0008984013221557954,-0.0008984013221557954,-5.834239138506827e-06
130,09 CNU-LGE GABA,0.0012513553895528487,0.007914838524941308,0.0032575576521732897,-0.00022440513173775734,-0.001028935292403219,-0.001028935292403219,-6.39180624945354e-06
130,11 CNU-HYa GABA,0.0031854620756111146,0.01794581037923796,0.008292469466905629,-0.0008246303577960843,-0.005157090795225306,-0.005157090795225306,-8.155152495092849e-05
130,12 HY GABA,0.0017127451940356694,0.010674929097997402,0.004458658395236237,0.0006244173647055203,0.0014431242454302183,0.000818706880724698,6.961071070075584e-06
130,13 CNU-HYa Glut,0.00040797452180655876,0.0027074951326290656,0.0010620488284128384,9.18306102795682e-05,-0.0007191522369906281,-0.0008109828472701963,-1.6424780736232086e-06
130,14 HY Glut,0.001667477452167481,0.010059549541793899,0.004340816349602809,-0.00013188817340670323,-0.0012691179066616994,-0.0012691179066616994,-1.050550204712551e-05
130,16 HY MM Glut,0.0010336497922479619,0.006398325233808752,0.002690821343413787,-2.2512149765804857e-05,-0.0017851615986605202,-0.0017851615986605202,-9.160218382271692e-06
130,19 MB Glut,0.0010754970522112528,0.006932316649891012,0.0027997591104574203,-0.00018807546507657093,-0.0004059948032004399,-0.0004059948032004399,-2.167627084029964e-06
130,20 MB GABA,0.001178986949533,0.0074605522889792985,0.003069166434513899,-0.000214957580896536,-0.0011271626980280892,-0.0011271626980280892,-6.597060631854945e-06
130,21 MB Dopa,0.001138380835115921,0.007273849048260595,0.0029634596466191774,-3.89483569141007e-05,-0.0005771317523309642,-0.0005771317523309642,-3.2615002359837717e-06
130,22 MB-HB Sero,0.0012107606611961228,0.007162738666878013,0.003151880504737498,-0.0002501587065251794,4.08022871988089e-06,4.08022871988089e-06,2.452435985833954e-08
130,23 P Glut,0.0014458577031870163,0.009162538601103483,0.0037638906295465674,-0.00019206564029204944,-0.0002392683794115734,-0.0002392683794115734,-1.7173773509898718e-06
130,24 MY Glut,0.00016751931301683048,0.0011167954201122033,0.00043609019832470375,-0.00013891611206221738,0.0005673522192508372,0.0005673522192508372,4.7181583352340265e-07
130,26 P GABA,0.0007871487718420619,0.005199970197137284,0.002049124114956011,-0.00012569122684024804,0.0004308273404493846,0.0004308273404493846,1.683507083201695e-06
130,30 Astro-Epen,0.0003704786788125373,0.0024350848536690167,0.0009644387719176096,-9.828987431125684e-05,-0.002019393678877721,-0.002019393678877721,-3.713975902354948e-06
130,31 OPC-Oligo,0.0005655121756387153,0.0036336297311044467,0.0014721545378146635,-0.00010774759377728665,-0.0007366958641007299,-0.0007366958641007299,-2.0681644150415107e-06
130,33 Vascular,0.0005150327829230646,0.0030378106513196464,0.001340745400657642,-0.00019678786242859626,-0.002328858467330335,-0.002328858467330335,-5.954329162454756e-06
130,34 Immune,0.0004235990148533547,0.0024127563941098826,0.0011027228745797758,1.201558240854971e-06,-0.0018005176662151843,-0.0018017192244560393,-3.78875850053413e-06
131,01 IT-ET Glut,4.1449403832538e-05,0.00027632935888358666,0.000678952705408227,-0.0010643143592002943,-0.0016811761782855035,-0.0016811761782855035,-9.088827033150515e-06
131,02 NP-CT-L6b Glut,5.1529798120373625e-05,0.00034353198746915755,0.0008440723534726213,-0.0013416992792171045,-0.0023779239192837118,-0.0023779239192837118,-1.598205860951454e-05
131,03 OB-CR Glut,0.00032615973585662294,0.002174398239044153,0.005342586734172754,-0.004216556817807975,-0.006724926245769722,-0.006724926245769722,-0.000286084412040815
131,04 DG-IMN Glut,0.0001334045692326773,0.0008893637948845151,0.0021852037621646852,-0.0010768484013164324,-0.0012890605643591981,-0.0012890605643591981,-2.242953911833687e-05
131,05 OB-IMN GABA,0.0010105297572953133,0.005925112732953882,0.016552757076630818,0.0011730737060562876,-0.0016312111980685523,-0.00280428490412484,-0.0003696132771667545
131,06 CTX-CGE GABA,0.00010456015063788657,0.0006970676709192437,0.0017127242032310295,-0.0027506189358956486,-0.003982200601645039,-0.003982200601645039,-5.430823097795411e-05
131,07 CTX-MGE GABA,6.367539506138805e-05,0.00042450263374258694,0.0010430205925164421,-0.000610877825279175,-0.0011481224602922346,-0.0011481224602922346,-9.53534000920363e-06
131,09 CNU-LGE GABA,8.289866709195309e-05,0.0005526577806130204,0.0013579031081897986,-8.465161777624195e-05,0.0003931612167693324,0.0003931612167693324,4.251033629994986e-06
131,11 CNU-HYa GABA,0.00010653653798896597,0.0007102435865931064,0.0017450979749834856,-8.700464137339315e-05,0.0003236479549348315,0.0003236479549348315,4.497257653215849e-06
131,12 HY GABA,0.0001873444075110546,0.0012489627167403638,0.0030687532403754565,0.0001090945812594055,0.0006150381414703013,0.0005059435602108958,1.2362865041781475e-05
131,13 CNU-HYa Glut,0.0002476335849921646,0.0016403551932393263,0.004056306651831362,-1.4165596908331037e-05,0.001356699382666252,0.001356699382666252,4.3819709580440814e-05
131,14 HY Glut,0.00012100206638446423,0.0008066804425630948,0.001982047333265286,0.000613486447334841,0.0007368839413057149,0.0001233974939708739,1.9474909552681832e-06
131,16 HY MM Glut,9.731514002973114e-05,0.0006487676001982076,0.0015940489244986253,0.00022370161936450413,0.00036572327895851805,0.00014202165959401392,1.8026496049636656e-06
131,19 MB Glut,7.03710603113847e-05,0.00046914040207589807,0.0011526974422573885,0.00017784302771928342,2.6186585345017316e-05,-0.0001516564423742661,-1.3919745058736147e-06
131,20 MB GABA,7.51140842378906e-05,0.0005007605615859375,0.0012303894867492127,0.000319829274542192,0.0005122092855998579,0.00019238001105766593,1.8847668939251787e-06
131,21 MB Dopa,0.00014599031281992684,0.0009732687521328457,0.002391361725079205,0.000275894160799136,0.0003269784673340685,5.108430653493249e-05,9.727200413911886e-07
131,22 MB-HB Sero,6.031408556944905e-05,0.00040209390379632707,0.0009879614128359172,0.0007865917812247389,0.0016637043632134266,0.0008771125819886877,6.900020980205338e-06
131,23 P Glut,6.768896119505095e-05,0.00045125974130033977,0.0011087639164926992,0.0006631774519302588,0.001158728230551225,0.0004955507786209662,4.375043087587931e-06
131,24 MY Glut,4.7639569789787485e-05,0.0003175971319319166,0.0007803493368430366,-0.0005820158232123116,-0.0007246200353974834,-0.0007246200353974834,-4.502507981499862e-06
131,26 P GABA,5.13747369505307e-05,0.0003424982463368713,0.0008415324085992532,0.0006079102063958639,0.0010754232800761871,0.00046751307368032326,3.132706396693216e-06
131,30 Astro-Epen,0.00024886523569869057,0.0016569289829917737,0.004076481431248993,-0.002114426176267771,-0.0032963758033946436,-0.0032963758033946436,-0.0001069983976146204
131,31 OPC-Oligo,0.0001979891969484435,0.0013199279796562897,0.0032431178371792025,-0.0024257825576799053,-0.0035374818370602027,-0.0035374818370602027,-9.135073276073808e-05
131,33 Vascular,0.0007309399559017771,0.004791375168727796,0.011972998756640842,-6.794088439673827e-05,0.0005667335603224274,0.0005667335603224274,5.403024741829475e-05
131,34 Immune,0.05677870322052232,0.1348150815210288,0.9300508715853336,0.01744251929282559,0.022575890786809334,0.005133371493983744,0.03801583084264419
132,01 IT-ET Glut,2.7054461746241752e-05,0.00018036307830827835,0.0012802164205834062,0.00011837174028446011,0.00044211837070958746,0.00032374663042512733,7.58574182076399e-06
132,02 NP-CT-L6b Glut,3.1926577321957193e-05,0.00021284384881304795,0.0015107648019008627,9.046380961163718e-05,0.00024255648967313933,0.00015209268006150217,4.205470374889927e-06
132,03 OB-CR Glut,0.00012699526065828808,0.000846635071055254,0.006009412405094147,0.006269082730640253,0.01748791168542645,0.011218828954786198,0.0012339255105806909
132,04 DG-IMN Glut,2.497733390085118e-05,0.0001665155593390079,0.0011819267853926622,-1.9741474130542523e-06,0.0003478486306051518,0.0003478486306051518,7.524718890636409e-06
132,05 OB-IMN GABA,0.00012958182079854708,0.0008638788053236472,0.006131808363122995,0.00045074301463564695,0.0014379334794472531,0.000987190464811606,0.00011078958422256754
132,06 CTX-CGE GABA,8.605695451633159e-05,0.0005737130301088774,0.004072212831678731,0.002692606329884275,0.008128608281353073,0.005436001951468799,0.0004051533919962546
132,07 CTX-MGE GABA,3.214342817343411e-05,0.0002142895211562274,0.0015210261785078766,0.0006500598763326367,0.0020719093905437872,0.0014218495142111504,3.958218187030162e-05
132,09 CNU-LGE GABA,2.8006449867965023e-05,0.0001867096657864335,0.0013252644735464185,0.001122573200859438,0.003642360252636985,0.002519787051777547,6.111893852753786e-05
132,11 CNU-HYa GABA,7.276812857589467e-05,0.00048512085717263123,0.003443385936551706,-0.002602204852457292,-0.004444683966646916,-0.004444683966646916,-0.0002801147609669429
132,12 HY GABA,0.0001960349294743301,0.0013068995298288672,0.009276367723553407,-0.0038726270738547435,-0.007021098945138369,-0.007021098945138369,-0.001192044468302846
132,13 CNU-HYa Glut,0.00010663923311265682,0.0007109282207510456,0.005046165715280205,-0.004674498966548248,-0.00816484802080627,-0.00816484802080627,-0.0007540827757544946
132,14 HY Glut,0.0001345814443752869,0.0008972096291685794,0.006368390419706228,-0.0026608910227912492,-0.004073194706514013,-0.004073194706514013,-0.00047476014984602395
132,16 HY MM Glut,4.8116820269379796e-05,0.00032077880179586535,0.002276886673736083,-0.00017435739975071757,-0.0003614519049900467,-0.0003614519049900467,-1.5062648460684706e-05
132,19 MB Glut,7.742737119596827e-05,0.0005161824746397884,0.003663861175188781,-0.0004445549078189557,-0.0006147893471797368,-0.0006147893471797368,-4.1226337147000504e-05
132,20 MB GABA,8.330414733811423e-05,0.0005553609822540949,0.003941950068171957,0.00019504158599856057,0.0005816743167029817,0.0003866327307044211,2.7894536073919973e-05
132,21 MB Dopa,6.015061341773752e-05,0.0004010040894515836,0.0028463254500433496,0.00012277430046711424,6.728177641603717e-05,-5.549252405107707e-05,-2.8908692005362775e-06
132,22 MB-HB Sero,1.4174856867042967e-05,9.449904578028645e-05,0.0006707538553461971,2.9080630518427033e-05,0.0005377988240263425,0.0005087181935079154,6.245250381170127e-06
132,23 P Glut,0.00014699222217126078,0.0009799377690884598,0.006955668099655814,-5.931415394664867e-06,-0.00018399042634361596,-0.00018399042634361596,-2.3423052065157018e-05
132,24 MY Glut,3.9997689070825705e-05,0.00026665126047217136,0.0018926895982683415,7.123466487255935e-05,0.00044183452239974553,0.0003705998575271862,1.283790183686413e-05
132,26 P GABA,9.348577183088943e-05,0.0006232384788725961,0.004423744272252758,9.722720597406245e-05,0.00029628466123608066,0.0001990574552620182,1.611676480862691e-05
132,30 Astro-Epen,0.018923989040725155,0.060893287184847135,0.8954826653035228,0.008077550439456236,0.016397727430164075,0.008320176990707839,0.1363638189279004
132,31 OPC-Oligo,0.0003660983741745093,0.002406953385800942,0.017323765468451865,0.0006936429974245026,0.003520119281823107,0.002826476284398604,0.0008961837165527071
132,33 Vascular,0.00018277557861478164,0.001218503857431878,0.00864893558848132,-0.000567325278064918,-0.0006590156834093794,-0.0006590156834093794,-0.00010432005807225071
132,34 Immune,9.944663987774181e-05,0.0006629775991849453,0.004705812391962123,-0.0002911058279091542,-0.00024862158144662715,-0.00024862158144662715,-2.1413262495706005e-05
133,01 IT-ET Glut,4.837072367384634e-05,0.0003224714911589756,0.0018480828196630087,0.0029390851872611724,0.0050031308904231325,0.00206404570316196,7.925725324353583e-05
133,02 NP-CT-L6b Glut,7.335910910667996e-05,0.0004890607273778664,0.0028028050628306606,0.005724183453707062,0.008970677536775301,0.003246494083068239,0.00018906267011102143
133,03 OB-CR Glut,0.00033099306586503773,0.0022066204391002512,0.012646132867007437,3.232277294756853e-05,0.0017490293994242621,0.0017167066264766936,0.0004510784734909634
133,04 DG-IMN Glut,8.793896974532419e-05,0.0005862597983021614,0.0033598525476076593,0.0008449647923003335,0.002088044785425954,0.0012430799931256206,8.677958580568794e-05
133,05 OB-IMN GABA,0.0011297540580878789,0.007394059929975756,0.043164106439153256,-0.011173655265895647,-0.020976196466397052,-0.020976196466397052,-0.018812554666829896
133,06 CTX-CGE GABA,0.00014482776110993646,0.0009655184073995762,0.0055333821119209385,0.0005904294626199601,0.001779894155171649,0.0011894646925516888,0.00013675414388900707
133,07 CTX-MGE GABA,0.00010094051648921628,0.0006729367765947753,0.003856597961805881,0.0009670040895628319,0.0020806991359482107,0.0011136950463853787,8.924192577349567e-05
133,09 CNU-LGE GABA,0.0001423674943586329,0.0009491166290575526,0.0054393835861694904,-0.003461759100477012,-0.005876927201867467,-0.005876927201867467,-0.0006641990890211521
133,11 CNU-HYa GABA,9.099786840332033e-05,0.0006066524560221356,0.0034767227870328658,0.001935737709072179,0.004874948027890544,0.0029392103188183643,0.00021232396014081879
133,12 HY GABA,0.00017948527601402908,0.001196568506760194,0.006857529302654402,0.0022840542652411235,0.0060955276454388784,0.003811473380197755,0.0005430737873275157
133,13 CNU-HYa Glut,1.8709567487596492e-05,0.00012473044991730993,0.0007148297071240242,0.00276697570824636,0.007095041950430229,0.004328066242183869,6.428279773609263e-05
133,14 HY Glut,0.0001325661410044054,0.0008837742733627026,0.005064906808324875,0.0010854487663373494,0.0032620003865524577,0.002176551620215108,0.00022905443687316727
133,16 HY MM Glut,7.859482286373857e-05,0.0005239654857582571,0.003002844092809553,0.0006016881227251036,0.0011047746750837593,0.0005030865523586557,3.138873193143923e-05
133,19 MB Glut,0.00013776778265160199,0.0009184518843440133,0.005263644057472655,0.00011566587651754354,9.990303294784102e-05,-1.576284356970251e-05,-1.7239289272784612e-06
133,20 MB GABA,0.00016763517524081745,0.0011175678349387827,0.006404776769987853,8.710506034537068e-06,-6.35510861607944e-05,-7.226159219533147e-05,-9.61633982540481e-06
133,21 MB Dopa,0.00020020068527868795,0.0013344754103144286,0.00764899548419106,0.00011492195519985885,0.00020408445090955583,8.916249570969699e-05,1.4170491005809055e-05
133,22 MB-HB Sero,3.942599630441045e-05,0.0002628399753627364,0.0015063348423227,-0.00011973123756869578,-0.0002605228090672325,-0.0002605228090672325,-8.153903212775173e-06
133,23 P Glut,0.0001388099142310986,0.0009253994282073241,0.005303460403427746,4.911801310391617e-05,7.269748915106296e-05,2.3579476047146783e-05,2.5983147536230052e-06
133,24 MY Glut,6.868956276591848e-05,0.0004579304184394566,0.00262439738743242,0.00014505687091504715,0.0005781476641599379,0.0004330907932448907,2.3616026438234122e-05
133,26 P GABA,0.0002556707060118829,0.0017044713734125528,0.009768318589931496,0.00018288426253687033,0.0008705608061127979,0.0006876765435759276,0.0001395732864097518
133,30 Astro-Epen,0.021770130791647076,0.057269871274520906,0.8317635470815434,0.002042868153629375,0.0052994311729696675,0.0032565630193402925,0.05628046123782402
133,31 OPC-Oligo,0.000393708198033214,0.0025830241643089408,0.015042267336162984,0.0004390155779413415,0.0010108943018662558,0.0005718787239249142,0.0001787374346464938
133,33 Vascular,0.00030786531097480775,0.00204553124671182,0.011762499064912361,0.0021885579023270983,0.005657835851109366,0.003469277948782268,0.0008478850458924812
133,34 Immune,0.00013465153978475033,0.0008976769318983358,0.00514458288851107,0.0009504267553209341,0.0024502414481299656,0.0014998146928090314,0.00016031938965302273
134,01 IT-ET Glut,0.00629527362348815,0.03862541202827821,0.07269426894978173,-0.00015155058990208668,-0.00047777075626465656,-0.00047777075626465656,-0.00119804179398662
134,02 NP-CT-L6b Glut,0.00634502702533287,0.03852866729366354,0.07326879317083737,0.00019669542674094235,-8.55565805038012e-05,-0.0002822520072447435,-0.0007133592697826674
134,03 OB-CR Glut,0.0024863488215979292,0.016044303003432077,0.02871095376471732,0.00025516875682679135,0.0003652595324058628,0.00011009077557907148,0.00010903119770945041
134,04 DG-IMN Glut,0.009219835323826218,0.05181776236550101,0.1064654578638559,-0.0009670747709886086,0.004213839901358449,0.004213839901358449,0.015475296872082937
134,05 OB-IMN GABA,0.003956127345231238,0.02129925266702849,0.04568312712585097,-0.0020666645561000442,-0.005276292761052059,-0.005276292761052059,-0.008314515388139581
134,06 CTX-CGE GABA,0.0060903791454823076,0.03791164481398531,0.07032826308866892,-0.0009345115511171075,-0.003781368919407536,-0.003781368919407536,-0.009173417798519387
134,07 CTX-MGE GABA,0.006387436361222325,0.04013347659822487,0.07375851226066805,0.0005621469537280517,0.0028646888524653377,0.002302541898737286,0.00585830423281049
134,09 CNU-LGE GABA,0.006696549266303916,0.041224928769191566,0.07732797373316219,0.0013441067131194097,0.010156657126931725,0.008812550413812315,0.02350663568383793
134,11 CNU-HYa GABA,0.002973337132106639,0.018442907341000295,0.034334420088315255,0.0014762018250030636,0.009957449326932986,0.008481247501929922,0.010044809051068736
134,12 HY GABA,0.0029510949513937234,0.01821932756846517,0.03407757993116281,-0.0010779070094528722,-0.0057270653135391494,-0.0057270653135391494,-0.0067321395968645385
134,13 CNU-HYa Glut,0.0024963406594975986,0.0159106537434941,0.028826333872878328,-0.002453472832972068,-0.015237539329442997,-0.015237539329442997,-0.01515152977949003
134,14 HY Glut,0.0029917335018608254,0.01927446856536165,0.03454685098974913,0.0006503113210277412,0.004430462363475313,0.0037801510424475718,0.00450474126339082
134,16 HY MM Glut,0.0036007620206293294,0.022663618178557176,0.04157956880145143,-0.0012581187359259152,-0.006045653058536839,-0.006045653058536839,-0.008671124735630337
134,19 MB Glut,0.002058801667340431,0.01319487458259859,0.023773880385675357,-0.0005825596256976328,-0.002786899753390772,-0.002786899753390772,-0.0022854601446461783
134,20 MB GABA,0.0022304788847517317,0.014524033341131193,0.02575631205766553,-0.0003574154127667242,-0.0015524581829482814,-0.0015524581829482814,-0.001379290740989177
134,21 MB Dopa,0.002926959223614753,0.01882547722990277,0.033798874160548345,-0.0012731914191412735,-0.007324845958451815,-0.007324845958451815,-0.008539903472494488
134,22 MB-HB Sero,0.0022103732656123054,0.013503290963120359,0.02552414370843443,-0.0015234490131118656,-0.009897699784544307,-0.009897699784544307,-0.00871440399324249
134,23 P Glut,0.002820810495371883,0.017340489255132686,0.03257312852007706,-0.0007432274656792415,-0.0022322918316366857,-0.0022322918316366857,-0.0025082029521651425
134,24 MY Glut,0.0033344061911571637,0.019239946781829224,0.038503841920931314,-0.0021840459450019377,-0.008856847970520696,-0.008856847970520696,-0.01176347103325901
134,26 P GABA,0.003456788067669711,0.0206181504430857,0.039917038801300216,-0.0006541669294863628,-0.0028356177402574425,-0.0028356177402574425,-0.003904435318763848
134,30 Astro-Epen,0.0010355343638750244,0.0065735407991349285,0.011957766740020059,-8.427261328920511e-05,-0.0008107860053264719,-0.0008107860053264719,-0.0003344325598092587
134,31 OPC-Oligo,0.001289552669897286,0.008122874074998091,0.01489102685873093,-0.00017881341965002463,-0.0010217784438881,-0.0010217784438881,-0.00052484808263693
134,33 Vascular,0.0013128959179345145,0.008388758051547393,0.01516058152028661,-0.00013575118230877637,-0.0011566710646914954,-0.0011566710646914954,-0.0006048921704502908
134,34 Immune,0.0014324653332593255,0.009028536039300742,0.016541301685230575,-0.0002893859571420652,-0.0021215152269808374,-0.0021215152269808374,-0.001210509124760785
135,01 IT-ET Glut,0.0010778417092136036,0.006958899499116454,0.008700947896720483,0.0002470292736971246,0.0015783900581501618,0.0013313607844530372,0.00017856486803207155
135,02 NP-CT-L6b Glut,0.0017134153833831892,0.00986080283538676,0.013831658070769637,-0.0001041233079638355,-0.0005290539386380101,-0.0005290539386380101,-0.00011279968446757623
135,03 OB-CR Glut,0.002859626935614103,0.012878247043400966,0.02308452600984458,-0.003985870285721545,-0.013520132230802846,-0.013520132230802846,-0.004811002575839064
135,04 DG-IMN Glut,0.0006265533861827038,0.003987918483825971,0.005057893307605439,3.9186196479842115e-05,0.0007622669716857125,0.0007230807752058704,5.637546895269123e-05
135,05 OB-IMN GABA,7.385745342305481e-05,0.0004923830228203655,0.0005962191373047943,-0.0002076520840103443,-0.0009119740637885594,-0.0009119740637885594,-8.381506530112266e-06
135,06 CTX-CGE GABA,0.0011660109479837975,0.007397016689624719,0.009412699859995946,0.0004445391618029392,0.002838649040556393,0.002394109878753454,0.0003473697354802492
135,07 CTX-MGE GABA,0.0015965547002291891,0.00979336729634175,0.012888292540742063,0.00036710355820016006,0.0020931795662856474,0.0017260760080854874,0.0003429169796124009
135,09 CNU-LGE GABA,0.0014308662606181697,0.009044017340300275,0.011550761743946097,0.0004814761163415351,0.0016592825959250953,0.0011778064795835601,0.00020970957186531493
135,11 CNU-HYa GABA,0.006699611176036133,0.0306467859570055,0.05408305066753016,0.002017807525479813,0.00777783297049453,0.005760025445014718,0.004801968108404542
135,12 HY GABA,0.015036218894452022,0.05795899723201839,0.12138086329927293,-0.002457273729032919,-0.003592557930293852,-0.003592557930293852,-0.006721832566759
135,13 CNU-HYa Glut,0.0055126252950803796,0.024506585099912576,0.04450102928530499,0.002528369643906683,0.0087719172998754,0.006243547655968716,0.004282872794758402
135,14 HY Glut,0.014726649186182699,0.05097126920017593,0.11888184152359905,-0.0003464332536210721,0.0021517743976270693,0.0021517743976270693,0.003943174061114575
135,16 HY MM Glut,0.001253847913303532,0.007954271477917638,0.010121769524047697,0.00021066091879946982,0.00017975915973932782,-3.0901759060142006e-05,-4.821401899708099e-06
135,19 MB Glut,0.03623355725402321,0.14024417469598507,0.2924977676083009,-0.005716759795925889,-0.03167467893902755,-0.03167467893902755,-0.14281323795865083
135,20 MB GABA,0.0055511605077736646,0.02711039140397621,0.04481210731741969,-0.0001471398407875732,0.0007780615756500023,0.0007780615756500023,0.0005374561345150053
135,21 MB Dopa,0.004255903437832881,0.019868364782706288,0.034356059660258426,-0.00016577330397421838,-0.0002845884567173676,-0.0002845884567173676,-0.00015071425022865361
135,22 MB-HB Sero,0.007649158643535102,0.029615447578648424,0.061748334882778574,0.0010586629727927458,0.007028050418243198,0.005969387445450452,0.0056818361718347634
135,23 P Glut,0.00896336387474717,0.034301234242040436,0.07235734281467295,-0.00043501294752033176,0.0013750800668378702,0.0013750800668378702,0.0015337136578071119
135,24 MY Glut,0.0022765826909727036,0.01373251422691871,0.01837786310123542,0.0016099478860208244,0.008175652660099926,0.0065657047740791015,0.0018599876111788048
135,26 P GABA,0.0036865341012275836,0.02088804696601391,0.029759788343751765,0.0004475422526855712,0.0018585628989381392,0.001411020646252568,0.0006472870154177929
135,30 Astro-Epen,0.000413107412786046,0.0026767520565815477,0.0033348366867551366,0.0002456065358291034,0.0005454604866191136,0.0002998539507900102,1.5414095113153476e-05
135,31 OPC-Oligo,0.0005243820283897437,0.0034447826150456728,0.0042331083200748115,0.0003561642840746064,0.0016788042093290507,0.0013226399252544443,8.630474991850767e-05
135,33 Vascular,0.0003361210496591508,0.002213779337906565,0.0027133592206308706,2.2575784468190432e-05,6.653678271787191e-05,4.3960998249681477e-05,1.8386900583980195e-06
135,34 Immune,0.00021280461057921843,0.00138363556703328,0.0017178791774374793,-0.00018737507753765535,-0.000980436644588637,-0.000980436644588637,-2.5962459923849124e-05
136,01 IT-ET Glut,5.083577972436411e-05,0.00033890519816242746,0.001931120754941499,0.0005505502295213462,0.0012761860534379148,0.0007256358239165686,1.7938615449008177e-05
136,02 NP-CT-L6b Glut,2.6032237587122672e-05,0.00017354825058081785,0.0009888978702527343,0.0005609234459544161,0.00114059279420048,0.0005796693482460639,7.338250809133787e-06
136,03 OB-CR Glut,0.0002709067707797649,0.0018044712160669506,0.010291052690517714,0.002960348842982433,0.006870191534423613,0.0039098426914411805,0.0005150861345125053
136,04 DG-IMN Glut,0.00010384038364287342,0.0006922692242858227,0.0039446295727364085,0.0010214932337000977,0.002267054107021772,0.0012455608733216745,6.289729333554595e-05
136,05 OB-IMN GABA,0.0003076271245793121,0.0020480955329366325,0.011685964654799335,8.899057258003757e-06,-0.00016234586909352267,-0.00017124492635152644,-2.5617872196207282e-05
136,06 CTX-CGE GABA,9.708526049379976e-05,0.0006472350699586652,0.0036880197875399823,0.0012868936953718852,0.0033189775820508492,0.0020320838866789643,9.593910172855038e-05
136,07 CTX-MGE GABA,0.00027369405236363545,0.001802195459452642,0.010396934361767049,0.00040364720945092127,0.0004544349346109163,5.078772515999504e-05,6.75965974983077e-06
136,09 CNU-LGE GABA,7.064085542224948e-05,0.00047093903614832974,0.002683464732760801,-0.0015481951110135675,-0.004608842385853156,-0.004608842385853156,-0.00015832464447339107
136,11 CNU-HYa GABA,0.00024392030882673446,0.0016171355789903704,0.00926590628649867,0.00039186579837491775,0.0008906959902866977,0.00049883019191178,5.916997805297169e-05
136,12 HY GABA,0.00012389912261067477,0.0008259941507378315,0.004706609566919719,0.0011452965951772429,0.003670350796576979,0.002525054201399736,0.00015213868261300856
136,13 CNU-HYa Glut,3.939513844229761e-06,2.6263425628198406e-05,0.0001496520165564673,0.0015275115021512458,0.0045538122019274435,0.003026300699776198,5.797695803051045e-06
136,14 HY Glut,0.0001185565024329852,0.000790376682886568,0.004503657143118086,0.00033139926398566163,0.001118990453564018,0.0007875911895783563,4.540743221978265e-05
136,16 HY MM Glut,0.00011413468638585821,0.0007608979092390547,0.004335683704145776,-0.0001733110874151018,-0.000888778953661563,-0.000888778953661563,-4.933011492792689e-05
136,19 MB Glut,9.72294772958201e-05,0.0006481965153054673,0.003693498213583663,-0.000281018062647964,-0.000841488778457679,-0.000841488778457679,-3.978753149371087e-05
136,20 MB GABA,6.059419133229466e-05,0.0004039612755486311,0.002301817757987663,-6.237550873393188e-05,9.849337222935248e-05,9.849337222935248e-05,2.9022760404790997e-06
136,21 MB Dopa,0.00020380558496631973,0.0013587038997754648,0.007742050918377573,-7.670138855499709e-05,-0.00047357666752038946,-0.00047357666752038946,-4.693611006559798e-05
136,22 MB-HB Sero,0.00025248996999997737,0.0016832664666665156,0.009591445712552446,0.00044592261479355636,0.002105454380225787,0.0016595317654322307,0.0002037653880880395
136,23 P Glut,9.491803479187095e-05,0.000632786898612473,0.0036056924473018715,-0.00016157766991676915,-0.00017165123795793793,-0.00017165123795793793,-7.923122913985761e-06
136,24 MY Glut,0.00048525053852191706,0.0030073295319332366,0.018433422116610112,0.0007857459774878663,0.003026752753700955,0.002241006776213089,0.0005288224833425888
136,26 P GABA,0.00015503901238541045,0.0010335934159027367,0.0058895340302925455,-0.00028747818243776257,-0.0006400831086626545,-0.0006400831086626545,-4.825897298982759e-05
136,30 Astro-Epen,0.00023319891344853228,0.001554659422990215,0.008858628002403479,0.000747648075840604,0.0017239061646218898,0.0009762580887812857,0.00011071128290319113
136,31 OPC-Oligo,0.02244143008944468,0.0913578478246836,0.8524923125261923,0.0017194615795912609,0.012701639448677074,0.010982177869085813,0.11985046349392829
136,33 Vascular,0.0002957954361220686,0.0019719695741471244,0.011236509187219792,0.0016179143960194907,0.004927558058415861,0.0033096436623963705,0.000476072857677181
136,34 Immune,0.00019963170527285937,0.0013308780351523957,0.007583495944924356,0.001122843990867967,0.0030868901183337405,0.0019640461274657737,0.00019066980195040688
137,01 IT-ET Glut,0.025789078613063142,0.11380852861593467,0.2590031477766727,0.0024777602244970857,0.00791996495261604,0.005442204728118954,0.027077261636020228
137,02 NP-CT-L6b Glut,0.006259059573941587,0.02716997571886685,0.06286056807595423,0.0021506245822762076,0.005773172821519181,0.0036225482392429733,0.004374388011612111
137,03 OB-CR Glut,0.0015626196922692045,0.009642082431668059,0.015693597477752924,-0.0017559469302889845,-0.007446348568332488,-0.007446348568332488,-0.002244867409715202
137,04 DG-IMN Glut,0.022308399738301544,0.06031850700452521,0.2240462267292347,0.004866100329959661,0.01650373458615847,0.01163763425619881,0.05008724704726876
137,05 OB-IMN GABA,0.0007214337649272034,0.003725636149493905,0.007245455288731154,0.001535968435100388,0.005508259984352023,0.003972291549251635,0.0005528809433146326
137,06 CTX-CGE GABA,0.002860246745638838,0.013778478011977624,0.028725838625471227,4.057790738876891e-05,0.0003726235925930166,0.00033204568520424767,0.00018322949360090123
137,07 CTX-MGE GABA,0.0017135284323613312,0.009773786672969912,0.017209194033074374,8.724599450759048e-05,0.0005674425198813614,0.0004801965253737709,0.00015874657656149036
137,09 CNU-LGE GABA,0.001615213105967122,0.009381740204225261,0.016221800129133473,0.00042275975897379666,0.0013067031207568433,0.0008839433617830467,0.00027545350861400854
137,11 CNU-HYa GABA,0.006022114079168229,0.029504395863716074,0.06048089294608298,-0.0005342051130353949,-0.0031695323203640895,-0.0031695323203640895,-0.0036824613984499676
137,12 HY GABA,0.004563797774807914,0.022269780868610763,0.045834828270781156,-0.0007269497741575461,-0.003087739761140485,-0.003087739761140485,-0.0027186989696171746
137,13 CNU-HYa Glut,0.0020259464348244423,0.011533098194243658,0.020346849599375157,0.0008296015399923066,0.0020268325390730515,0.0011972309990807449,0.00046795053902108565
137,14 HY Glut,0.0035124815991045225,0.017475163182122107,0.03527632003940198,0.0017042374389179395,0.005699616621276849,0.0039953791823589095,0.0027074852557223573
137,16 HY MM Glut,0.0016215940691393068,0.009793218966333969,0.016285884991265997,0.000830998869674683,0.0029487730965069864,0.0021177742268323036,0.0006625457096197162
137,19 MB Glut,0.003634756467417952,0.016574266604520008,0.036504342810681385,0.00028383979358517525,-0.002136556585192749,-0.002420396378777924,-0.001697289218562808
137,20 MB GABA,0.002078460916927072,0.011717726903648619,0.020874259530242297,0.0005475898273682046,0.001686049628273368,0.0011384598009051635,0.0004565134766792443
137,21 MB Dopa,0.0019847175099400823,0.01123839246299054,0.01993278202120708,0.00035166540904296397,0.001280290936000537,0.000928625526957573,0.0003555767524103555
137,22 MB-HB Sero,0.0052739183303452345,0.02095960818906849,0.05296666349237459,0.004875104339590761,0.013995447603723326,0.009120343264132566,0.009279800175218204
137,23 P Glut,0.001570799759835031,0.009753492992121566,0.015775750984683635,0.0005056968601114362,0.0015879671839949066,0.0010822703238834704,0.0003279824580893456
137,24 MY Glut,0.0017209544553624912,0.009155249835318319,0.017283774570115668,0.00044708438491807733,0.0017208620578338073,0.0012737776729157299,0.0004229188564540177
137,26 P GABA,0.0013454510322827842,0.008623316419230583,0.013512543730976823,0.0006259085950634847,0.0023451149239304466,0.001719206328866962,0.00044626203088309714
137,30 Astro-Epen,0.0003907477892676216,0.0025627541612912434,0.003924332037044001,0.0007335368450146989,0.002459257748317508,0.0017257209033028093,0.00013009515692248314
137,31 OPC-Oligo,0.0005100340726995355,0.00327881880506069,0.005122340052723799,0.0010797801751869925,0.004203984335313794,0.003124204160126802,0.00030742036680083497
137,33 Vascular,0.000297223314152771,0.0019462154897637177,0.0029850532899298073,0.0007562522516567208,0.0028109180804060515,0.0020546658287493307,0.00011781975374636754
137,34 Immune,0.00018794468693006348,0.0012255137780538764,0.0018875534970888932,0.0008301579991510566,0.002574503654391377,0.0017443456552403206,6.324943362363359e-05
138,01 IT-ET Glut,8.746323157934545e-05,0.0005748298283738879,0.003618819032829387,6.232303308711659e-05,0.0002025390358544898,0.00014021600276737322,1.4053740212194942e-05
138,02 NP-CT-L6b Glut,0.00012250571190084334,0.0007443224179445472,0.005068712804819087,-0.00020156011905958453,-0.0003789579082317414,-0.0003789579082317414,-5.3200551247579226e-05
138,03 OB-CR Glut,0.00045273590287152023,0.0029900191186244133,0.018732092018236803,0.0007769735099671458,-0.00067358499830175,-0.001450558508268896,-0.0007525736469731471
138,04 DG-IMN Glut,0.00039777493323223985,0.0022124616196716037,0.016458064413700468,0.0007628164621260354,0.002290093472982167,0.0015272770108561316,0.0006961840122780066
138,05 OB-IMN GABA,0.0005098659903570236,0.003399106602380157,0.02109586756376067,-5.417642780096584e-05,-0.0006088140635146569,-0.0006088140635146569,-0.0003557210287114441
138,06 CTX-CGE GABA,0.00014786257822559432,0.0009816105403651387,0.006117861216236681,0.0005963036980211806,0.0008289608188109713,0.00023265712078979065,3.94224347690609e-05
138,07 CTX-MGE GABA,0.00011508077481187415,0.0007503435530588461,0.00476150367053565,0.00030645085479722134,0.0006953699871439665,0.0003889191323467452,5.12897881045216e-05
138,09 CNU-LGE GABA,0.00014218859541264452,0.0009479239694176304,0.005883098372185782,-0.0003002658483977822,-0.0011034522195319618,-0.0011034522195319618,-0.0001797989354809767
138,11 CNU-HYa GABA,0.00025884058920628335,0.0017175481004070691,0.010709611727971793,0.0008137841811550678,0.0014849788423831488,0.0006711946612280809,0.00019909011275872406
138,12 HY GABA,0.00018657578903170713,0.0012438385935447144,0.00771963262986212,0.0011456792841672966,0.0019583065501105404,0.0008126272659432438,0.00017374627260407455
138,13 CNU-HYa Glut,2.1388763023343177e-05,0.00014259175348895452,0.0008849668748785439,0.0012966190645798692,0.002269106007181052,0.0009724869426011829,2.383626840031756e-05
138,14 HY Glut,0.0004148184043707347,0.002629179518167075,0.017163243454398396,0.0010941968783670028,0.0004038592999198775,-0.0006903375784471253,-0.00032816204607686396
138,16 HY MM Glut,0.00036559117180806643,0.002203767853790225,0.01512645104558267,7.688916961294592e-05,-0.0019496086362945737,-0.0020264978059075195,-0.0008490058002194328
138,19 MB Glut,0.000215721177704364,0.0014155979007490418,0.008925532358734337,-9.64350825183718e-05,-0.0005938908516876694,-0.0005938908516876694,-0.00014681425899287383
138,20 MB GABA,0.0001480592781745976,0.0009870618544973173,0.0061259997392063455,0.00012310467661052116,-0.00013820772922445865,-0.0002613124058349798,-4.4336813351976004e-05
138,21 MB Dopa,0.00015125303478201037,0.0010083535652134026,0.006258142434924661,0.00023331181918972624,0.0001044787534357488,-0.00012883306575397742,-2.2330593104686544e-05
138,22 MB-HB Sero,0.00023757090996244523,0.0015681459003114363,0.009829571982356513,-0.0005603056663113294,-0.001693842794017026,-0.001693842794017026,-0.000461142533740641
138,23 P Glut,0.0003014119020676917,0.001965574206533002,0.012471013341581735,9.087055280826332e-05,-0.0005452198610815282,-0.0006360904138897915,-0.00021970911143986326
138,24 MY Glut,0.00034749631680017006,0.002300377829366424,0.0143777706627928,-0.00020323088008278163,7.2810180961288285e-06,7.2810180961288285e-06,2.8994200354115785e-06
138,26 P GABA,0.0002257988915875102,0.0013921843200258872,0.00934250097685193,0.0002818464243219172,0.0006193176173820166,0.00033747119306009937,8.732273547823298e-05
138,30 Astro-Epen,0.017701443615363133,0.04839551181592902,0.7324028612608431,0.008452063024812072,0.015019398666503703,0.006567335641691631,0.13321916834848593
138,31 OPC-Oligo,0.0008048474810391158,0.004856039245637461,0.03330082058844205,0.0006239421977304069,0.0016560108287746124,0.0010320686310442055,0.0009518992546945703
138,33 Vascular,0.0005256601929823201,0.003384383297507739,0.021749357722273,0.000381790864368671,0.0010484945000802425,0.0006667036357115715,0.0004016120482397483
138,34 Immune,0.0002870432093010836,0.0018844848893265667,0.011876504106995452,0.0002301068111282307,0.00087081456068842,0.0006407077495601892,0.00021075412003884758
139,01 IT-ET Glut,0.025117126828275906,0.10573626398279905,0.31525585198046857,0.0008558368354998022,0.0067126770908366076,0.005856840255336806,0.03983190900197506
139,02 NP-CT-L6b Glut,0.008410787000847224,0.03787927097146209,0.10556740187310468,0.00256461932753844,0.0048470583670358475,0.0022824390394974073,0.005197968047525805
139,03 OB-CR Glut,0.001555997893094886,0.008686956492966098,0.019529998188933535,0.0034122349894543857,0.015462462472051828,0.012050227482597441,0.005076940034471824
139,04 DG-IMN Glut,0.003260557404621498,0.013771297956308846,0.0409246570896793,0.0017296881975004262,0.004422980600101771,0.002693292402601345,0.002377788051645986
139,05 OB-IMN GABA,0.00028283460386898036,0.001885564025793203,0.0035499786508978756,-0.0008749538202282593,-0.0031705884126070677,-0.0031705884126070677,-0.00024281202709520427
139,06 CTX-CGE GABA,0.0012102070784986616,0.007619872076068264,0.015189829084088677,0.00019947800953459515,0.0011154599131434212,0.0009159819036088261,0.0003001541595416565
139,07 CTX-MGE GABA,0.0028401485492957693,0.014327060948726952,0.03564792489128781,-0.00010050508665976041,-5.2017444183621904e-05,-5.2017444183621904e-05,-4.0002565889239616e-05
139,09 CNU-LGE GABA,0.0014573755664811067,0.008867111301697551,0.018292146988296936,-8.131047548471961e-05,-0.0005037083271915597,-0.0005037083271915597,-0.00019876888355703777
139,11 CNU-HYa GABA,0.0014484111748923043,0.009464641848566598,0.018179631057349255,-0.00021157709603214224,-0.001215431399484523,-0.001215431399484523,-0.0004766725052427503
139,12 HY GABA,0.0027506414388858537,0.01618549488111027,0.034524482686153844,-0.00044336277290433064,-0.001420567081316932,-0.001420567081316932,-0.0010580191092160601
139,13 CNU-HYa Glut,0.0003466028868907585,0.0023106859126050565,0.004350361773171668,-9.751986427595858e-06,1.174199617348559e-05,1.174199617348559e-05,1.1019753854095306e-06
139,14 HY Glut,0.003147095351458517,0.017561625553640242,0.039500546104298574,-8.636762733728268e-05,-0.00018155527900959285,-0.00018155527900959285,-0.00015470935175556302
139,16 HY MM Glut,0.003996338722035163,0.02224758445992948,0.05015976457941915,-0.00012332519801290423,0.001363967968148805,0.001363967968148805,0.001475924853838551
139,19 MB Glut,0.0024286561750737406,0.013976968002307822,0.03048310727875772,-0.00015834089395708423,-0.0015091779068290543,-0.0015091779068290543,-0.0009924399966877117
139,20 MB GABA,0.001980376775063969,0.011702770423714653,0.024856559897698274,0.00016476154859812692,0.0003857233701339616,0.00022096182153583468,0.00011848485723930066
139,21 MB Dopa,0.002556621519879785,0.01423043979122905,0.03208925530980515,-0.0005173785877583356,-0.0028737857649299486,-0.0028737857649299486,-0.0019893839650313443
139,22 MB-HB Sero,0.006153325777942554,0.02214407695651182,0.07723303600373692,-0.00214472115006517,-0.010186680417125046,-0.010186680417125046,-0.01697228726519885
139,23 P Glut,0.002003039924994603,0.011373996935952597,0.025141014831130383,0.00033954135637291106,0.0009202680111801505,0.0005807266548072394,0.0003149627180963221
139,24 MY Glut,0.005675431222029083,0.02132006250610969,0.07123477607490929,0.0027857355759038477,0.008171390868774463,0.0053856552928706145,0.00827628050831409
139,26 P GABA,0.0016359102290989717,0.010384498345384201,0.020533012257499546,0.0001461092416134354,0.0008696186771667092,0.0007235094355532738,0.00032048038300296744
139,30 Astro-Epen,0.00030655689187587874,0.0020067461163137653,0.0038477272814507017,-0.00016173075429581836,-0.001276631839337199,-0.001276631839337199,-0.0001059679516289561
139,31 OPC-Oligo,0.0004661773700281076,0.0029515115875503864,0.0058511924937520105,4.9320938259082254e-05,7.637980034865182e-05,2.705886208956957e-05,3.41553311475012e-06
139,33 Vascular,0.0003691583893468933,0.0022819961937782687,0.004633465576893809,6.649153158042354e-05,-0.000532410140907345,-0.0005989016724877686,-5.986404408798964e-05
139,34 Immune,0.00027281976041649517,0.0016385444470549484,0.00342427804721617,8.116921352111738e-05,-0.00031190639420008325,-0.0003930756077212006,-2.9036863395599727e-05
140,01 IT-ET Glut,0.0017483826236560198,0.01025554203265143,0.027055392790826728,0.0006773276827048846,0.003099303704306884,0.0024219760216019994,0.003270213201679234
140,02 NP-CT-L6b Glut,0.0021082612034917475,0.01160715569368696,0.03262434331842939,6.890720883370788e-05,0.0013049706304549306,0.0012360634216212227,0.0020124955014333284
140,03 OB-CR Glut,0.005790087472195889,0.033473141432359514,0.08959886053198676,-0.0009862968040262293,-0.005121636299326209,-0.005121636299326209,-0.022901483001273207
140,04 DG-IMN Glut,0.0035114480226193304,0.02069017734034771,0.05433799457345156,0.0020989234564581767,0.008055928126128632,0.0059570046696704555,0.016154143313954372
140,05 OB-IMN GABA,0.0029078530278109993,0.015465824666976534,0.04499764798674852,0.00020307979773657,0.0021403218597674046,0.0019372420620308345,0.004350368932473949
140,06 CTX-CGE GABA,0.0022503858919376667,0.013460059086372716,0.03482365553942223,0.0007040564946662882,0.0033251889372594087,0.0026211324425931205,0.0045552866297503105
140,07 CTX-MGE GABA,0.0020252591810559495,0.011633815569659558,0.03133992634410733,0.0001879643684130726,0.0016329391862512292,0.0014449748178381565,0.0022600114260181367
140,09 CNU-LGE GABA,0.0021247604463487785,0.01184805227305035,0.032879661284993686,0.0012511876285731076,0.004679822298846181,0.003428634670273073,0.005626015601765478
140,11 CNU-HYa GABA,0.0022912056911706647,0.012516387994762455,0.03545532259384654,-0.0007979857944977564,-0.0034783638795575626,-0.0034783638795575626,-0.006154727631623488
140,12 HY GABA,0.002357159704872722,0.012340764088981673,0.03647592970964444,-0.0004863541212482436,-0.0010122927161313863,-0.0010122927161313863,-0.0018427434107038672
140,13 CNU-HYa Glut,0.0012409562832413777,0.00742364789124445,0.01920321057019692,-9.185593833550266e-05,-0.0009321888884818235,-0.0009321888884818235,-0.000893367503653331
140,14 HY Glut,0.0016891537904735647,0.009170987320714445,0.026138854657461623,-0.0002547510215609376,-0.000271671952747977,-0.000271671952747977,-0.0003543918641917207
140,16 HY MM Glut,0.00210538977893096,0.01030007141141028,0.03257990938371155,-0.0004841761866670721,-0.001265158462455058,-0.001265158462455058,-0.002057061053210754
140,19 MB Glut,0.00155212624434113,0.009129641963810005,0.024018418298958018,-0.0005555818601922291,-0.002370694333196877,-0.002370694333196877,-0.0028416615473978424
140,20 MB GABA,0.0019106598523109366,0.010374944757504192,0.029566556024126722,-0.0006778284884505177,-0.0017975399991018537,-0.0017975399991018537,-0.0026523552252156243
140,21 MB Dopa,0.0014305899231605054,0.00800410701072022,0.022137701307491965,-0.00022945277372063153,-0.00021821858782487916,-0.00021821858782487916,-0.00024108858569722383
140,22 MB-HB Sero,0.0010767410057958464,0.006468310509677432,0.01666205695002828,-0.0003150616165095196,-0.002374934536399,-0.002374934536399,-0.001974843307056492
140,23 P Glut,0.0018255207435981169,0.010010317282457338,0.028249068652129467,-0.0006592171179876917,-0.0018935255245945437,-0.0018935255245945437,-0.0026694862158651482
140,24 MY Glut,0.0018972381206246998,0.009970452174466389,0.02935886108493493,-0.001297400285169074,-0.004151581395668897,-0.004151581395668897,-0.006082822531922469
140,26 P GABA,0.0021464629126015985,0.01239277613770829,0.03321549666853913,-0.0005920256379413196,-0.00238423717472953,-0.00238423717472953,-0.003952233461708438
140,30 Astro-Epen,0.004921364730602667,0.025533822852125812,0.07615578767017786,-5.666391483051565e-05,-0.00010322228708447732,-0.00010322228708447732,-0.0003923094563694985
140,31 OPC-Oligo,0.00233320316271949,0.01357300937240711,0.03610521356942661,0.0013409970838291927,0.005885782885244752,0.004544785801415559,0.008189091479518044
140,33 Vascular,0.005106905107325117,0.02774438185535944,0.07902693709872048,-0.0003523275113233857,-0.001271142181135497,-0.001271142181135497,-0.005013276582524596
140,34 Immune,0.00827121886570106,0.041426039883178084,0.12799319339063941,-0.0007638812118369544,-0.002035723285851829,-0.002035723285851829,-0.013003432390567341
141,01 IT-ET Glut,0.023274981984461856,0.09089445922860653,0.20624647347347813,0.009338211328188708,0.027482611641016976,0.018144400312828268,0.09298444604356204
141,02 NP-CT-L6b Glut,0.010309898049106375,0.040444278825617797,0.09135904448471031,0.005711810510134037,0.013334032414470377,0.00762222190433634,0.017302716597210027
141,03 OB-CR Glut,0.0022307149691295565,0.009617996613115012,0.019767022634630288,0.0023264816081697147,0.005082494292491355,0.00275601268432164,0.0013536414025821352
141,04 DG-IMN Glut,0.003085707338907399,0.014719163024454049,0.027343361951719096,0.0006196472542630249,0.0022662715141302846,0.0016466242598672598,0.0011187359101248683
141,05 OB-IMN GABA,0.0007152109118635254,0.004426562808199098,0.006337694631088382,-0.0009589373072860782,-0.0032544500069294157,-0.0032544500069294157,-0.0005124955183604203
141,06 CTX-CGE GABA,0.002145866380224798,0.011935698286383987,0.01901515428721374,0.0011424214602006853,0.0046288012201132645,0.0034863797599125794,0.0016472355362628923
141,07 CTX-MGE GABA,0.003266366835099756,0.017177979774702788,0.028944238979853574,0.0019544514372798667,0.006571847647242347,0.004617396209962481,0.003320782525848761
141,09 CNU-LGE GABA,0.0015965124016772982,0.009110500643768614,0.014147166812951197,0.0010668502992113064,0.0043195599587340285,0.0032527096595227224,0.0011433940594694882
141,11 CNU-HYa GABA,0.0017456036636616463,0.010701923615502103,0.015468308416004222,0.001566669937127841,0.007889191140830197,0.0063225212037023555,0.002430044769702994
141,12 HY GABA,0.003032874640480404,0.017502592352992105,0.026875195843494824,0.0015338425125344115,0.006075731209689308,0.004541888697154896,0.0030329781570599076
141,13 CNU-HYa Glut,0.005688069658056382,0.021898001171822574,0.05040366126293034,0.003005356329531365,0.00815168038432772,0.005146324054796356,0.006445258961227812
141,14 HY Glut,0.00438251267635509,0.02113519660649451,0.03883473615809763,-0.0009284154456445006,-9.095943930912351e-05,-9.095943930912351e-05,-8.777064526679869e-05
141,16 HY MM Glut,0.010338159670550046,0.042651879902207014,0.09160947903977425,0.002062517769072215,0.0026689382795591987,0.0006064205104869837,0.001380369811469921
141,19 MB Glut,0.006991545399932716,0.032040941505750486,0.06195414388842464,0.00018433315336531807,0.0011708612258944605,0.0009865280725291424,0.0015186614389865296
141,20 MB GABA,0.006846033360634181,0.030490130984484706,0.06066471883222944,-0.0004267879893319868,0.000480795785389335,0.000480795785389335,0.0007247329362878312
141,21 MB Dopa,0.0022255974198278263,0.013012415959564852,0.019721674522351913,0.0007291944617128918,0.0038462729077355933,0.0031170784460227015,0.0015274699562365167
141,22 MB-HB Sero,0.004708596363562901,0.02319992184120421,0.04172425979290592,0.0005865700990372819,0.0020185180990393735,0.0014319480000020916,0.001484557576308608
141,23 P Glut,0.008230569786044348,0.03488512741261552,0.07293350405952011,0.0017286085151635689,0.004511924070734841,0.0027833155555712723,0.005043948968833406
141,24 MY Glut,0.006365684636442218,0.024025885510405354,0.05640820724961189,0.00021794358245697247,0.002416262916715673,0.002198319334258701,0.003081159881919072
141,26 P GABA,0.0042609335428116,0.023130167979278086,0.03775738763176812,0.0010080847314203826,0.004201555494602544,0.003193470763182161,0.0029960291925359094
141,30 Astro-Epen,0.00035290568503401604,0.0023356042268724256,0.0031272012608043573,-0.00019501566445738952,-0.0009684288249724861,-0.0009684288249724861,-7.524968699014204e-05
141,31 OPC-Oligo,0.00047897508866391294,0.0030887939128809573,0.004244339393453783,-4.090913367565077e-05,0.00033541299469529726,0.00033541299469529726,3.537293909312304e-05
141,33 Vascular,0.00035521676505669106,0.0022543990389897565,0.0031476804218584856,0.0001685876543090526,0.0005093730990565785,0.00034078544474752594,2.665341293998284e-05
141,34 Immune,0.00022178982275827607,0.0014267117761390291,0.00196534497112565,-8.603135894118655e-05,-0.0007141424584767318,-0.0007141424584767318,-3.4874244157971305e-05
142,01 IT-ET Glut,0.00044269357392626,0.0028710456102957267,0.0008694466320513755,-0.0003124321885376072,-0.0010472957380711905,-0.0010472957380711905,-1.7097450441460076e-06
142,02 NP-CT-L6b Glut,0.0005391698358126317,0.003527064739238681,0.001058925237367622,-1.643948031655467e-05,-0.0008962393017441734,-0.0008962393017441734,-1.7820027563005318e-06
142,03 OB-CR Glut,0.006349882935218015,0.0312317343879291,0.012471119205505853,-0.0041312868423405485,-0.022776131750283167,-0.022776131750283167,-0.0005333404029257409
142,04 DG-IMN Glut,0.004939932326559089,0.03173657980002693,0.009701987507512227,-0.008271419556373158,-0.052071831791699684,-0.052071831791699684,-0.0009485989827223635
142,05 OB-IMN GABA,0.4699394676544024,0.5757188841203508,0.9229573490221825,0.021149727107084102,0.0225584103744425,0.0014086832673583967,0.0024412602293155763
142,06 CTX-CGE GABA,0.0021055062095815175,0.011684214347823166,0.004135197324975938,-0.001252849547238663,-0.004961528959418805,-0.004961528959418805,-3.852395409372152e-05
142,07 CTX-MGE GABA,0.0014540144182796284,0.00810596718162189,0.0028556726670216814,-0.0007313802531792151,-0.002066467482599333,-0.002066467482599333,-1.108041657629835e-05
142,09 CNU-LGE GABA,0.0007578122470331727,0.004968494049708221,0.001488337181104027,-0.0004923972921199361,-0.0020955153928411273,-0.0020955153928411273,-5.856137624564462e-06
142,11 CNU-HYa GABA,0.0020198250331794,0.011030215863867324,0.003966920181053741,-0.0021122665474081377,-0.008333280719666563,-0.008333280719666563,-6.20709742329649e-05
142,12 HY GABA,0.0029250853171708135,0.015319274886036927,0.005744844125297193,-0.002006338769459732,-0.006318857014300555,-0.006318857014300555,-6.81609861929625e-05
142,13 CNU-HYa Glut,0.0018010983405797988,0.00986067719259945,0.0035373427093641774,0.0006105866768220483,0.0033138818736747674,0.002703295196852719,1.7955177316400485e-05
142,14 HY Glut,0.0017453822647309479,0.009634225049405662,0.0034279167828293335,-0.0014999103557351177,-0.004724777717006714,-0.004724777717006714,-3.0411002686816722e-05
142,16 HY MM Glut,0.0006387278173986972,0.0042215524293887545,0.0012544563154813873,-1.2703431460560276e-06,0.000534268279430523,0.000534268279430523,1.2584443642106513e-06
142,19 MB Glut,0.000642030542619865,0.004080061315700655,0.0012609428413522456,-0.0003516578846091719,-0.0010859085319505303,-0.0010859085319505303,-2.571033489448512e-06
142,20 MB GABA,0.0008762073417982655,0.005550473536822811,0.0017208641985665843,-0.0002467884922281325,-0.0012191343702161823,-0.0012191343702161823,-3.9392837318961305e-06
142,21 MB Dopa,0.0013617039942313883,0.007360261100340669,0.0026743757338402083,-0.001125346761955505,-0.004630865406275434,-0.004630865406275434,-2.3254321341177308e-05
142,22 MB-HB Sero,0.0014992510061941897,0.008692586852959816,0.00294451696322184,-0.000942245055061701,-0.0036100300077216273,-0.0036100300077216273,-1.9959238162609137e-05
142,23 P Glut,0.0008982616098564086,0.005700412473571958,0.001764178604320088,-0.0003278284154822934,-0.0017530136901617215,-0.0017530136901617215,-5.806934753107459e-06
142,24 MY Glut,5.519317897853777e-05,0.0003679545265235852,0.00010839896127132801,1.8258814496012083e-05,4.198183105340728e-05,2.3723016557395198e-05,4.828520954242442e-09
142,26 P GABA,0.001108515394553117,0.006942135866182801,0.002177115352778646,-0.00021985771737610948,-0.0010148141130869072,-0.0010148141130869072,-4.14846114345506e-06
142,30 Astro-Epen,0.0018473474053832119,0.009451909051217976,0.0036281755020614375,-0.0017851248317639129,-0.006206109804865261,-0.006206109804865261,-4.2279206686533576e-05
142,31 OPC-Oligo,0.0014359316075646293,0.008837812501756958,0.0028201581716682947,-0.0001888981948088816,-0.000792664945328993,-0.000792664945328993,-4.1974178706318074e-06
142,33 Vascular,0.0017593965161176223,0.01014838815028848,0.0034554406602617512,-0.0006358756939268511,-0.0022803895121822023,-0.0022803895121822023,-1.4795565267571056e-05
142,34 Immune,0.002024610153443196,0.011131847003883269,0.003976318118910438,-0.00033295152920805656,-0.0005365128306550819,-0.0005365128306550819,-4.0057175440868104e-06
143,01 IT-ET Glut,2.896766528213069e-05,0.00019311776854753792,0.0014590237729485366,-0.00025118438905450633,0.0002916374510470694,0.0002916374510470694,9.9536207220925e-06
143,02 NP-CT-L6b Glut,3.0327672041375206e-05,0.00020218448027583467,0.0015275236735716113,-0.00014075548570820386,0.0003779448042570572,0.0003779448042570572,1.350491189125347e-05
143,03 OB-CR Glut,0.0003765954084280833,0.0024750244592193107,0.01896810282528306,-0.00028094487274915353,-0.0011163037572794882,-0.0011163037572794882,-0.0004953152596314239
143,04 DG-IMN Glut,5.553082583826207e-05,0.0003702055055884138,0.0027969390781199263,-0.0003220776688851556,0.0003897456740832323,0.0003897456740832323,2.5499973932288595e-05
143,05 OB-IMN GABA,0.00012694713176345443,0.000846314211756363,0.006393987273277644,-9.961701260958433e-06,0.0010988332696405497,0.0010988332696405497,0.00016435351391164116
143,06 CTX-CGE GABA,3.850929284200729e-05,0.0002567286189467153,0.0019396100165029535,-0.00011303617720801194,0.0008887097751045826,0.0008887097751045826,4.0322718268432177e-05
143,07 CTX-MGE GABA,6.75887377557853e-05,0.0004505915850385686,0.0034042638303373005,-0.0003631246658055003,-0.0001303866965289029,-0.0001303866965289029,-1.0383216722128288e-05
143,09 CNU-LGE GABA,2.9015456840129927e-05,0.00019343637893419954,0.0014614309058185143,0.001082671422207884,0.003766794350881155,0.002684122928673271,9.176057271393138e-05
143,11 CNU-HYa GABA,6.731232113586209e-05,0.00044874880757241395,0.00339034146497654,0.00038463861515216377,0.0026166989502927145,0.002232060335140551,0.00017702100305511757
143,12 HY GABA,0.00011564992147581594,0.0007709994765054397,0.005824977026261597,0.0010001183892116708,0.004327298217017558,0.0033271798278058868,0.00045336283695073513
143,13 CNU-HYa Glut,4.419799876591817e-05,0.0002946533251061212,0.002226134908980883,0.001084916054150858,0.004899120711077599,0.0038142046569267403,0.0001986236224783501
143,14 HY Glut,0.00012904887012234217,0.0008603258008156146,0.006499846209449027,0.00249671570911046,0.003919761520375277,0.0014230458112648166,0.00021637017109490595
143,16 HY MM Glut,5.4352519831219036e-05,0.00036235013220812693,0.0027375909580923045,-0.00019972718666784665,0.000382683561339156,0.000382683561339156,2.450664111582578e-05
143,19 MB Glut,0.000127765277850481,0.0008517685190032068,0.006435195102044325,-0.00026795506999657256,-0.00010952431536721837,-0.00010952431536721837,-1.6487229814769076e-05
143,20 MB GABA,0.00014677640529124823,0.0009782178315148114,0.007392734711000807,-0.00034308986605839886,-0.00044400056295049975,-0.00044400056295049975,-7.678282181587589e-05
143,21 MB Dopa,0.00012909048837017774,0.0008343089691030051,0.006501942409207936,0.00011018917878263354,0.00042611510069130926,0.0003159259219086757,4.805115221425247e-05
143,22 MB-HB Sero,2.7157881505672545e-05,0.00018105254337115033,0.001367869807724495,0.0007124513725220038,0.0010071381157480532,0.00029468674322604934,9.429328998321881e-06
143,23 P Glut,7.86013521186422e-05,0.0005240090141242814,0.003958939742297468,0.0005461801662905115,0.0006420280564409038,9.584789015039234e-05,8.87640021153464e-06
143,24 MY Glut,0.00019026855383030275,0.001268457025535352,0.009583317833149547,-0.00023455597546027758,-0.0004092819842782599,-0.0004092819842782599,-9.175166337162754e-05
143,26 P GABA,7.938459878968275e-05,0.000529230658597885,0.003998389780883626,0.0005574314484719057,0.0008021217006034704,0.00024469025213156464,2.2886386260781732e-05
143,30 Astro-Epen,0.017073781156833993,0.0494847453599309,0.8599606616315214,-0.00532398300079189,-0.008281174496279674,-0.008281174496279674,-0.1665888565480763
143,31 OPC-Oligo,0.0004140208938284501,0.0027115664013898123,0.020853124361587455,0.001876187045291727,0.005026518884110887,0.0031503318388191597,0.001536748726093586
143,33 Vascular,0.0002800648465152073,0.0018589085673744268,0.014106116770305857,-0.0003949368728201994,0.0005085401430220072,0.0005085401430220072,0.00016780625361124623
143,34 Immune,0.0001431868001424221,0.0009539543140141229,0.007211935906657174,7.356942697582044e-05,0.00103842378729846,0.0009648543603226396,0.0001627755038778035
144,01 IT-ET Glut,0.001007069493452963,0.006210683432702244,0.006498194903195554,0.0007506181818204411,0.0037841407013480023,0.003033522519527561,0.00012876788503743316
144,02 NP-CT-L6b Glut,0.0014141143724817106,0.008120746468987054,0.009124683914601599,0.0016402933637055684,0.0054394411502115434,0.003799147786505975,0.00022644963404191873
144,03 OB-CR Glut,0.0016951771405466435,0.010403976725361978,0.010938263472706728,-0.0015030502918468166,-0.006243746079596543,-0.006243746079596543,-0.00044612978510385245
144,04 DG-IMN Glut,0.0011048453894460532,0.006662806954031591,0.0071291015418418905,-0.0017989840397094174,-0.0035393358676195277,-0.0035393358676195277,-0.0001648254172951369
144,05 OB-IMN GABA,0.00026369567364678445,0.0017579711576452299,0.0017015170190599039,-0.0011793604017273473,-0.0028585649563698154,-0.0028585649563698154,-3.177254246748646e-05
144,06 CTX-CGE GABA,0.004583235232085425,0.020136181116727013,0.029573684853829663,0.0002965211437578983,0.0020151769934879256,0.0017186558497300274,0.00033201825853386267
144,07 CTX-MGE GABA,0.07639943154735669,0.2852704226667824,0.4929733249945366,0.0030427076904347254,-0.00016190802524019315,-0.0032046157156749187,-0.01031969791114802
144,09 CNU-LGE GABA,0.0016677108162590811,0.009718678390653632,0.010761034860723865,0.0009652347346619106,0.0026764190721756532,0.0017111843375137428,0.00012028693002897993
144,11 CNU-HYa GABA,0.00761930891171608,0.029973119332824687,0.0491641884277755,0.0008763295488297827,0.0011103269567454804,0.00023399740791569764,7.514974775982056e-05
144,12 HY GABA,0.009958809674296883,0.03861899789398044,0.06426000061378404,-0.0029093328569727668,-0.008734303327035323,-0.008734303327035323,-0.0036663726254668
144,13 CNU-HYa Glut,0.001588999170954837,0.00948436658280304,0.010253141795088008,0.000589908307605195,0.00030783570459431503,-0.00028207260301087996,-1.8892327952347243e-05
144,14 HY Glut,0.0062301041021643,0.026842602099868915,0.0402002354219388,-0.0003478710489880588,0.0006423051565569524,0.0006423051565569524,0.00016866990922411509
144,16 HY MM Glut,0.005781864426179313,0.027452088267458895,0.03730793375176442,-0.00022845652707667065,0.0013323775312522497,0.0013323775312522497,0.0003247103287295404
144,19 MB Glut,0.005415260607235416,0.024415313848220536,0.03494239385283934,0.00032067926366755316,0.0006673719231870048,0.0003466926595194516,7.913432589677822e-05
144,20 MB GABA,0.004569503571003807,0.021242608046554805,0.02948508023355958,1.4006302441363355e-05,-0.0001888131058104965,-0.00020281940825185986,-3.906424466407328e-05
144,21 MB Dopa,0.004226298552477383,0.020896198012470654,0.02727052292978032,-0.0006339209125546565,-0.0016424510210552683,-0.0016424510210552683,-0.00029258597161946305
144,22 MB-HB Sero,0.007128184212883272,0.026124400096172767,0.045995167783682414,0.0002487245214251587,0.0020272042093952805,0.0017784796879701218,0.000534353579608736
144,23 P Glut,0.003719453204977729,0.017893636967926264,0.024000063567003023,0.0009102473493095191,0.0028385530551883445,0.0019283057058788254,0.0003023123466780741
144,24 MY Glut,0.0018195040584163425,0.011036013375308438,0.011740492662730966,0.0009935207189138598,0.006849859900995829,0.00585633918208197,0.00044913836061334644
144,26 P GABA,0.00738868040058651,0.03113061361853943,0.047676039868717046,0.0017955828611212236,0.0037786846916053355,0.001983101830484112,0.0006176078335608002
144,30 Astro-Epen,0.0004515349075194127,0.0029875194955006415,0.0029135644101352864,0.00029642870288300067,0.0006203152241279226,0.0003238865212449219,6.164318991901309e-06
144,31 OPC-Oligo,0.0005572317144529011,0.0036744420128208737,0.003595581347957779,0.000500050602392201,0.0015658783450156213,0.0010658277426234203,2.5033625179381363e-05
144,33 Vascular,0.000258346138879901,0.001717507489823997,0.0016669987263476114,0.000608039669062466,0.002092565241020726,0.0014845255719582603,1.616555267932121e-05
144,34 Immune,0.00012844307958918618,0.0008562871972612413,0.0008287890463997799,0.00056583498600413,0.0017962665267944851,0.0012304315407903551,6.661454472232627e-06
145,01 IT-ET Glut,7.087485960450883e-05,0.00047249906403005896,0.002875934639390828,-0.00011626049687835059,-0.0006201617895419279,-0.0006201617895419279,-4.4410988717350197e-05
145,02 NP-CT-L6b Glut,6.90189419247899e-05,0.00046012627949859933,0.002800625877260709,-0.00011034581081034359,-0.00074930582839687,-0.00074930582839687,-5.2254131515729633e-05
145,03 OB-CR Glut,0.0003727355122095283,0.002481465539848362,0.015124727962441995,0.0016909417839420782,0.0009034460947217327,-0.0007874956892203455,-0.00029658022010150707
145,04 DG-IMN Glut,0.00012780291167511164,0.0008520194111674111,0.005185940723585963,-0.0003521708779676471,-0.001284667496718905,-0.001284667496718905,-0.00016589172020374087
145,05 OB-IMN GABA,0.0003085699450249524,0.002057132966833016,0.012521040585112199,0.0003544109923622961,-0.00016030236476634985,-0.000514713357128646,-0.00016047681187847558
145,06 CTX-CGE GABA,0.00011215708320663131,0.0007477138880442088,0.004551069906126069,0.0009482259143304804,0.0011293665220114845,0.00018114060768100414,2.0527485442360062e-05
145,07 CTX-MGE GABA,9.992006263938773e-05,0.0006661337509292516,0.004054520473384266,1.3205247569129088e-05,-0.00046500078683889273,-0.0004782060344080218,-4.8279301241591327e-05
145,09 CNU-LGE GABA,7.476870025632637e-05,0.0004984580017088424,0.0030339375091435012,0.0011373633712866663,0.0012310030102284358,9.363963894176946e-05,7.074125947173356e-06
145,11 CNU-HYa GABA,0.0001150123939816299,0.0007630745449572848,0.004666931682923464,0.00019769043427388997,-0.00048080480580497547,-0.0006784952400788654,-7.884690939396514e-05
145,12 HY GABA,0.0003641595652838093,0.002413191136174179,0.014776736263172606,0.00027165239164725916,-0.0009347019997484103,-0.0012063543913956695,-0.0004438741539323515
145,13 CNU-HYa Glut,1.7958679827367604e-05,0.0001197245321824507,0.0007287208705803222,0.0005756890838177268,0.0006110297139267069,3.53406301089801e-05,6.41271475476938e-07
145,14 HY Glut,0.0002411778703009947,0.0016067725941716943,0.00978642914178011,-8.070729594616898e-05,-0.0011773570248988757,-0.0011773570248988757,-0.0002869054917971637
145,16 HY MM Glut,0.00027429933922524006,0.0018282804202290057,0.011130420231403154,-0.0007154092862603057,-0.003594867298046468,-0.003594867298046468,-0.0009963245938842198
145,19 MB Glut,0.00012649925595954026,0.0008433283730636017,0.005133041449412119,0.00017526455694010865,-0.00041729250741430387,-0.0005925570643544125,-7.573757180500119e-05
145,20 MB GABA,5.9961273242814006e-05,0.0003994400106614108,0.002433087045297185,0.0001739231063101499,-5.819590782485335e-05,-0.00023211901413500326,-1.4062896799125763e-05
145,21 MB Dopa,9.233641250831457e-05,0.0006148587410335759,0.0037467938376395562,1.0294556009879597e-05,-0.0006146668450759956,-0.0006249614010858752,-5.830682838280994e-05
145,22 MB-HB Sero,4.0661322529293884e-05,0.00027107548352862595,0.0016499405656388722,0.00020368966773731822,-7.730966190387603e-05,-0.00028099932964119426,-1.1544629775606613e-05
145,23 P Glut,0.00010393797332673722,0.000692877911711555,0.004217557812550887,2.3302201847098213e-06,-0.0006436358970080194,-0.0006459661171927293,-6.783865190217548e-05
145,24 MY Glut,0.00018392403511009883,0.0012256282347141848,0.007463203546945972,-0.0001550419010762858,-0.0018134248949710004,-0.0018134248949710004,-0.000337001074770993
145,26 P GABA,0.0002758774174031209,0.0018385276325385933,0.011194454921852764,-3.3672564797498174e-06,-0.0008972921796235675,-0.0008972921796235675,-0.00025011702852940763
145,30 Astro-Epen,0.020303917705398425,0.04832356076829656,0.8238850922617039,-0.025235126084187015,-0.04066576059102204,-0.04066576059102204,-0.8342610546217155
145,31 OPC-Oligo,0.0005440057733906653,0.0035057653277371327,0.02207447120816986,0.0010239181199777324,0.0016209629695514876,0.0005970448495737552,0.000328173637704992
145,33 Vascular,0.000514063934146435,0.003326330303115774,0.02085950199158075,-0.00042238513476770947,-0.003014551825996329,-0.003014551825996329,-0.0015657885621625143
145,34 Immune,0.00015047250845089656,0.0009987312204840075,0.006105819492902846,0.0003930584159687252,7.937998886671193e-05,-0.0003136784271020132,-4.769084732275495e-05
146,01 IT-ET Glut,0.0008844505167975804,0.005652730638487729,0.005171562867451485,-0.00030608001595440064,0.0006487302115168396,0.0006487302115168396,1.740240972599742e-05
146,02 NP-CT-L6b Glut,0.0006293679461697823,0.00414869134895455,0.003680042962901862,-0.0006187888422437697,-0.00109221737105993,-0.00109221737105993,-2.08490094321951e-05
146,03 OB-CR Glut,0.0016422780353779936,0.008975082658069785,0.009602735194891394,-0.0010745590379947017,-0.0054512639335281285,-0.0054512639335281285,-0.000271528624842614
146,04 DG-IMN Glut,0.0008707955732667712,0.004870640636382264,0.005091719622883353,-0.0005160040928444484,-0.0014577621794387731,-0.0014577621794387731,-3.850123115129896e-05
146,05 OB-IMN GABA,0.0003965329153376309,0.0026435527689175394,0.002318608968772537,-5.073444507127731e-05,0.00193662894972768,0.00193662894972768,2.3291496247768766e-05
146,06 CTX-CGE GABA,0.01336642862959725,0.05082625929107268,0.07815623899633713,-0.0024985321694703786,-0.0037611386838899427,-0.0037611386838899427,-0.0015247774380004943
146,07 CTX-MGE GABA,0.10226551583537749,0.3026177168432428,0.5979673642228764,-0.007221638931216558,-0.014217811073564155,-0.014217811073564155,-0.04409950129914334
146,09 CNU-LGE GABA,0.0016115088372699131,0.009681753167313978,0.009422821407319459,0.00016487707039626788,-0.00012969822913616588,-0.00029457529953243373,-1.4397952794658697e-05
146,11 CNU-HYa GABA,0.00980199402547016,0.04013328743328326,0.05731426164195946,-0.001979477762089676,-0.004551088295065598,-0.004551088295065598,-0.0013530112904820413
146,12 HY GABA,0.011015635606125276,0.04258329612502724,0.0644106719144491,-0.006964384668894089,-0.02365390072319353,-0.02365390072319353,-0.007902855785056798
146,13 CNU-HYa Glut,0.0011700178363179168,0.007751304139728383,0.006841333326895989,0.0013235166775407861,0.006801078536123231,0.005477561858582445,0.000194379964783733
146,14 HY Glut,0.0027117256551493565,0.015638502785205878,0.015856013918860688,0.00036234815948325,0.0020434225325002353,0.0016810743730169854,0.00013826249941206826
146,16 HY MM Glut,0.001590462724389508,0.009188927042470702,0.009299760485527489,-0.00041990669130802526,-0.0015005215842201693,-0.0015005215842201693,-7.238314814404617e-05
146,19 MB Glut,0.0023228413846001442,0.013127922878273756,0.013582128138805744,0.0002869316325895955,0.0006540456215079901,0.00036711398891839457,2.5863792929276973e-05
146,20 MB GABA,0.005314728973737293,0.02113788896825998,0.031076306123566638,-0.001185323759834574,-0.002233084444742778,-0.002233084444742778,-0.0003599631094694309
146,21 MB Dopa,0.002377793076061612,0.01265585339442682,0.013903441905566555,0.0003822194441095168,0.0011618639561625905,0.0007796445120530737,5.622667606830455e-05
146,22 MB-HB Sero,0.0058165317318521524,0.021860218928763366,0.03401044936998352,-0.000672743517478495,-0.0016941847313258983,-0.0016941847313258983,-0.00029887981864485725
146,23 P Glut,0.0014502036400878095,0.009140873591148409,0.008479636964288799,3.854873747857003e-05,-4.825367558741355e-05,-8.680241306598357e-05,-3.817970033246843e-06
146,24 MY Glut,0.001372295711493774,0.008193160674541282,0.008024093388989845,0.0006789650656039914,0.0024762901845160625,0.001797325118912071,7.480766101233562e-05
146,26 P GABA,0.0028222015515028207,0.01525932953464833,0.016501989055376722,-0.0006313427337939552,-0.002069865682100171,-0.002069865682100171,-0.0001771747857685014
146,30 Astro-Epen,0.0004014541679481323,0.0026563422866194403,0.002347384538211932,-0.00011889718536297072,-0.0002848743860024979,-0.0002848743860024979,-3.4686549451718777e-06
146,31 OPC-Oligo,0.0005947470747730006,0.0038777127849835553,0.003477607654703171,0.00026095654856009087,0.000987852974393266,0.000726896425833175,1.3112230467519705e-05
146,33 Vascular,0.0003229688066398609,0.002143269250434959,0.0018884645958617099,-1.4627342903858847e-05,0.00038903149167784614,0.00038903149167784614,3.8108079552091186e-06
146,34 Immune,0.00026942153068926206,0.0017626381456328636,0.0015753627335189997,-0.00020771505774197044,-0.00035813226355629093,-0.00035813226355629093,-2.926492886462716e-06
147,01 IT-ET Glut,0.04776884108412855,0.13575063186350647,0.5027054869786983,-0.016051796920065694,-0.0391134659625234,-0.0391134659625234,-0.24693961456351268
147,02 NP-CT-L6b Glut,0.0026268576316317367,0.013501181437342592,0.0276442910266018,-0.0004691889480220999,0.0006081301578167807,0.0006081301578167807,0.00021113140415817222
147,03 OB-CR Glut,0.005535194996233045,0.017230627196375043,0.05825079346603432,0.007026505980108708,0.016671392886622248,0.00964488690651354,0.007055857865213603
147,04 DG-IMN Glut,0.015608139049714354,0.043581082723883655,0.1642555474184377,0.008724021687044968,0.012475464956882844,0.003751443269837876,0.0077387223958422765
147,05 OB-IMN GABA,0.0002934986502175613,0.0019566576681170757,0.003088695026646394,0.009404155178362152,0.02486422687979679,0.015460071701434638,0.0005997045877051387
147,06 CTX-CGE GABA,0.0008170385422955871,0.005300573305753446,0.008598277642149791,0.0013006837086627365,0.004139600032153498,0.0028389163234907614,0.00030655958193385714
147,07 CTX-MGE GABA,0.0008780062668236197,0.005548791186009929,0.00923988436639228,0.0014306712199235198,0.003762605443990541,0.002331934224067021,0.0002706036630185308
147,09 CNU-LGE GABA,0.0018884255399506473,0.011278909409443929,0.019873244967613807,-0.0003279199089460487,-0.0012473607976541052,-0.0012473607976541052,-0.00031132336454701504
147,11 CNU-HYa GABA,0.005931356359456514,0.027430823070474026,0.06241988123332303,-0.00043386030754531186,-0.0055414795348674994,-0.0055414795348674994,-0.004344096961682722
147,12 HY GABA,0.0010935723489750582,0.007223165156618767,0.0115084395551853,-0.0006034908791795482,-0.0014579600577146613,-0.0014579600577146613,-0.00021072346836045077
147,13 CNU-HYa Glut,0.000344681913459793,0.0022978794230652864,0.003627332906263992,0.0003599304265102406,0.0033137584237229317,0.002953827997212691,0.0001345623170983249
147,14 HY Glut,0.0012900446398430565,0.008071028352720742,0.01357605719917779,-0.00033902785629006613,0.0002992125739769495,0.0002992125739769495,5.101575729819949e-05
147,16 HY MM Glut,0.0006421403561908991,0.004263936127149601,0.006757699645656155,-0.000983158928849003,-0.0016219365336488743,-0.0016219365336488743,-0.00013765233412622383
147,19 MB Glut,0.0010848794374608854,0.006994876367979073,0.011416957865095754,0.00011913954770895633,0.0008937247364961525,0.0007745851887871962,0.00011106326210595741
147,20 MB GABA,0.0008014206238770461,0.005299785794500708,0.008433919179478298,3.4908042962643356e-05,0.000686555838193598,0.0006516477952309546,6.902290024172419e-05
147,21 MB Dopa,0.0007682817578075634,0.005007697211792072,0.00808517532412619,-7.961215902081897e-05,0.001254081421644013,0.001254081421644013,0.00012734034278142503
147,22 MB-HB Sero,0.0008712633606999516,0.005690285751801787,0.009168923969832096,-0.00027467453762619804,-0.0016467071447155092,-0.0016467071447155092,-0.00018962062771734798
147,23 P Glut,0.0012686411348878726,0.007961687387095248,0.013350812894787041,0.0005716772356973948,0.002647823173933913,0.002076145938236518,0.00034810994142580026
147,24 MY Glut,0.0005149120677182498,0.0034327471181216655,0.00541878588382826,0.0005667444314756653,0.002418493327642191,0.0018517488961665258,0.00012601867930155797
147,26 P GABA,0.0009622248451264358,0.006369567750361191,0.01012617636045193,0.00047821032650929114,0.0020135531794143848,0.0015353428529050936,0.0001952547901677236
147,30 Astro-Epen,0.0006643213573618963,0.00320796700905201,0.006991126095665764,0.0006066639236185533,0.0014865499712570516,0.0008798860476384983,7.725461011841758e-05
147,31 OPC-Oligo,0.0006558644531513522,0.0032704264937430325,0.006902128078276007,0.0010985229897811624,0.0036484222122171433,0.0025498992224359807,0.00022103287317761037
147,33 Vascular,0.0014847480080448462,0.004846348051642698,0.015625059211931122,0.0015015451135607955,0.0027638796235174967,0.0012623345099567012,0.00024771195427377845
147,34 Immune,0.0012291579921705964,0.0039071883334243695,0.012935303704346738,0.0020609705529548274,0.004432484831640065,0.002371514278685238,0.00038525937193498725
148,01 IT-ET Glut,0.012364285710530512,0.07063777472321973,0.23263226337954182,0.0006552406828571209,0.005899379753916385,0.005244139071059264,0.04545711227675834
148,02 NP-CT-L6b Glut,0.004278928608337312,0.020591481282265456,0.08050742843553005,-0.00019559889600034394,-0.0018510275854153528,-0.0018510275854153528,-0.005552729817438167
148,03 OB-CR Glut,0.0014702603440008666,0.008100858146954684,0.027662737629137974,-0.0007874438947132445,-0.0068245617058418214,-0.0068245617058418214,-0.007034409054297642
148,04 DG-IMN Glut,0.001963302846864832,0.010894287498489415,0.03693926164911205,0.0005583926902620436,0.0003738247553747939,-0.0001845679348872497,-0.0002540400327145076
148,05 OB-IMN GABA,0.00013783118260051797,0.0009188745506701199,0.0025932739442707086,0.00030792186017149985,0.0011182285427406642,0.0008103066825691644,7.829887347185779e-05
148,06 CTX-CGE GABA,0.001593149125420407,0.009812084518888554,0.029974872436992952,-0.00016445345155354096,-0.0014620393860596027,-0.0014620393860596027,-0.001632954607456233
148,07 CTX-MGE GABA,0.0012585171408688654,0.007807672160844855,0.023678819612921412,-0.00029418989406813944,-0.0020489834473282563,-0.0020489834473282563,-0.0018078241998739607
148,09 CNU-LGE GABA,0.001319302061399674,0.008145561383812925,0.024822479179958452,0.0005507692651021837,0.0029316927751285586,0.002380923510026375,0.0022021570857443267
148,11 CNU-HYa GABA,0.0029138271681239873,0.014260522155992265,0.05482324050795487,0.0007262511197466553,0.0027814053873974755,0.00205515426765082,0.004198235785458336
148,12 HY GABA,0.0022100436011224934,0.01308641707167854,0.04158165357330128,-0.0004519796051290033,-0.002489131445852143,-0.002489131445852143,-0.0038566238609209656
148,13 CNU-HYa Glut,0.0016145888089276563,0.009388812194587258,0.03037825700907418,0.0002680284949830032,0.0014649408934236602,0.001196912398440657,0.0013548241030935176
148,14 HY Glut,0.0021655550380906357,0.012774517526255948,0.040744607636730115,0.00019372066240663075,0.0005215049517975574,0.0003277842893909267,0.0004976407898519086
148,16 HY MM Glut,0.00494106707704964,0.023360750489172903,0.09296546881517148,0.0014840918349410292,0.006956602111311209,0.005472510276370179,0.018956840068393058
148,19 MB Glut,0.0021823183577938496,0.012451284511750527,0.04106000709413607,-9.458915820257682e-05,-0.0005771867777424501,-0.0005771867777424501,-0.0008830658506958351
148,20 MB GABA,0.0020369352810534628,0.01198760665368375,0.03832464534409231,-0.000540033841014061,-0.0028721491757839504,-0.0028721491757839504,-0.004101501116097725
148,21 MB Dopa,0.0013445665912988347,0.008355623447248748,0.025297827688660107,-0.00027878256117284635,-0.001816996206356079,-0.001816996206356079,-0.0017127538298716207
148,22 MB-HB Sero,0.0017357654690053573,0.008415262165778302,0.0326581784992934,0.0020921083830425084,0.007935250797467302,0.005843142414424794,0.007110434276806932
148,23 P Glut,0.0031961772378204167,0.016497522669104685,0.0601356165979792,-0.0010935516595867,-0.003760280564565115,-0.003760280564565115,-0.008425772232061418
148,24 MY Glut,0.0007307280072488626,0.004550179797934367,0.013748542715762865,0.0006159087609699761,0.003677285538666005,0.0030613767776960284,0.001568307240328253
148,26 P GABA,0.0022464825471858827,0.013121844361261337,0.04226724712042156,-0.00040382476809220307,-0.0015463680802965639,-0.0015463680802965639,-0.0024354237457228332
148,30 Astro-Epen,0.0003454530941100168,0.0022911377789869582,0.006499650449344957,0.00021706913781217524,0.0009862244327784198,0.0007691552949662446,0.00018627807089029668
148,31 OPC-Oligo,0.0005043529401891425,0.0032373337914500225,0.009489328277039038,0.0005015139384851307,0.0026842651944982403,0.0021827512560131097,0.0007717869207612644
148,33 Vascular,0.0003704777450802262,0.0022982653947678073,0.006970485670382007,0.0004326327757388658,0.002510404176184222,0.0020777714004453565,0.0005396578508243341
148,34 Immune,0.00022557210024453023,0.0013762638352191612,0.0042441067331911745,5.479794129320044e-05,0.0003850355528790147,0.00033023761158581426,5.222404758980517e-05
149,01 IT-ET Glut,0.0001368723890943274,0.0009124825939621828,0.006405903049375619,0.00036977456636907676,0.0024562744012173506,0.0020864998348482738,0.00030639509723037246
149,02 NP-CT-L6b Glut,0.00012714555368677097,0.0008476370245784733,0.005950667592390212,0.00021607637989106004,0.0015910897145920365,0.0013750133347009766,0.0001875666822045532
149,03 OB-CR Glut,0.0006027848886535714,0.003958932842659963,0.028211544942657017,-0.0006219617609497907,-0.0036864861701686557,-0.0036864861701686557,-0.0023840896066576857
149,04 DG-IMN Glut,0.00034066350493804987,0.0022403750666076987,0.0159437370789934,0.00019209538913613159,0.0011502603599713767,0.000958164970835245,0.0003501978771268381
149,05 OB-IMN GABA,0.0012405073648886341,0.006398068707056942,0.05805823924090732,-0.0005665921132460576,-0.0003499550309950266,-0.0003499550309950266,-0.0004657567927321749
149,06 CTX-CGE GABA,0.00023237002836460862,0.0015442433639847304,0.010875384605572264,-2.6274293618932136e-05,-0.00013062469948095138,-0.00013062469948095138,-3.256514561146417e-05
149,07 CTX-MGE GABA,0.00027923670119183575,0.0018559455090338905,0.01306883913913141,0.00019712214339326364,0.0012767760170311043,0.0010796538736378405,0.00032344813783007314
149,09 CNU-LGE GABA,0.000157352608585487,0.0010490173905699134,0.007364418505695205,-7.706593777042226e-05,-0.0005179435836342496,-0.0005179435836342496,-8.743876470364809e-05
149,11 CNU-HYa GABA,0.0003707535443749928,0.0024696340399545124,0.017352011433378393,0.00013706415979697955,0.0009420046950326807,0.0008049405352357011,0.0003201818567700627
149,12 HY GABA,0.0004519920341973136,0.0030092450217645257,0.021154136121366636,-0.00018351354060615102,-0.0010066063894243586,-0.0010066063894243586,-0.0004881328919968296
149,13 CNU-HYa Glut,0.0004967904919479132,0.003274261954637417,0.023250794030319464,0.00021393817938787077,0.0015377639861874099,0.0013238258067995391,0.0007055888794834133
149,14 HY Glut,0.0005444403113878325,0.0036130454232056407,0.025480901400199717,-0.00011699606031392352,-0.0005824902305436758,-0.0005824902305436758,-0.00034024090794331554
149,16 HY MM Glut,0.0004026455015992346,0.002674849819557146,0.018844619163725918,-0.00017224510485685566,-0.0011598263166997193,-0.0011598263166997193,-0.0005010296407322065
149,19 MB Glut,0.0007133701788575611,0.004230152490286403,0.03338715890264732,-0.0001754337833665879,-0.0009546151930465156,-0.0009546151930465156,-0.0007306188984491489
149,20 MB GABA,0.00045807519881395966,0.003002499387686406,0.021438840458198015,0.00015666722924314428,0.000976130996831976,0.0008194637675888317,0.0004027301501031378
149,21 MB Dopa,0.0003027858198200006,0.002003319533155868,0.014170985246381038,-0.0001221688246486898,-0.0007817610184457218,-0.0007817610184457218,-0.00025395522488129045
149,22 MB-HB Sero,0.0004361430828806415,0.0026728783341803115,0.020412373328734242,0.0002064444747591713,0.0010438746027035394,0.0008374301279443681,0.00039185480764925175
149,23 P Glut,0.00024706223145551576,0.0016467094692788542,0.01156300925510787,8.929485675241876e-07,3.8406807164153554e-05,3.7513858596629366e-05,9.9436471688177e-06
149,24 MY Glut,0.00022080046456735382,0.0014720030971156924,0.010333905754365071,0.0005034804476234778,0.0032975297944250943,0.0027940493468016163,0.0006618836665176751
149,26 P GABA,0.00028454577294259034,0.001896839808434624,0.013317314373198339,0.00012306500059500742,0.0008216526873279853,0.0006985876867329779,0.00021326553375752017
149,30 Astro-Epen,0.0005878955622543313,0.003824310790396638,0.02751469452589174,-0.00029769976475934077,-0.001663131213272284,-0.001663131213272284,-0.0010489971430674653
149,31 OPC-Oligo,0.011854332977599684,0.07596066461319671,0.5548066214960733,-0.008404847420154486,-0.05672400277492574,-0.05672400277492574,-0.7214256853779673
149,33 Vascular,0.00050291899281752,0.0033495266114426207,0.023537620194957098,0.00031402963554975796,0.0021180291766775025,0.0018039995411277445,0.000973379216464531
149,34 Immune,0.00037511807323452133,0.002499746886973575,0.01755628016073343,4.853466613876928e-06,0.00011663107999503894,0.00011177761338116201,4.498528027779306e-05
150,01 IT-ET Glut,7.617430615694587e-05,0.0004810890888007673,0.0036283705409139227,-0.002577808187430779,-0.0035722720676275802,-0.0035722720676275802,-0.00036401385055733886
150,02 NP-CT-L6b Glut,8.89672904811664e-05,0.00055227724325365,0.004237732014541771,-0.0025536477058733112,-0.003503628723739517,-0.003503628723739517,-0.00041697816731135594
150,03 OB-CR Glut,0.00020267514125065511,0.0013511676083377006,0.009653918085900284,-0.0013240507441564945,-0.002495491451406654,-0.002495491451406654,-0.0006765835659365408
150,04 DG-IMN Glut,0.00011965152147307795,0.0007919439342616271,0.005699297802515778,-0.0013876100358524508,-0.0022297328798631835,-0.0022297328798631835,-0.0003568912803372937
150,05 OB-IMN GABA,0.0002818689887584705,0.0018791265917231367,0.013426116847080411,-0.00031925649334291374,-0.0010120989654341663,-0.0010120989654341663,-0.00038162353678343616
150,06 CTX-CGE GABA,0.0001903899102857537,0.0010996683248324433,0.009068742160181569,-0.0021525334912350677,-0.003011589540668083,-0.003011589540668083,-0.0007670162821283966
150,07 CTX-MGE GABA,9.308068166399195e-05,0.0005736550402900264,0.004433663006814529,-0.002131500064493535,-0.002977346943796649,-0.002977346943796649,-0.0003707267073290302
150,09 CNU-LGE GABA,6.12771504771437e-05,0.00040851433651429143,0.0029187821831199476,-0.0008083311506384881,-0.0009782768094289702,-0.0009782768094289702,-8.019091958079259e-05
150,11 CNU-HYa GABA,0.0001903812720463733,0.0012691670265838645,0.009068330699482095,-0.0011463582099778772,-0.0004995971288930388,-0.0004995971288930388,-0.00012723571421172257
150,12 HY GABA,0.00018771521237047058,0.0012514347491364708,0.008941339685367266,-0.0009461124887313909,-6.524951410716875e-05,-6.524951410716875e-05,-1.6384818121809117e-05
150,13 CNU-HYa Glut,5.683198473906729e-05,0.00037887989826044865,0.002707047948478079,-0.000685968379489585,-0.00023632527849060494,-0.00023632527849060494,-1.7966681760257234e-05
150,14 HY Glut,0.00019396308114170939,0.0012880642730426597,0.009238941122607163,-0.00036644532539764526,0.0010495075180470086,0.0010495075180470086,0.00027231370692789057
150,16 HY MM Glut,0.0001086711810741991,0.0007229547132771147,0.00517627704075901,-0.0015074875262639357,-0.0017370768036602798,-0.0017370768036602798,-0.0002525214543316749
150,19 MB Glut,0.0001734019709076145,0.0011556295224696685,0.008259564605436602,-0.0006445469744749854,-0.00015758494061674473,-0.00015758494061674473,-3.6553891264962475e-05
150,20 MB GABA,0.00019077525604353608,0.0012662737557464804,0.009087097131380426,-0.0009702308548839063,-0.0010165349786140996,-0.0010165349786140996,-0.00025942345924780846
150,21 MB Dopa,0.00010282413287891657,0.0006841773601163568,0.0048977676785686135,-0.0009648048643238297,-0.001101903731689979,-0.001101903731689979,-0.00015156662616538444
150,22 MB-HB Sero,2.709128209053423e-05,0.0001806085472702282,0.0012904247483443631,-0.000653723023229319,-0.0005925674444667155,-0.0005925674444667155,-2.1474952901054637e-05
150,23 P Glut,0.00025551859071761554,0.0016691110793885108,0.012170982237835583,-0.0009455586889955971,-0.0006228047703951275,-0.0006228047703951275,-0.00021288217941604058
150,24 MY Glut,5.680368000595524e-05,0.00037869120003970166,0.0027056997240573586,0.0006166520486493934,0.0010699718478033166,0.00045331979915392315,3.444657396540702e-05
150,26 P GABA,0.00017245761679572096,0.0011496977311026408,0.00821458268420025,-0.0009478167539098212,-0.00043742404172483355,-0.00043742404172483355,-0.00010091364732062485
150,30 Astro-Epen,0.01656260874778248,0.04458335085835883,0.7889180052040089,0.01836530685103986,0.030902776481533254,0.012537469630493393,0.2777816227604625
150,31 OPC-Oligo,0.0008025007715066646,0.004558234950583311,0.03822509590564837,-0.0010353914122766946,0.0011865404586439501,0.0011865404586439501,0.0012737754778684534
150,33 Vascular,0.0005228971791821064,0.003280921914577545,0.024906885491839083,-0.0009299534302147545,0.0009057219840855475,0.0009057219840855475,0.0006335429785615822
150,34 Immune,0.00027555435967106134,0.0017753967173793242,0.013125335450918466,-0.0012514444209609002,-0.0013483066993690898,-0.0013483066993690898,-0.0004970051086659993
151,01 IT-ET Glut,0.001922671464658685,0.010603859640521292,0.01102438558487525,-0.0004821262513732965,-0.004317780094795797,-0.004317780094795797,-0.00018966806122203446
151,02 NP-CT-L6b Glut,0.0021322831187978717,0.010950746796428679,0.012226275632546045,0.0002922961951502621,-0.0033710603546942687,-0.0036633565498445306,-0.0001784648383434186
151,03 OB-CR Glut,0.0008100069597666057,0.005390423331131549,0.004644490343276004,-0.00040433661396895644,-0.0012088626136705306,-0.0012088626136705306,-2.237145862412956e-05
151,04 DG-IMN Glut,0.0009735243971875135,0.0058383536508117406,0.005582081249010287,-0.00044756114280746563,-0.0021961488129555815,-0.0021961488129555815,-4.88469227039191e-05
151,05 OB-IMN GABA,0.00038698157204036066,0.002497140700897377,0.0022189095447835453,-0.0036831740317706256,-0.008137350152308775,-0.008137350152308775,-7.194521138870518e-05
151,06 CTX-CGE GABA,0.001382411125539793,0.008094124194665002,0.007926592537991158,-0.0003510726434003429,-0.001992883010311089,-0.001992883010311089,-6.294302765426519e-05
151,07 CTX-MGE GABA,0.001298394769708421,0.007554728085808461,0.007444852043503945,-0.0005845050552171853,-0.0025787743535903586,-0.0025787743535903586,-7.649775747279946e-05
151,09 CNU-LGE GABA,0.14266357632791604,0.30496190720477934,0.8180171720785533,-0.05008279551748672,-0.0618943595990075,-0.0618943595990075,-0.20174035692622977
151,11 CNU-HYa GABA,0.002027374020450386,0.011580628894617289,0.011624738462622117,8.923194569635364e-05,-0.00012563718520396098,-0.00021486913090031461,-9.952599049380939e-06
151,12 HY GABA,0.0016284991352431054,0.010453218915867821,0.009337633975205938,0.00020772786271423683,-0.002073120867757183,-0.0022808487304714197,-8.486187431596418e-05
151,13 CNU-HYa Glut,0.001310648180153448,0.007261597141641731,0.007515111744112597,0.0008974953262955004,0.003169714351063508,0.0022722190247680073,6.80400971166112e-05
151,14 HY Glut,0.0023306596236972047,0.012212309369838895,0.013363744576767558,-0.0015323399461779873,-0.004829136411407858,-0.004829136411407858,-0.0002571443166670586
151,16 HY MM Glut,0.0009671468935593026,0.005771227535078515,0.005545513348378954,-0.0012744152682808844,-0.006202146695745779,-0.006202146695745779,-0.0001370449635176081
151,19 MB Glut,0.0016743916229756315,0.010003836620942593,0.009600776425443706,-5.871814402694269e-05,-0.00031743629238902867,-0.00031743629238902867,-1.2143453797843585e-05
151,20 MB GABA,0.0013003556569112001,0.008317496482264692,0.007456095553905616,7.93783954239598e-05,-0.0006213081980191517,-0.0007006865934431116,-2.081682846623588e-05
151,21 MB Dopa,0.001408714240515862,0.00805186608789663,0.008077411690877981,0.0004802804196413982,0.0004823200268580373,2.03960721663907e-06,6.564445530229014e-08
151,22 MB-HB Sero,0.0010396415313525965,0.00638921077955296,0.005961189585614326,0.0005801659683391834,0.0030485665288368415,0.002468400560497658,5.863107551644001e-05
151,23 P Glut,0.0015219779614819627,0.009256888318264546,0.008726853343110375,-0.0002272620045920106,-0.001847899388510288,-0.001847899388510288,-6.425623717472578e-05
151,24 MY Glut,0.0010169303242912899,0.005856366135902354,0.005830966035546591,-0.0006847235554578182,-0.0026721539740619873,-0.0026721539740619873,-6.20842274766153e-05
151,26 P GABA,0.0009888591895285688,0.006448464259093281,0.005670009252696448,-0.00011077327492179631,-0.0010825169610839673,-0.0010825169610839673,-2.4456695014454396e-05
151,30 Astro-Epen,0.0007985123012493238,0.0039857718100320535,0.004578581242324385,0.00032362641688013673,-0.0005402127740830454,-0.000863839190963182,-1.575952482047681e-05
151,31 OPC-Oligo,0.0011502367456965824,0.004669965381559718,0.006595330315937417,0.0003948914719003121,0.0005797417878424684,0.0001848503159421563,4.857759826764242e-06
151,33 Vascular,0.002174983521728784,0.006999019503121498,0.012471115021486309,-0.00021934496841131124,-0.0022061300677988205,-0.0022061300677988205,-0.00010962653538349491
151,34 Immune,0.0014929081766925606,0.0046617516151677574,0.008560170411429896,0.00042349824549266484,-0.0005912539354228626,-0.0010147521809155274,-3.461160145828425e-05
152,01 IT-ET Glut,0.0007720454397110358,0.005026342694657116,0.004948856293679928,0.00016762544532115714,0.0006230875786739744,0.0004554621333528173,1.4320359448478926e-05
152,02 NP-CT-L6b Glut,0.0013388061616613199,0.007403381944014123,0.00858182557445703,-9.964587659936039e-05,0.0011197239333374902,0.0011197239333374902,6.105024970166507e-05
152,03 OB-CR Glut,0.0030249821968368474,0.015933487506676572,0.019390312296500158,-0.0021753185913778303,-0.005229822500876561,-0.005229822500876561,-0.0006442709555748441
152,04 DG-IMN Glut,0.002552218289472052,0.013457604664136397,0.016359868079042345,-0.0015380796087838223,-0.008685498419901681,-0.008685498419901681,-0.0009027579948280005
152,05 OB-IMN GABA,0.0031002929188094198,0.01731246760991366,0.019873058416411234,-0.0007471966950096168,-0.006200525673194008,-0.006200525673194008,-0.00078287066420665
152,06 CTX-CGE GABA,0.07583664293446508,0.29565065766891285,0.48611730394814,-0.003943186432968632,-0.006788462044146415,-0.006788462044146415,-0.0209656955508636
152,07 CTX-MGE GABA,0.005589066607850813,0.0264357161598949,0.035826242906649805,-0.0015220524947963956,-0.004531384327987374,-0.004531384327987374,-0.0010314043642337923
152,09 CNU-LGE GABA,0.0008267038308487188,0.00542404213009119,0.005299219768510353,0.00041540233533072585,-0.00042769810921776874,-0.0008431004445484946,-2.8384944504114403e-05
152,11 CNU-HYa GABA,0.008762717440270457,0.03911118842896443,0.05616952982748309,-0.0022410220138341943,-0.007993489345502602,-0.007993489345502602,-0.0028525547537578307
152,12 HY GABA,0.011802000160478906,0.0414113671383039,0.07565150931279141,-0.005966050602602037,-0.015425938960327444,-0.015425938960327444,-0.00741422917179466
152,13 CNU-HYa Glut,0.001512121112737994,0.009568430409597782,0.009692784518461227,0.0012477743431627297,0.0031256273593275666,0.001877853016164837,0.00011563969946375734
152,14 HY Glut,0.0028344991113618797,0.016193211187362194,0.018169304609769708,-0.00017185317096199087,0.0006367690639761687,0.0006367690639761687,7.350503051925393e-05
152,16 HY MM Glut,0.002504782536714702,0.013071147921794615,0.016055802137448904,-0.0013105126477856186,-0.0038835976890884702,-0.0038835976890884702,-0.00039615308453464393
152,19 MB Glut,0.002992510915647153,0.015467475621900074,0.01918216949037256,-0.0003595653789054076,-0.0012193734372890376,-0.0012193734372890376,-0.00014860425830811943
152,20 MB GABA,0.004642377448492082,0.021345659651596637,0.02975791018493261,0.0004375707644318677,0.0006291760125147084,0.0001916052480828407,3.622485278446423e-05
152,21 MB Dopa,0.008969673918963323,0.04242132166158677,0.05749613292545666,-0.0007080875051425752,0.0009556844292950634,0.0009556844292950634,0.000349100078445232
152,22 MB-HB Sero,0.006019112539585496,0.024315093009036497,0.038582862409037126,0.002876795979011893,0.0065896388968028925,0.0037128429177909995,0.0009101182436844234
152,23 P Glut,0.003481113737241419,0.01758218114880885,0.022314142071755312,-5.253004980809835e-05,-5.381753419542197e-05,-5.381753419542197e-05,-7.629582782698779e-06
152,24 MY Glut,0.002043908274184602,0.011789491865818832,0.013101571236776988,-0.0009830216017399833,-0.0032427937540599754,-0.0032427937540599754,-0.0002699227629262909
152,26 P GABA,0.005748255085908029,0.02508744952083724,0.036846650334753574,5.564632626159343e-05,2.9296862775108134e-05,-2.6349463486485294e-05,-6.168315655723803e-06
152,30 Astro-Epen,0.00046683595094638774,0.0030904910942795042,0.002992445671101684,0.00045213224485094415,0.0006567113144158839,0.00020457906956493973,3.889414901243349e-06
152,31 OPC-Oligo,0.0006715375686366527,0.004435202569657433,0.004304594978546715,0.0008791362506182339,0.0028157363525776603,0.0019366001019594263,5.296256931508626e-05
152,33 Vascular,0.00033450964858964627,0.0021606979985191884,0.0021442263558206325,0.0003402050308686392,0.00044798023675828973,0.00010777520588965055,1.4682036226635266e-06
152,34 Immune,0.0001781070616264739,0.0011775617954356272,0.0011416766521008374,0.0005963172225974305,0.0011939733726346986,0.0005976561500372681,4.335022068874918e-06
153,01 IT-ET Glut,0.014015434555222042,0.051899122787514754,0.17570796083365173,0.006810410602109978,0.014839454697813982,0.008029044095704005,0.04662192850006074
153,02 NP-CT-L6b Glut,0.0065366759109601585,0.030264153330791434,0.08194865385157273,0.0031079994059580746,0.009211518456555257,0.006103519050597183,0.016529399667957585
153,03 OB-CR Glut,0.0021592523748620107,0.011641132898978184,0.02707000130587196,0.0009941867663431502,0.001265306419592108,0.00027111965324895775,0.00024254047815560744
153,04 DG-IMN Glut,0.001247087971277885,0.007397696181500107,0.015634426713638298,9.27519769273264e-05,-5.936244077458455e-05,-0.00015211441770191094,-7.859361999235594e-05
153,05 OB-IMN GABA,0.00043267989399872113,0.0028800223296660925,0.005424398477884472,-0.0010834799293217496,-0.004137825227961835,-0.004137825227961835,-0.0007417519229650448
153,06 CTX-CGE GABA,0.002229289005837505,0.012281846158857912,0.027948032847732215,0.0004521061673600987,0.002150763200908311,0.001698657033548212,0.001568887847687515
153,07 CTX-MGE GABA,0.0030733582688070296,0.015608860241070673,0.03852991587207836,0.0002699020391556821,-8.836902171224129e-05,-0.0003582710608679234,-0.0004561889304337138
153,09 CNU-LGE GABA,0.0019832977640349006,0.01047908159192463,0.024864102819749673,0.0011012543263570294,0.004593472815895814,0.0034922184895387846,0.0028695193174905227
153,11 CNU-HYa GABA,0.0035766824396764015,0.01862249635208987,0.04483996379483752,0.00018862569059833857,0.001558173732172835,0.0013695480415744966,0.0020294458916094607
153,12 HY GABA,0.0027251036807619034,0.01607523634890154,0.03416393611773865,0.00012191389864772517,0.0016700190524560517,0.0015481051538083265,0.001747846583244502
153,13 CNU-HYa Glut,0.00033651871731089943,0.0022434581154059966,0.004218850109005234,-8.482978284505087e-05,0.0007952345532062369,0.0007952345532062369,0.0001108726148116015
153,14 HY Glut,0.0032326776124699435,0.01687245511918645,0.04052726221807062,0.000999793130321014,0.005139992263996669,0.0041401991336756545,0.00554502423786668
153,16 HY MM Glut,0.017869254255528738,0.05036213757115518,0.22402232442283812,0.0016531170673377928,0.0024473519625995686,0.0007942348952617757,0.005879971425771608
153,19 MB Glut,0.003153404210244066,0.016317332747619047,0.03953343160949595,2.6642056441999764e-06,-8.959456470982873e-05,-9.22587703540287e-05,-0.00012053332253464494
153,20 MB GABA,0.0039104706412403985,0.017568648063576962,0.04902458211801963,-0.0005800235252276835,-0.000517797451512778,-0.000517797451512778,-0.0008388972319322666
153,21 MB Dopa,0.002606399224443624,0.014087023396995794,0.032675768349598996,0.00040251397457074096,0.0016213706968589954,0.0012188567222882545,0.001316174334446988
153,22 MB-HB Sero,0.0013289207007209955,0.008082515451729623,0.016660342960704896,-0.0004414133830300191,-0.0015402391947530222,-0.0015402391947530222,-0.0008480218852091236
153,23 P Glut,0.0032696592366557686,0.016785848920425856,0.04099089149395252,0.0006392812014935083,0.001600314307026399,0.0009610331055328906,0.0013018491518109643
153,24 MY Glut,0.0014534109714592915,0.009226577828222135,0.018221046021952837,-0.00028233802666296717,-0.0018098127141471993,-0.0018098127141471993,-0.0010897876757498598
153,26 P GABA,0.002950010063907897,0.017118846835441143,0.036983530601616466,0.0006144794925324089,0.003429233684737969,0.00281475419220556,0.003440200822155548
153,30 Astro-Epen,0.00037108040914620805,0.002424213212960436,0.004652141304609332,-0.00037603961703318973,-0.000570665727981947,-0.000570665727981947,-8.773434561046284e-05
153,31 OPC-Oligo,0.000579204481651607,0.0036908875127658895,0.007261340201456479,-0.00023715670024219407,0.00038436158632731727,0.00038436158632731727,9.223414236056923e-05
153,33 Vascular,0.0004251255638571066,0.002555154200695971,0.005329691750139615,-0.000394643795362093,-0.0010405187594401527,-0.0010405187594401527,-0.00018326813424353713
153,34 Immune,0.0003005089058610407,0.0018184643582367522,0.003767404203783445,-0.0004952168078025635,-0.0015804426087365857,-0.0015804426087365857,-0.0001967686473282628
154,01 IT-ET Glut,0.0349352759871837,0.13292549157393796,0.4418068394360654,0.000833435229454491,0.011866122242244124,0.011032687012789633,0.07251836738345786
154,02 NP-CT-L6b Glut,0.0071438943888358425,0.028639177486257127,0.09034482516624436,0.001535022887289105,0.00290718791945264,0.0013721650321635351,0.0018443524422507994
154,03 OB-CR Glut,0.001295740972565531,0.00846714485003996,0.01638650927008578,0.0010926862506159968,0.0017905313779044113,0.0006978451272884145,0.00017012956204921783
154,04 DG-IMN Glut,0.0016665350619998317,0.008878426346425553,0.021075734132503948,0.0002722026525035151,0.0016551052686518148,0.0013829026161482996,0.0004336192912410227
154,05 OB-IMN GABA,0.0005247739385412214,0.003029317867358376,0.006636521643348939,-0.002094697143178415,-0.007684558968065191,-0.007684558968065191,-0.0007587413418077248
154,06 CTX-CGE GABA,0.0018618433675931325,0.010387564256523393,0.02354568872056689,0.0005458189301846772,0.001574322277137789,0.0010285033469531117,0.00036028932383622397
154,07 CTX-MGE GABA,0.002713233196421811,0.013616279374961139,0.03431273832225903,0.000438770815787524,0.0009017911763861026,0.00046302036059857863,0.0002363685835906626
154,09 CNU-LGE GABA,0.001490402860716035,0.009030890682994333,0.0188482889793396,-0.00011482437558784058,-0.000457162705951611,-0.000457162705951611,-0.00012819674904413563
154,11 CNU-HYa GABA,0.0019730855390006773,0.01165731536056209,0.024952506064148276,0.0004224331190205385,0.0023454953389778575,0.001923062219957319,0.0007139072482804745
154,12 HY GABA,0.0022982445938772873,0.013705479937105787,0.0290646102422219,7.202650959236519e-05,0.00031163785747636386,0.00023961134788399866,0.00010361107299357364
154,13 CNU-HYa Glut,6.40211389792093e-05,0.00042680759319472866,0.0008096394337883043,-0.0003796963143775559,-0.0013676555222169177,-0.0013676555222169177,-1.6474136553628257e-05
154,14 HY Glut,0.0038658144777941553,0.019015154742939494,0.048888787279281636,-0.0007711725820099469,-0.0011125589660600128,-0.0011125589660600128,-0.0008092199631506494
154,16 HY MM Glut,0.0016814673540661762,0.010452731403092459,0.02126457445441204,-0.0009544587602026387,-0.004599812699587849,-0.004599812699587849,-0.0014552282924311566
154,19 MB Glut,0.0031324423925143128,0.0172024377898205,0.03961424188147258,0.00020697333932544217,0.0006350444436820166,0.0004280711043565744,0.000252290877772739
154,20 MB GABA,0.001720333450513555,0.009855763205713656,0.02175609217532351,0.00014894595939957442,0.0004172903152607202,0.0002683443558611458,8.68575631821769e-05
154,21 MB Dopa,0.0020435559131777464,0.011501723376854366,0.02584370535796435,-0.00014659633097452026,-0.0009073750069412303,-0.0009073750069412303,-0.00034887984396312163
154,22 MB-HB Sero,0.0017912223412427039,0.010536485212607501,0.02265258421321849,0.00022226622986887777,0.00039694669875921327,0.0001746804688903355,5.887031888573807e-05
154,23 P Glut,0.002206062098569059,0.012243515496643247,0.02789882993127204,0.0007134003282701668,0.0033433546109263683,0.0026299542826562017,0.0010916124348742768
154,24 MY Glut,0.003608247395371391,0.01809375173483906,0.04563148086299007,0.0011970929879624285,0.0048752629958382305,0.003678170007875802,0.002497069599964436
154,26 P GABA,0.0014920903719266233,0.009568941758420359,0.018869629987057313,0.0004520834714256612,0.0025425314786892118,0.0020904480072635504,0.0005868634201403847
154,30 Astro-Epen,0.00033502812489721195,0.0021618541410320822,0.004236912770843149,-0.00040557387161676634,-0.001821137426478762,-0.001821137426478762,-0.00011479593990842732
154,31 OPC-Oligo,0.0005639236429200475,0.0034104481904836076,0.007131625994687422,-0.00022721847206361257,-0.0008230751973254726,-0.0008230751973254726,-8.73297787247845e-05
154,33 Vascular,0.0003975242303968941,0.002373555650312012,0.005027265961641094,-0.0006125886920640115,-0.0023276985695635834,-0.0023276985695635834,-0.00017409764120432795
154,34 Immune,0.00026887946072090535,0.0016671750977149305,0.00340036771926339,-0.0007255659377591106,-0.0026181485025676444,-0.0026181485025676444,-0.0001324507575499413
155,01 IT-ET Glut,2.8545825793090842e-05,0.00019030550528727224,0.0005013929472752597,-0.0002851293764632174,-0.0006486036288481786,-0.0006486036288481786,-1.2131883845035184e-06
155,02 NP-CT-L6b Glut,2.3254854946650833e-05,0.0001550323663110055,0.0004084597287419173,-6.502337486272065e-05,-0.0003886378932763887,-0.0003886378932763887,-5.921954093990273e-07
155,03 OB-CR Glut,0.0004047974499961977,0.002670353975291421,0.007110061834407594,-0.002331463338349724,-0.006115274247485238,-0.006115274247485238,-0.00016220340421606194
155,04 DG-IMN Glut,9.342592714083715e-05,0.0006228395142722476,0.0016409790104024873,-0.0010237999698096414,-0.0021021715803220867,-0.0021021715803220867,-1.2868912121146455e-05
155,05 OB-IMN GABA,0.0001616962207341648,0.0010779748048944321,0.0028401120803027047,-0.0006337918576982876,-0.0021801590938593414,-0.0021801590938593414,-2.3099060401423853e-05
155,06 CTX-CGE GABA,7.710000592039973e-05,0.0005140000394693315,0.0013542224871534712,-0.0012109330637667247,-0.004438966165453165,-0.004438966165453165,-2.2425519085636575e-05
155,07 CTX-MGE GABA,3.2914993030942046e-05,0.00021943328687294697,0.000578135153102598,-0.0007297097083653722,-0.0017189415805998849,-0.0017189415805998849,-3.707329124136097e-06
155,09 CNU-LGE GABA,4.5026220463775706e-05,0.00030017480309183804,0.000790862718305466,-0.0005154577454270065,-0.0013808052370200504,-0.0013808052370200504,-4.073841962702543e-06
155,11 CNU-HYa GABA,0.00011335963729772066,0.0007557309153181377,0.001991104515901427,0.00040943598966683057,0.0015091162063094027,0.0010996802166425722,8.168289434840043e-06
155,12 HY GABA,8.83860473850642e-05,0.0005892403159004282,0.0015524560794851576,0.000909164637987118,0.00237349063476695,0.0014643259967798321,8.480622732639438e-06
155,13 CNU-HYa Glut,0.0001308414705600136,0.0008722764704000905,0.002298164047711407,0.0004088058451428976,0.001008274736701338,0.0005994688915584403,5.1394698890156574e-06
155,14 HY Glut,7.795450574882672e-05,0.0005196967049921782,0.001369231343107637,-5.5219451639199405e-06,-6.424464383910663e-06,-6.424464383910663e-06,-3.281590656442747e-08
155,16 HY MM Glut,3.77953650300525e-05,0.00025196910020035,0.0006638564112007224,0.0002643531434240468,0.0014519222072889445,0.0011875690638648976,2.9410586023627042e-06
155,19 MB Glut,6.262020267681613e-05,0.0004174680178454409,0.0010998920895363368,0.00033006030415204114,0.0017602914609970708,0.0014302311568450297,5.868498013742857e-06
155,20 MB GABA,6.605938731346308e-05,0.00044039591542308705,0.0011602996228020086,0.000345135437602067,0.0018327680461274593,0.0014876326085253924,6.439267829054651e-06
155,21 MB Dopa,5.392864834437985e-05,0.0003595243222958656,0.0009472293473641326,0.0001988176896881477,0.000859871063259187,0.0006610533735710393,2.3359434215301247e-06
155,22 MB-HB Sero,2.0724860363533936e-05,0.0001381657357568929,0.0003640216574871543,0.0010434217907568043,0.006295410823126588,0.005251989032369784,7.1321699277105615e-06
155,23 P Glut,9.714910373583065e-05,0.0006476606915722042,0.0017063747183326426,0.0005783202650714716,0.003648383267359092,0.0030700630022876207,1.9543050063498227e-05
155,24 MY Glut,3.333074802997252e-05,0.0002222049868664834,0.0005854376787264587,-0.0007791961894774886,-0.0021710576775089883,-0.0021710576775089883,-4.741575608111526e-06
155,26 P GABA,6.447367054375623e-05,0.00042982447029170823,0.0011324473122586028,0.0004751768022004782,0.0031332435557975703,0.002658066753597092,1.1229347909917506e-05
155,30 Astro-Epen,0.0002808675358042459,0.0018724502386949725,0.004933295767709592,-0.00013598377812981628,-0.0024265181780242957,-0.0024265181780242957,-4.465718581537545e-05
155,31 OPC-Oligo,0.0001523230230605022,0.0010154868204033482,0.002675476618674939,-0.000485034838359149,-0.003393485278958703,-0.003393485278958703,-3.3870201329586885e-05
155,33 Vascular,0.05454816616049418,0.2797244956639315,0.9581108634906089,-7.474238473761926e-06,-0.028336040460236477,-0.028336040460236477,-0.10128043944271443
155,34 Immune,0.0002383002699406771,0.0015886684662711806,0.0041856233394013485,1.3998629942768185e-05,-0.0015537423148862073,-0.0015677409448289754,-2.4479643769542578e-05
156,01 IT-ET Glut,4.0921270936441546e-05,0.0002728084729096103,0.0015221770949721649,-0.0008944432528461325,-0.0014019328825261052,-0.0014019328825261052,-2.8747915278408553e-05
156,02 NP-CT-L6b Glut,4.514041671637049e-05,0.00030093611144246996,0.0016791196072546237,-0.0006816564788380657,-0.0009587806623198637,-0.0009587806623198637,-2.1687767584881548e-05
156,03 OB-CR Glut,0.00019698347450904102,0.0013132231633936067,0.007327331877140606,-1.1570644357238334e-05,0.0014873105871760974,0.0014873105871760974,0.00014681197575384296
156,04 DG-IMN Glut,5.701592234449407e-05,0.0003801061489632938,0.002120861084111957,-0.0010328259390022547,-0.001715280063040796,-0.001715280063040796,-4.9007349450815466e-05
156,05 OB-IMN GABA,0.0002256183449834595,0.0015041222998897301,0.008392483153144567,-0.0005950152861561078,-0.001870613810844776,-0.001870613810844776,-0.00021148938094676606
156,06 CTX-CGE GABA,0.00011661129597711253,0.0007774086398474166,0.0043376718193106996,-0.00032947712636544545,0.00046214154663842404,0.00046214154663842404,2.7005091668126838e-05
156,07 CTX-MGE GABA,7.993448609701104e-05,0.0005328965739800737,0.002973378906638177,-0.0007056458537144253,-0.0010251813098973675,-0.0010251813098973675,-4.106434382543864e-05
156,09 CNU-LGE GABA,4.409167711258376e-05,0.00029394451408389175,0.001640108907759151,0.0013688653088522514,0.0028273210384672487,0.0014584557296149973,3.2224032710592015e-05
156,11 CNU-HYa GABA,0.00012058212662366483,0.0008038808441577657,0.0044853775801504195,6.430277883182035e-05,0.00037601924951463357,0.0003117164706828132,1.8835307283061296e-05
156,12 HY GABA,0.00018985253586238844,0.0012656835724159227,0.007062077371960512,0.00018597150109034928,0.0004305258625375357,0.00024455436144718643,2.3266005977313507e-05
156,13 CNU-HYa Glut,4.594208635835991e-06,3.0628057572239936e-05,0.00017089398728242382,0.00019027444441326873,0.000663958389181319,0.0004736839447680503,1.0905093637880949e-06
156,14 HY Glut,7.450092286168777e-05,0.0004966728190779184,0.0027712628601024246,0.0002723081109916617,0.0005875607298702393,0.00031525261887857764,1.1769293028866041e-05
156,16 HY MM Glut,5.662416475256755e-05,0.00037749443168378364,0.002106288603356454,-0.00028254816001359805,-0.0006492866703384165,-0.0006492866703384165,-1.842333784988802e-05
156,19 MB Glut,0.00025813453432982337,0.0015124496271098978,0.009602010557992004,-6.658469706734093e-05,-0.0005393750954489525,-0.0005393750954489525,-6.976972649323442e-05
156,20 MB GABA,0.0001177558684555301,0.0007850391230368673,0.004380247281174745,-0.000600549083372701,-0.0015240258739422875,-0.0015240258739422875,-8.993006770528711e-05
156,21 MB Dopa,0.00011185628026017659,0.0007456819042199225,0.004160796178722838,-0.0002670658808399909,-0.0009063174340994229,-0.0009063174340994229,-5.08008205936287e-05
156,22 MB-HB Sero,0.00012325869209131108,0.0007937185809965075,0.004584939655198689,-0.0007482600545804052,-0.0015796466928390588,-0.0015796466928390588,-9.756803041255619e-05
156,23 P Glut,0.00014345882460345259,0.0009453426844373233,0.005336338092288829,-0.0005887387225297928,-0.002037973582239426,-0.002037973582239426,-0.00014650614422666406
156,24 MY Glut,3.0154037466594466e-05,0.00020102691644396315,0.0011216607916179732,-0.0003277817389492247,-0.0006306196792212517,-0.0006306196792212517,-9.528905276301514e-06
156,26 P GABA,0.00013351920690166235,0.0008657944962018761,0.0049666071906766945,-0.0005588620183071059,-0.0019200453014557187,-0.0019200453014557187,-0.00012846512385208286
156,30 Astro-Epen,0.00022420210509955737,0.0014918903440630786,0.008339802289062653,-1.5236650973353442e-05,0.00015457430852417055,0.00015457430852417055,1.7366288790161194e-05
156,31 OPC-Oligo,0.0240390041575771,0.08288444362170803,0.8941956268034342,-0.019414879943875935,-0.04596442131979022,-0.04596442131979022,-0.5536920524360865
156,33 Vascular,0.00025004396918311617,0.001666407456519753,0.009301060155673715,-0.0013926541660923143,-0.002612034352755736,-0.002612034352755736,-0.00032728438781863794
156,34 Immune,0.00019952519826794076,0.0013301679884529384,0.007421878150973424,-0.0007823022582793714,-0.001672746877761469,-0.001672746877761469,-0.0001672468702304437
157,01 IT-ET Glut,4.181200949069747e-05,0.0002787467299379831,0.0017793593975460379,-0.0013673057442000333,-0.0026557550417214805,-0.0026557550417214805,-8.812438637327226e-05
157,02 NP-CT-L6b Glut,4.291072679027616e-05,0.00028607151193517437,0.0018261166085977263,-0.0018019202518639284,-0.003660149309548185,-0.003660149309548185,-0.00012464409923353253
157,03 OB-CR Glut,0.0002883769340754678,0.0019225128938364523,0.012272220683314935,-0.005557025910468288,-0.013657626128061538,-0.013657626128061538,-0.003125667601453666
157,04 DG-IMN Glut,7.034975981509741e-05,0.00046899839876731614,0.0029938170340736733,-0.0009520658258444488,-0.0016580009324806263,-0.0016580009324806263,-9.256662733628253e-05
157,05 OB-IMN GABA,0.0006885040243304734,0.0042419958197800565,0.02930010111600254,0.00028407044129219586,-0.0024870790542419158,-0.0027711494955341117,-0.0015141659978506396
157,06 CTX-CGE GABA,0.0001180096320582497,0.0007867308803883312,0.005022039130898849,-0.002658283319147505,-0.006018869343908492,-0.006018869343908492,-0.0005636888224656018
157,07 CTX-MGE GABA,0.0001637324915625852,0.0010894539256563088,0.006967829365157198,-0.0009412502610974965,-0.0020005025223723567,-0.0020005025223723567,-0.00025994473466687726
157,09 CNU-LGE GABA,3.713438311396865e-05,0.0002475625540931243,0.0015802974879888462,-0.00040194211269703765,-0.0009298173910075764,-0.0009298173910075764,-2.7401915928528024e-05
157,11 CNU-HYa GABA,0.00017283760546748326,0.001152250703116555,0.007355308230434219,2.8201037999061183e-05,0.0003434730023407264,0.0003152719643416652,4.32444765482105e-05
157,12 HY GABA,0.00014701691176095426,0.0009801127450730282,0.006256478144114351,0.0004292030920413186,0.0017698992302481267,0.0013406961382068081,0.00015642447467564626
157,13 CNU-HYa Glut,5.715941424744267e-05,0.0003810627616496178,0.0024324863152545267,0.00045057385903156323,0.0021228525947589523,0.001672278735727389,7.58583667602266e-05
157,14 HY Glut,0.00020996896798395942,0.001399793119893063,0.008935477173332792,0.00036399797377769896,0.001287966285956887,0.0009239683121791882,0.0001539640199465384
157,16 HY MM Glut,0.0001247923193622336,0.0008319487957482239,0.005310684391960628,-0.00017503002366793503,4.909899791361811e-05,4.909899791361811e-05,4.862588694087755e-06
157,19 MB Glut,0.00019252111855452687,0.001283474123696846,0.008192963354279529,-0.000248565051970139,-0.0003358783694806184,-0.0003358783694806184,-5.1317733081981075e-05
157,20 MB GABA,0.0001254308217930031,0.0008362054786200209,0.005337856616266147,-0.00021346389699375285,-0.0003712441306771111,-0.0003712441306771111,-3.695480499596847e-05
157,21 MB Dopa,6.13559706437838e-05,0.0004090398042918921,0.002611075724185539,-0.00013814469383874867,7.787199147248869e-05,7.787199147248869e-05,3.7917977395728503e-06
157,22 MB-HB Sero,5.0813615156439455e-05,0.00033875743437626295,0.0021624333475771937,-0.0005377557675850757,-0.0010671905959628862,-0.0010671905959628862,-4.303572609026494e-05
157,23 P Glut,0.00023482652776501246,0.0015600331388416094,0.009993319959059695,-0.00037213915584258147,-0.0008250967616635636,-0.0008250967616635636,-0.00015376556562368788
157,24 MY Glut,4.908275650627733e-05,0.00032721837670851556,0.0020887746154926944,1.8645972049346622e-05,0.00046306811104655977,0.00044442213899721313,1.7311379663696502e-05
157,26 P GABA,0.0002914653359291666,0.0019431022395277778,0.012403651268180754,-0.00017670030096167966,0.0004010605175523615,0.0004010605175523615,9.276921299883865e-05
157,30 Astro-Epen,0.019687877698029516,0.06364958586730952,0.8378408650155862,0.008723794701424375,0.020634454818581373,0.011910660117156998,0.186098034221173
157,31 OPC-Oligo,0.0002855615259628663,0.0019036155117033767,0.012152407669204732,-0.0018603561548998211,-0.0036208823543399525,-0.0036208823543399525,-0.0008205804379632353
157,33 Vascular,0.0002418008480770711,0.0016120056538471406,0.010290120388886412,8.800667196290867e-05,0.0012872785460463804,0.0011992718740834719,0.00023013491842318606
157,34 Immune,0.00011500837187424747,0.0007667224791616498,0.004894316962604756,-0.00032082252485417354,-0.000308261286094577,-0.000308261286094577,-2.8135555384516657e-05
158,01 IT-ET Glut,0.01658282953497941,0.05381073192031367,0.048621533683890175,0.0060224234798229885,0.008931072904187088,0.0029086494243640995,0.0012170165394375359
158,02 NP-CT-L6b Glut,0.013357029668221481,0.04046308634652246,0.03916335668531357,0.0026114029375357375,0.0009553926238787417,-0.0016560103136569956,-0.000558109470934156
158,03 OB-CR Glut,0.004393965052385871,0.021070099684095015,0.012883285047932635,0.005594848464946549,0.009458322043896418,0.003863473578949869,0.0004283324817934534
158,04 DG-IMN Glut,0.007777944364004613,0.026837785089950092,0.02280525064122259,0.0085664065301575,0.0221749559731556,0.013608549442998101,0.0026706878605976497
158,05 OB-IMN GABA,0.0012192764991146789,0.007382328548284438,0.0035749685086389972,0.0038078290148644924,0.010063565006964837,0.006255735992100345,0.00019245406105264934
158,06 CTX-CGE GABA,0.010831047745138775,0.035839534379986195,0.03175707448847882,0.006465064390804024,0.00715029806815775,0.0006852336773537256,0.0001872645770464092
158,07 CTX-MGE GABA,0.012973933658652152,0.042698697501530755,0.03804010353396517,0.003931327849940086,0.0006990697731658267,-0.0032322580767742597,-0.0010580937930595282
158,09 CNU-LGE GABA,0.00629155011583028,0.026993293229495896,0.018447081979312222,0.0038308185617973774,-0.0010059685708870777,-0.004836787132684455,-0.0007678229685295311
158,11 CNU-HYa GABA,0.006425699862831282,0.027770277173880246,0.018840414518173337,0.014089154609652191,0.020853631128164764,0.006764476518512573,0.0010967334623285876
158,12 HY GABA,0.007736517126593058,0.03354719044577772,0.022683784288632543,0.017030474653584215,0.027396684875909533,0.010366210222325319,0.002023540811089759
158,13 CNU-HYa Glut,0.15912893538687856,0.20778376821635336,0.4665725397269669,-0.12869095038235498,-0.15025480807329772,-0.15025480807329772,-0.6032870457179987
158,14 HY Glut,0.012666889404420251,0.039664665814865774,0.03713983723634144,0.019346727818789492,0.032845393021739715,0.013498665202950223,0.004314269485274323
158,16 HY MM Glut,0.006180443078898369,0.021942249350118168,0.018121311607777805,0.004808018853568977,0.0101220120607918,0.0053139932072228235,0.0008286804065831345
158,19 MB Glut,0.011562078966804315,0.039201839487636884,0.03390048789649892,0.0066951966177442555,0.0053823979410074566,-0.001312798676736799,-0.0003829839076668857
158,20 MB GABA,0.014011136052427986,0.04485654902938141,0.04108122332715888,0.004730876108865501,0.0006400506459327594,-0.004090825462932742,-0.0014462080189356708
158,21 MB Dopa,0.010336444636101626,0.04010148952023356,0.03030687796589626,0.004270486166106167,0.003785027373174762,-0.0004854587929314044,-0.00012661058605963226
158,22 MB-HB Sero,0.004114218505317006,0.021517646051973958,0.012063056742951892,-0.000698041772079451,-0.012901056571239205,-0.012901056571239205,-0.0013392421130262668
158,23 P Glut,0.010649130876954875,0.038668491598064354,0.031223686798795725,0.0035119305786707198,0.0017997060067456488,-0.001712224571925071,-0.0004600672874173356
158,24 MY Glut,0.00979664104978213,0.03509123904540577,0.028724151797267724,-0.0024862225025676092,-0.0055914707640577375,-0.0055914707640577375,-0.0013821326256430318
158,26 P GABA,0.00761709448630242,0.03003528650115453,0.022333632228318454,0.0024005280145754215,-0.0014958445269170463,-0.0038963725414924676,-0.0007488524957142224
158,30 Astro-Epen,0.001576757225498837,0.008127846187615886,0.004623116603182529,0.002811503049268678,0.0036476560758932734,0.0008361530266245954,3.326573017086264e-05
158,31 OPC-Oligo,0.001927713743609485,0.009072126497117845,0.005652135452523241,0.004918878912925527,0.007417393447216362,0.002498514534290835,0.00012152647148700478
158,33 Vascular,0.0023339881992847458,0.011385169598161,0.006843348754803826,0.0067267530118211944,0.008953283944725382,0.002226530932904188,0.00013112148331683802
158,34 Immune,0.0015681024630029416,0.007109838318901499,0.004597740485956419,0.005813786893132549,0.007732437326676634,0.0019186504335440844,7.591310540554339e-05
159,01 IT-ET Glut,0.004103042595894352,0.022399932922446124,0.014699367617629798,0.0010643766774759997,0.004660791710258334,0.0035964150327823345,0.00012859601950868807
159,02 NP-CT-L6b Glut,0.0018639661361052697,0.010993466156049602,0.006677757498506317,0.00030726418926147717,0.002675841041628215,0.002368576852366738,3.847487296728978e-05
159,03 OB-CR Glut,0.0036247432844536565,0.01680310338831983,0.01298583497793428,0.003733088970308081,0.00974549693477233,0.006012407964464249,0.0001899229254563782
159,04 DG-IMN Glut,0.24005058563164205,0.4758768742781787,0.8599939490166785,0.06455689888516272,0.030149076974812145,-0.03440782191035058,-0.0719799677034869
159,05 OB-IMN GABA,0.0007155987786514807,0.004722693624347185,0.00256367056112226,-0.0007314632636860669,-0.004355700617730682,-0.004355700617730682,-2.7163098478464923e-05
159,06 CTX-CGE GABA,0.0020904988725340967,0.011933070367832607,0.007489323036121493,-0.00027120668342926307,-0.0016768783384550436,-0.0016768783384550436,-3.0549435399793566e-05
159,07 CTX-MGE GABA,0.001017353634860422,0.006386317382785236,0.0036447233306593513,0.00024279220893894688,0.0012938818135292622,0.0010510896045903154,9.31887267398496e-06
159,09 CNU-LGE GABA,0.0025778699761333447,0.013482886742099142,0.009235355852155106,0.0012372865141966768,0.004643886934008769,0.003406600419812092,7.653038531867802e-05
159,11 CNU-HYa GABA,0.0034463520939461566,0.016377029542300775,0.012346739080748062,9.012336492019344e-06,0.0014583925225991178,0.0014493801861070984,4.353050050611182e-05
159,12 HY GABA,0.0023019592829721615,0.013469694021476535,0.008246891166833638,-0.0004252737124993143,0.0003646657231265145,0.0003646657231265145,7.315504420444124e-06
159,13 CNU-HYa Glut,0.0001791923752117763,0.0011946158347451755,0.0006419661838631263,-0.00010852342358964431,0.0003410396437031235,0.0003410396437031235,5.325692510420057e-07
159,14 HY Glut,0.002258735116918373,0.013357434146064684,0.008092038300469081,-0.0003476838112214137,0.0006290418759552635,0.0006290418759552635,1.2382164166295525e-05
159,16 HY MM Glut,0.000606660281167653,0.003988188470178853,0.0021733926186438255,-0.0005306179328223188,0.00022716912085497793,0.00022716912085497793,1.2010098113918558e-06
159,19 MB Glut,0.0015630643760818344,0.009587103291226095,0.005599760991279663,8.166741164966591e-05,0.0008376121774434735,0.0007559447657938076,1.0297187608301424e-05
159,20 MB GABA,0.001863353532722735,0.01074194942174613,0.006675562814411959,-0.0005263689358091168,-0.0010008834327176796,-0.0010008834327176796,-1.625288481865125e-05
159,21 MB Dopa,0.0030749349625187163,0.01614640893092168,0.011016117517179473,-0.0007805820371503,-0.0011871554830015923,-0.0011871554830015923,-3.18123119976164e-05
159,22 MB-HB Sero,0.0013061066371883414,0.007848110312688016,0.004679196269390132,-6.700251176683366e-05,-0.0011034986904404195,-0.0011034986904404195,-1.2560361945670765e-05
159,23 P Glut,0.002091918922143334,0.012294034738651278,0.007494410439128797,-0.00022511333637655536,-0.0009125021611776303,-0.0009125021611776303,-1.6635292669151584e-05
159,24 MY Glut,0.0006678995827968418,0.00445266388531228,0.002392785663257867,0.0008765527955548684,0.004077463046034675,0.0032009102504798066,1.863100855897864e-05
159,26 P GABA,0.0018903219360964288,0.011576137265905,0.006772178549195489,-0.0003926285158150129,-0.001459518651547818,-0.001459518651547818,-2.4043468520193765e-05
159,30 Astro-Epen,0.000354942854547293,0.0023654094330825062,0.0012716015932816077,-0.0006624649962698355,-0.0011013267733577113,-0.0011013267733577113,-3.4066406997951535e-06
159,31 OPC-Oligo,0.0005789735943808133,0.0038090865426976114,0.002074203595453775,-0.00023267071661038557,0.00045522318668847174,0.00045522318668847174,2.2968616027587906e-06
159,33 Vascular,0.0005107897537803021,0.0033506203458771593,0.0018299313718186407,-0.0006592228014720888,-0.0009997843115211718,-0.0009997843115211718,-4.450411717886086e-06
159,34 Immune,0.0003916877011550843,0.0024186307156423867,0.0014032419542375993,-0.0007798352782298418,-0.001260583760417059,-0.001260583760417059,-4.302920666310882e-06
160,01 IT-ET Glut,0.005882206559319448,0.025818924731582666,0.037164889514523354,-0.0024132516546071067,-0.007212682547532204,-0.007212682547532204,-0.00119970785193079
160,02 NP-CT-L6b Glut,0.12205141408959244,0.28569405411907933,0.7711438342035792,-0.044790809783612565,-0.06013926362121911,-0.06013926362121911,-0.20755793143077694
160,03 OB-CR Glut,0.0012351492514066128,0.008201342362194556,0.007803905728156538,0.004098431218082162,0.007732582586673513,0.0036341513685913505,0.00012692900164500923
160,04 DG-IMN Glut,0.0014500975392677988,0.008877126231327415,0.009161989516805604,-0.0016941978906053533,-0.0029019559140788256,-0.0029019559140788256,-0.00011899437662229129
160,05 OB-IMN GABA,0.00025693178252237964,0.0016916837752534134,0.0016233434195004797,-0.005036468641346115,-0.00795700219915067,-0.00795700219915067,-5.781036617029153e-05
160,06 CTX-CGE GABA,0.001136800906200123,0.007173280337802381,0.007182522349882539,0.0011366129385740895,0.004062486274487877,0.002925873335913787,9.40542326283935e-05
160,07 CTX-MGE GABA,0.001083997270526427,0.006846061845920787,0.006848899029112058,0.0007934687602620829,0.0031834947931240402,0.0023900260328619575,7.326039101176978e-05
160,09 CNU-LGE GABA,0.0010383710683387853,0.006727187166286298,0.006560624085658323,-0.0011700655669698169,-0.002917169373605622,-0.002917169373605622,-8.565498367844716e-05
160,11 CNU-HYa GABA,0.0030279418965920473,0.0160165063739326,0.019131107503348108,-9.135922224199406e-05,-0.00021950063849107942,-0.00021950063849107942,-1.879410882512939e-05
160,12 HY GABA,0.0028072495829080954,0.01587691524019251,0.01773673187711754,-0.00034425256089624885,-0.002494075347400758,-0.002494075347400758,-0.00019798350466886032
160,13 CNU-HYa Glut,0.0006447054201623498,0.004296686261527317,0.00407337033613458,-0.0005407931643532984,-0.0016029736948602465,-0.0016029736948602465,-2.922308956751598e-05
160,14 HY Glut,0.002845471507998191,0.015463024844842707,0.01797822520256957,-0.0006461100512640806,-0.0007977816711427167,-0.0007977816711427167,-6.419137932734363e-05
160,16 HY MM Glut,0.0011911634594937194,0.007696966633887591,0.007525995205945868,-0.0014430392600380362,-0.003862663483687077,-0.003862663483687077,-0.00013010579732448474
160,19 MB Glut,0.002682036515618004,0.015708416245310455,0.016945612122195298,0.0002468185632971043,0.0016643376180334349,0.0014175190547363306,0.00010750582693753419
160,20 MB GABA,0.0020180774586614084,0.012434518830501883,0.012750593680542013,-0.00032847799349369853,-0.0004229762707410742,-0.0004229762707410742,-2.413749781737814e-05
160,21 MB Dopa,0.0013268248967650495,0.00832025013406271,0.008383129731353243,0.00020896688912000399,0.001525124785288364,0.0013161578961683599,4.938101562974589e-05
160,22 MB-HB Sero,0.0016946117308276503,0.010180497704750685,0.01070687625657121,-7.555332850266212e-05,0.001290190696673854,0.001290190696673854,6.1824772451134e-05
160,23 P Glut,0.001496395395490625,0.00942466662407176,0.009454508097023518,1.8773676316612069e-06,0.0017563905577074105,0.0017545131900757493,7.424058970004877e-05
160,24 MY Glut,0.0011662139405049675,0.006628200948175408,0.007368359443361436,0.00035846917183102054,0.003938458434545185,0.0035799892627141647,0.00011805880006570797
160,26 P GABA,0.0021605849920603966,0.01309998986429318,0.013650983131396897,-0.00045609556770487606,-0.0009456666308289735,-0.0009456666308289735,-5.777604799572253e-05
160,30 Astro-Epen,0.00024126988966860556,0.0016055725719363527,0.0015243886290440627,0.0009650774128931678,0.0011458862445267478,0.00018080883163358,1.2335625544619805e-06
160,31 OPC-Oligo,0.0004244141364562426,0.0027533162825043645,0.002681528492876152,0.0007495133919591063,0.0015707616369943023,0.000821248245035196,9.856045681338356e-06
160,33 Vascular,0.00023731272455286505,0.0015562485213610649,0.0014993865141346133,-0.00015990951398956943,-0.00015609279568188752,-0.00015609279568188752,-1.0474716961658507e-06
160,34 Immune,0.00017397327394178767,0.0011480545575605005,0.0010991959291675238,0.00021987056958224966,0.00022538922108571416,5.518651503464496e-06,2.7149005050038877e-08
161,01 IT-ET Glut,0.0006896938569019922,0.004503009315383056,0.005525770648537031,-9.188724573494615e-06,0.0016132693267941788,0.0016132693267941788,9.648921718607557e-05
161,02 NP-CT-L6b Glut,0.0017184439436441332,0.009987478661213548,0.01376803201872559,-1.9111930557807054e-05,0.0018246964642662064,0.0018246964642662064,0.00027192024882975865
161,03 OB-CR Glut,0.003091569715740123,0.01567100033304021,0.02476940315211527,0.00015669357316614677,0.00032850568271318236,0.0001718121095470356,4.6062591009371556e-05
161,04 DG-IMN Glut,0.0013894432748986537,0.007690340600792991,0.011132105628328342,2.793478619123401e-05,0.0010413388495716072,0.0010134040633803733,0.00012210656410626116
161,05 OB-IMN GABA,0.000932136081380808,0.005241540295701428,0.007468197878509357,-0.0012849875934831557,-0.005624826334277672,-0.005624826334277672,-0.0004546780470607029
161,06 CTX-CGE GABA,0.0029472596965366064,0.015443597586857323,0.023613203107088736,-0.000756885936975377,-0.000950526914394376,-0.000950526914394376,-0.00024293963372476062
161,07 CTX-MGE GABA,0.0026071623429644937,0.012660887879291626,0.020888370987435744,0.001110395816873682,0.004751867684152967,0.003641471867279285,0.0008233046767780703
161,09 CNU-LGE GABA,0.0008597085917327636,0.005579965226494713,0.006887914768199943,-4.5422168632486494e-05,0.0010940412110188537,0.0010940412110188537,8.15643720950873e-05
161,11 CNU-HYa GABA,0.005965372728971198,0.025572785659883916,0.04779407733367195,0.001153192576152554,0.0034244647667449027,0.0022712721905923487,0.001174957929530783
161,12 HY GABA,0.005276200653154795,0.026130586884570046,0.04227248715242321,0.00033946652772474836,0.001811097102293278,0.0014716305745685297,0.0006733419217205204
161,13 CNU-HYa Glut,0.0013857338196216224,0.008073769905879657,0.011102385776706128,0.0006506622398887993,0.0030538138209354644,0.002403151581046665,0.0002887862625297403
161,14 HY Glut,0.0031243149361095146,0.018126543169197044,0.025031755173648168,0.0010852499944038153,0.0053852604422946265,0.004300010447890811,0.0011650373923773542
161,16 HY MM Glut,0.004088663637345126,0.017445622573709546,0.03275803792202385,0.0004612894302096278,0.002210563798924306,0.0017492743687146782,0.0006202329938153992
161,19 MB Glut,0.007593234419888591,0.03303724519783806,0.06083637176841481,0.0015997332934178487,0.002421754946056049,0.0008220216526382002,0.0005412845282659286
161,20 MB GABA,0.005879694791997259,0.02706218528891683,0.047107632725502745,0.0009996715767088933,0.002550318366946719,0.0015506467902378256,0.0007906480717526214
161,21 MB Dopa,0.0031991766536106333,0.01688539641719125,0.025631541117987145,0.0006511228056924833,0.0037128285977996345,0.003061705792107151,0.0008494097196706186
161,22 MB-HB Sero,0.007500976480338471,0.023902509779695456,0.060097208718956185,0.00634342674657006,0.010582689046878382,0.004239262300308322,0.002757551558685581
161,23 P Glut,0.0083252408688519,0.040950538934958584,0.06670114743626024,1.4759873594936845e-05,0.0017509873566534614,0.0017362274830585245,0.0012534845420872616
161,24 MY Glut,0.009121301475406792,0.03973109722642129,0.07307911976432564,-0.00020161326485770544,3.8113064749696344e-06,3.8113064749696344e-06,3.014714789522556e-06
161,26 P GABA,0.04741493906752687,0.20209459722018086,0.3798846052919729,-0.0024791607838325095,-0.000320884997820657,-0.000320884997820657,-0.0013194111766444967
161,30 Astro-Epen,0.0004442356844768972,0.0027097991917792736,0.0035591798908309307,-0.00038563125065380744,-0.00178321691325367,-0.00178321691325367,-6.869627126425473e-05
161,31 OPC-Oligo,0.0006688546341094062,0.004317269821407144,0.005358808503676345,-2.6178321301742762e-05,0.0008043480605544075,0.0008043480605544075,4.665426028963776e-05
161,33 Vascular,0.0004056415596232962,0.002584948002822965,0.003249966925994697,-0.00017399788713808736,6.796335045198433e-05,6.796335045198433e-05,2.390742340307985e-06
161,34 Immune,0.0001850588464309991,0.0012333607381070282,0.001482676308665238,-0.0002628994510006797,-0.000672102247606634,-0.000672102247606634,-1.0786008222789835e-05
162,01 IT-ET Glut,2.8559069262960858e-05,0.0001903937950864057,0.0005606749418881503,0.00048128436990225754,0.00038799215068394154,-9.3292219218316e-05,-3.461548538804023e-07
162,02 NP-CT-L6b Glut,3.598574200712979e-05,0.00023990494671419858,0.0007064762378239244,-0.00037374364461326126,-0.0015313995211524126,-0.0015313995211524126,-7.1597840075858035e-06
162,03 OB-CR Glut,0.00019762346351797464,0.0013174897567864976,0.0038797666304685443,-0.002100920052408369,-0.006603187932427401,-0.006603187932427401,-0.00016954036593301168
162,04 DG-IMN Glut,5.619825300353296e-05,0.000374655020023553,0.0011032905850974753,0.0011544734137430926,0.0018469345064387364,0.0006924610926956438,5.0559077804836186e-06
162,05 OB-IMN GABA,0.0007004836430520036,0.004669890953680023,0.013751975676992503,0.00286106199067921,0.0045394876011593845,0.0016784256104801745,0.00015274993993760953
162,06 CTX-CGE GABA,5.732183646633172e-05,0.0003821455764422115,0.001125348905237768,-0.0007063656313882366,-0.0025206790308114966,-0.0025206790308114966,-1.877234799054948e-05
162,07 CTX-MGE GABA,6.536460056880487e-05,0.0004357640037920324,0.0012832453777822212,0.00026938880704757587,-0.00046775976726898776,-0.0007371485743165637,-6.260061408939962e-06
162,09 CNU-LGE GABA,4.015763948603755e-05,0.00026771759657358366,0.0007883794103332454,-0.00013152475115158562,0.00048193739936983765,0.00048193739936983765,2.514431207782259e-06
162,11 CNU-HYa GABA,3.3047627037038426e-05,0.00022031751358025616,0.0006487948258371147,-0.000712567317043639,-0.0015820484670948803,-0.0015820484670948803,-6.792677830062865e-06
162,12 HY GABA,0.0001352261932548183,0.0009015079550321219,0.002654776223510605,-0.0011617363707644279,-0.002528898516241092,-0.002528898516241092,-4.442967904652644e-05
162,13 CNU-HYa Glut,2.5578728893012938e-05,0.0001705248592867529,0.0005021645559809096,-0.001173450363012848,-0.002680622584261165,-0.002680622584261165,-8.90831536220712e-06
162,14 HY Glut,5.341732435464756e-05,0.00035611549569765035,0.0010486950730990824,-0.0001417023891185952,-0.0010094037174615416,-0.0010094037174615416,-7.005320064080995e-06
162,16 HY MM Glut,2.145950455795379e-05,0.00014306336371969192,0.0004212954687071564,8.457388761045195e-07,0.00016995493919669483,0.0001691092003205903,4.7148499824609675e-07
162,19 MB Glut,4.683512697717633e-05,0.00031223417984784223,0.0009194726149674967,0.00022570878269846762,0.0004040860587963285,0.00017837727609786087,1.085405909377047e-06
162,20 MB GABA,4.2945906311025614e-05,0.00028630604207350414,0.0008431189862513005,0.0005337975514028211,0.0010372915543947526,0.0005034940029919315,2.8092929311972103e-06
162,21 MB Dopa,4.287904980437198e-05,0.0002858502503564986,0.0008418064516011784,0.00044620909657833434,0.0006684066182347863,0.0002221975216564519,1.237842288428155e-06
162,22 MB-HB Sero,2.8324159241684494e-05,0.00018882772827789662,0.0005560631612549877,0.0006456953569556452,0.00193149382044377,0.001285798463488125,4.7316311448717e-06
162,23 P Glut,5.3158108347068616e-05,0.0003543873889804575,0.0010436061145392777,0.0006434584657616234,0.0015331279312953536,0.0008896694655337302,6.144395399202717e-06
162,24 MY Glut,1.526464719561161e-05,0.00010176431463741073,0.00029967731442993644,0.0003427796282224753,0.00020921117544894013,-0.0001335684527735352,-2.648936931413965e-07
162,26 P GABA,2.4162880745331738e-05,0.00016108587163554493,0.00047436846183602274,0.0006696182290902329,0.001508058538864497,0.000838440309774264,2.632096527209236e-06
162,30 Astro-Epen,0.00018725870070585216,0.0012483913380390145,0.0036762844114276026,-0.0006354876250343803,-0.0021289269807955287,-0.0021289269807955287,-5.179450938722001e-05
162,31 OPC-Oligo,0.0001439724118685321,0.0009598160791235472,0.002826482996159002,-0.0007859688234944542,-0.0021401590663515015,-0.0021401590663515015,-4.003190758036593e-05
162,33 Vascular,0.04847722893885499,0.15866280887435297,0.9517105500858049,-0.05204871273201622,-0.12091832293211105,-0.12091832293211105,-0.7615717990064997
162,34 Immune,0.0004244924880960635,0.0028251313702088517,0.008333685488969674,-6.714067585685999e-06,-0.001570500310459184,-0.001570500310459184,-8.661417793886051e-05
163,01 IT-ET Glut,2.033778886325085e-05,0.000135585259088339,0.0008568914120463727,0.0003418881351224059,0.0006315120093120097,0.0002896238741896038,3.0909480854062156e-06
163,02 NP-CT-L6b Glut,1.9297312910784027e-05,0.0001286487527385602,0.0008130530717968773,0.0004569933564847555,0.0008835053093842673,0.00042651195289951176,4.31898468045451e-06
163,03 OB-CR Glut,0.00017244040957768182,0.0011496027305178788,0.007265426298326504,0.0004820249167204861,0.0013857366596750965,0.0009037117429546103,8.177538343071464e-05
163,04 DG-IMN Glut,3.260171390315253e-05,0.00021734475935435022,0.0013736069761292055,0.00046943765375492483,0.001020972575800272,0.0005515349220453472,9.435546647421965e-06
163,05 OB-IMN GABA,0.00025690472122869023,0.0017126981415246016,0.010824158457697963,-0.0006822753439787952,-0.0011744629319598203,-0.0011744629319598203,-0.00015833065835252184
163,06 CTX-CGE GABA,4.7462521406583376e-05,0.00031641680937722244,0.0019997369065452857,0.0004606465485041345,0.0014273810254178958,0.0009667344769137612,2.407751328047016e-05
163,07 CTX-MGE GABA,8.797747889163284e-05,0.0005865165259442189,0.003706752323107809,0.0005759410500447542,0.0013938714091366316,0.0008179303590918774,3.7760823638541034e-05
163,09 CNU-LGE GABA,3.925602778049389e-05,0.0002617068518699594,0.0016539729713165204,0.0010929482715523167,0.0032154377412527127,0.0021224894697003957,4.372255315306627e-05
163,11 CNU-HYa GABA,3.43065184488903e-05,0.00022871012299260197,0.0014454354518933506,0.0006164543576770073,0.0012178075193930702,0.000601353161716063,1.0825796597511535e-05
163,12 HY GABA,0.00017013660095877844,0.0011331674647317082,0.007168360002977956,0.00020891135004047124,0.00035790053406300045,0.0001489891840225292,1.3301668232359366e-05
163,13 CNU-HYa Glut,0.00014567881738495513,0.000969834005414531,0.006137880984682744,0.00046774550256184835,0.001215591350600168,0.0007478458480383197,5.716919959750942e-05
163,14 HY Glut,0.0001643121272578097,0.0010904486967777938,0.006922957637577832,0.0006419219675151143,0.0015123695271634235,0.0008704475596483092,7.505261836977133e-05
163,16 HY MM Glut,6.224967381198676e-05,0.0004149978254132451,0.0026227635290561884,0.0007058920383938934,0.001762359756704544,0.0010564677183106507,3.451015652378581e-05
163,19 MB Glut,0.0001257119643801797,0.0008380694888039754,0.00529661820137693,0.000229066516227059,0.00047345883850834187,0.0002443923222812829,1.612195812377907e-05
163,20 MB GABA,0.00012844169862558685,0.0008516617122515899,0.0054116300076153595,-0.00023762832629063834,-0.00031464659400144126,-0.00031464659400144126,-2.1207168799683445e-05
163,21 MB Dopa,0.0001519642717269339,0.0010130951448462258,0.006402705832785248,0.0002002796036302958,0.00072238035379808,0.0005221007501677842,4.1634123692902215e-05
163,22 MB-HB Sero,3.134177052831376e-05,0.00020894513685542512,0.001320521821945365,-0.0008363914825252366,-0.0017381261089006968,-0.0017381261089006968,-2.8586331630705475e-05
163,23 P Glut,0.00011503543762978933,0.000766902917531929,0.004846784438994636,-0.00016189085068130292,-0.00031072904355089427,-0.00031072904355089427,-1.8757161386135464e-05
163,24 MY Glut,7.746747452621293e-05,0.0005164498301747529,0.003263934643081079,-0.00014723070294275314,-0.00040912632176132196,-0.00040912632176132196,-1.663146235876924e-05
163,26 P GABA,9.168689145159119e-05,0.0006112459430106079,0.0038630408846489672,-5.2418524947923304e-05,-2.2968412207748482e-05,-2.2968412207748482e-05,-1.1050752193372477e-06
163,30 Astro-Epen,0.0002161765705679758,0.001390342368685661,0.009108160579838268,-0.00020807549446387862,0.00016217078590159004,0.00016217078590159004,1.8396485483299264e-05
163,31 OPC-Oligo,0.021229206759010206,0.08964973681400291,0.8944494939281681,0.01747209730039248,0.07028096317768444,0.05280886587729196,0.5882937375808572
163,33 Vascular,0.0001809088234317203,0.0012060588228781353,0.007622225710198272,-0.0008581588857635246,-0.0018852274017649203,-0.0018852274017649203,-0.00017896871116771743
163,34 Immune,0.00013347950938267803,0.00088986339588452,0.005623887928193272,-0.0006104372108820006,-0.0012158886847695575,-0.0012158886847695575,-8.516517367296989e-05
164,01 IT-ET Glut,0.02404403156682608,0.0780647832594543,0.3401333485659711,0.00744647931849467,0.026421250748923392,0.018974771430428722,0.17452081213177909
164,02 NP-CT-L6b Glut,0.003069949781258507,0.015188905700826982,0.043428336721596836,-0.0030123020962019276,-0.009318329527077908,-0.009318329527077908,-0.01094290725627605
164,03 OB-CR Glut,0.001001506197396812,0.006190751591859941,0.014167576497451626,-0.0023675876632814783,-0.006749712114511525,-0.006749712114511525,-0.002585843718438205
164,04 DG-IMN Glut,0.0014594986840901986,0.009151648609602138,0.020646461608050445,0.0006084681625808216,0.0023596595970184335,0.0017511914344376118,0.000977688968138171
164,05 OB-IMN GABA,0.00031219879895771934,0.0020813253263847957,0.004416448323677731,-0.0009079330572860588,-0.0036407726039787034,-0.0036407726039787034,-0.0004347986282476422
164,06 CTX-CGE GABA,0.001893688914253514,0.010721495466908246,0.026788633584893053,-0.0017670067659124138,-0.005295132074957557,-0.005295132074957557,-0.0038357369539285075
164,07 CTX-MGE GABA,0.0033692723079801934,0.017993349612976023,0.04766263382905625,-0.0023759277358556146,-0.006449122201631977,-0.006449122201631977,-0.008311896017551702
164,09 CNU-LGE GABA,0.0017273392463268526,0.009838694606096899,0.024435406363930722,-0.0015195312104602612,-0.006865314896970206,-0.006865314896970206,-0.004536297048061961
164,11 CNU-HYa GABA,0.005454587713194733,0.025004297895249473,0.07716206738372011,-0.0004606620035307619,-0.0025631931450737534,-0.0025631931450737534,-0.005348187757803889
164,12 HY GABA,0.0014796643870868325,0.009610870811913502,0.02093173107575051,0.00019429557235778664,0.0006629846577960578,0.00046868908543827115,0.00026528423621940473
164,13 CNU-HYa Glut,0.00314110588195331,0.01353402790109312,0.04443493009313496,0.0012873057734840967,0.0034827382480659675,0.002195432474581871,0.002637946860439634
164,14 HY Glut,0.003708545664741391,0.018350584479327456,0.05246208614193793,-0.001049167615537709,-0.004118119313593612,-0.004118119313593612,-0.005842059003763014
164,16 HY MM Glut,0.00536807799564055,0.026021543031875614,0.0759382776114675,-0.0020304115696251324,-0.005660845247567931,-0.005660845247567931,-0.01162421094790515
164,19 MB Glut,0.002797792528154847,0.01573978650771979,0.039578326893694914,-0.00014287649452967958,-0.00041465744411646243,-0.00041465744411646243,-0.0004437806430984602
164,20 MB GABA,0.0025554161876117504,0.014399451979647308,0.03614960587854562,-0.0010895775250154218,-0.004469110402193462,-0.004469110402193462,-0.0043686384882041145
164,21 MB Dopa,0.002316524849476813,0.012372208448111755,0.0327701846464029,-0.0007765858921542165,-0.003674979242173269,-0.003674979242173269,-0.003256531147151658
164,22 MB-HB Sero,0.0006622875495705311,0.004404467730865823,0.00936889811190314,-0.0002651834545267616,-0.0015463200898185809,-0.0015463200898185809,-0.0003917503307271339
164,23 P Glut,0.0025784151440553117,0.014495433709106607,0.03647495531285033,-0.0002795532203672593,-0.0015203924741483458,-0.0015203924741483458,-0.0014995879336442126
164,24 MY Glut,0.0008586822500719568,0.005583317792635123,0.012147150458499059,0.0003641182980151224,0.001448107767900156,0.0010839894698850335,0.00035605815061442547
164,26 P GABA,0.0014442394329668674,0.00923810833574174,0.020430600130462443,-0.00023910993562181813,-0.0008708400651957714,-0.0008708400651957714,-0.0004811062324952108
164,30 Astro-Epen,0.0003616033553885262,0.0022462768973099227,0.005115338489685156,-0.0009538161508853294,-0.0028998181705177594,-0.0028998181705177594,-0.0004011128741178549
164,31 OPC-Oligo,0.0005456515809101067,0.003394304807345349,0.007718934274788501,-0.00034939752061074325,-0.0003598957647688559,-0.0003598957647688559,-7.511999260156532e-05
164,33 Vascular,0.00033528141898964223,0.002163169062970523,0.004742981285644321,-0.0010253578333921114,-0.003016470679997297,-0.003016470679997297,-0.00038687616748379655
164,34 Immune,0.00020465372390844182,0.0012894962558604058,0.0028950867168846773,-0.0010181719354356421,-0.0029567105367734278,-0.0029567105367734278,-0.0002314684712178114
165,01 IT-ET Glut,1.7636089845416522e-05,0.00011757393230277683,0.00044146164017493464,0.0013046837509868958,0.00332099482750942,0.0020163110765225242,7.4980772325273905e-06
165,02 NP-CT-L6b Glut,1.856351449318548e-05,0.00012375676328790322,0.0004646766730836693,0.001157922492471529,0.0030710031687323164,0.0019130806762607873,7.488305558275121e-06
165,03 OB-CR Glut,0.0002314025538368525,0.0015426836922456835,0.005792403636684516,-0.0010980811946743733,-0.0023870797351203243,-0.0023870797351203243,-0.00011647296855224609
165,04 DG-IMN Glut,6.642594129923401e-05,0.00044283960866156006,0.0016627554777254084,0.0011421574421079097,0.0027665519124952876,0.0016243944703873778,2.2751984895803913e-05
165,05 OB-IMN GABA,0.0004068402442487807,0.0027122682949918715,0.01018391055440872,-0.00021983354679378444,-0.0027157671142945556,-0.0027157671142945556,-0.00023297348828746423
165,06 CTX-CGE GABA,4.550810396239891e-05,0.00030338735974932605,0.0011391460574642807,1.3805655987649265e-06,0.0006408452572542352,0.0006394646916554703,6.13614172980963e-06
165,07 CTX-MGE GABA,4.5088938916771276e-05,0.0003005929261118084,0.0011286536359485858,0.0011281264100182196,0.0027979405902370975,0.001669814180218878,1.5875529921885862e-05
165,09 CNU-LGE GABA,3.3129140266116966e-05,0.00022086093510744652,0.0008292793202834839,-0.00032968307457848,-0.0005293150689902009,-0.0005293150689902009,-3.6975537391899065e-06
165,11 CNU-HYa GABA,3.905301292195355e-05,0.00026035341947969046,0.0009775640342850247,0.0006129286511376046,0.0015825884999231992,0.0009696598487855946,7.984799750057349e-06
165,12 HY GABA,5.8631049979607124e-05,0.0003908736665307142,0.001467635950828568,0.0007353448757743931,0.0016900859752356089,0.0009547410994612158,1.1803297702221644e-05
165,13 CNU-HYa Glut,3.367201022532046e-05,0.00022448006816880306,0.0008428682883989962,0.000741348518929317,0.001492848203174592,0.0007514996842452749,5.335657179417101e-06
165,14 HY Glut,0.00010898163408207478,0.0007265442272138319,0.002727997609023352,0.0005910819967221824,0.0008377430681334387,0.00024666107141125637,5.6681847854403195e-06
165,16 HY MM Glut,1.9455317811618117e-05,0.00012970211874412078,0.0004870000428963401,0.0007490868515725701,0.0021988923232219007,0.0014498054716493305,5.947550455313653e-06
165,19 MB Glut,4.066341730759934e-05,0.00027108944871732883,0.0010178752238777032,0.0005588987448965677,0.0015072357099442364,0.0009483369650476688,8.131237074792461e-06
165,20 MB GABA,3.298488218227541e-05,0.00021989921454850276,0.0008256682925069536,0.0008891161253122204,0.0023004074485978056,0.0014112913232855852,9.81570911124833e-06
165,21 MB Dopa,6.896641475108763e-05,0.0004597760983405843,0.001726347894565338,0.0008456296437299357,0.0020928875966431068,0.001247257952913171,1.813777467410798e-05
165,22 MB-HB Sero,6.001449872408777e-05,0.0004000966581605851,0.0015022660506516933,0.0009100121702001519,0.0027120072980310332,0.0018019951278308813,2.2803413701073376e-05
165,23 P Glut,3.873045241949214e-05,0.00025820301612994767,0.0009694897905200852,0.0013203298993638673,0.003331157076051806,0.0020108271766879383,1.642167252025371e-05
165,24 MY Glut,0.0,0.0,0.0,-0.0004035139236868703,-0.001298946900238387,-0.001298946900238387,-0.0
165,26 P GABA,4.6006960521704213e-05,0.0003067130701446948,0.0011516332945340202,0.0013207049730673593,0.0033143330289579637,0.0019936280558906045,1.934005701098196e-05
165,30 Astro-Epen,0.0002198700075498939,0.0014517457486958728,0.0055037241820061165,-0.0002389758779502236,-0.00042789694397140076,-0.00042789694397140076,-1.9837879459498943e-05
165,31 OPC-Oligo,0.00015209322839524267,0.0010139548559682846,0.0038071549110595387,5.1727223610653114e-05,0.0006194459229342713,0.0005677186993236182,1.8206780170570716e-05
165,33 Vascular,0.03750629118271157,0.12631168517175376,0.9388469307839076,0.008289115448236682,0.018224260798814097,0.009935145350577415,0.07857211020377672
165,34 Immune,0.0006593057730317812,0.004281264154890709,0.01650355665516509,0.0005136279528083132,0.0016513725057300003,0.0011377445529216872,0.00015816912585243833
166,01 IT-ET Glut,0.008983791850038714,0.043405578076003815,0.018925125003890878,0.004385350380149573,0.01633598217423908,0.011950631794089507,0.0023737049787309317
166,02 NP-CT-L6b Glut,0.009723248068105402,0.048090649219820356,0.020482852697877484,0.002987190209527469,0.012634503247846728,0.009647313038319259,0.002073929221517813
166,03 OB-CR Glut,0.020831524182067122,0.0740649937813315,0.04388338529520773,-0.0013480940910546627,-0.006480497024773207,-0.006480497024773207,-0.0029847334772195207
166,04 DG-IMN Glut,0.006204878948185375,0.03249438651598699,0.01307110757780003,0.001609030063966959,0.012339749684319282,0.010730719620352323,0.0014721035318701959
166,05 OB-IMN GABA,0.004273395490887821,0.02450306134582289,0.009002272671284912,0.0017612156057192688,0.009163048164729074,0.007401832559009805,0.0006993402715925251
166,06 CTX-CGE GABA,0.01983421468325078,0.08158371601756108,0.04178246763730522,0.00011728492253669197,-0.0008305980302881576,-0.0009478829528248496,-0.00041566735356400787
166,07 CTX-MGE GABA,0.021969764475541706,0.08557105381378684,0.046281185711563005,0.004357816118207586,0.0070898200354174495,0.002732003917209864,0.001327036636216765
166,09 CNU-LGE GABA,0.009435710015094587,0.045304643256040326,0.019877129225268127,0.0054059870404487105,0.018514824955448497,0.013108837914999786,0.00273473326256565
166,11 CNU-HYa GABA,0.021675941672852656,0.08270346682595606,0.04566222287685977,0.01773032287273097,0.041686715448949016,0.023956392576218045,0.011480890874240516
166,12 HY GABA,0.03328746306635244,0.11263138954115469,0.07012288464702196,0.020686914732466075,0.04359799628865507,0.022911081556188997,0.01686174366654678
166,13 CNU-HYa Glut,0.028517382349029136,0.08982387617761618,0.06007430211518113,0.03328838808212551,0.06775691949298443,0.03446853141085892,0.02173244716437479
166,14 HY Glut,0.027235541914378176,0.09603870722091135,0.0573739957338944,0.016510809758438407,0.043785888574736156,0.02727507881629775,0.016423973257156523
166,16 HY MM Glut,0.02293000438089071,0.08248994956816579,0.048304013104027134,0.022128204396075064,0.06191531371729093,0.03978710932121586,0.020170781220610428
166,19 MB Glut,0.03477860879989246,0.11493411070032523,0.0732641105210544,0.02178747452398164,0.033494606595151306,0.011707132071169666,0.0090019981072934
166,20 MB GABA,0.0344933879681395,0.11087446966326522,0.07266326847298143,0.021323446646497133,0.03492942724784799,0.013605980601350858,0.010376285068046375
166,21 MB Dopa,0.03457875102340284,0.1100463015735596,0.07284309304133069,0.022887344051390274,0.038694146106620336,0.015806802055230062,0.012084522964556511
166,22 MB-HB Sero,0.033481516289349526,0.11599728443262636,0.07053167433893939,0.012351250270122838,0.002491914779262722,-0.009859335490860117,-0.007298421760476401
166,23 P Glut,0.02854195158517742,0.1022066510986887,0.06012605931004027,0.013857009558477983,0.021805868175921672,0.00794885861744369,0.005016082047290532
166,24 MY Glut,0.03551507443886545,0.11613026633989489,0.07481553830469947,0.029911744481595465,0.049447441010685024,0.01953569652908956,0.015339733814689421
166,26 P GABA,0.03110320956150113,0.1079478771843743,0.06552156804157103,0.014841149095139627,0.024281840942619374,0.009440691847479747,0.006492100325659428
166,30 Astro-Epen,0.0020089737635587725,0.010102256893076283,0.004232074856534331,-0.0024447229574498636,-0.004564925864258907,-0.004564925864258907,-0.00020276088955706296
166,31 OPC-Oligo,0.001224679792603612,0.007513201101588265,0.0025798926056665745,-0.001989139288542106,-0.0016617423041799687,-0.0016617423041799687,-4.4994809985648354e-05
166,33 Vascular,0.0025155054429607552,0.013543362694985695,0.005299127111431799,-0.0004965643195224856,0.0016427214865348525,0.0016427214865348525,9.136195685681254e-05
166,34 Immune,0.00155733019615448,0.008598526499592486,0.0032806490985685995,-0.001117377341756571,-0.0019363048340494357,-0.0019363048340494357,-6.667002656740875e-05
167,01 IT-ET Glut,0.000240387821629605,0.001554890302471127,0.008639886696119073,0.0006880979447818606,-0.0009614723362617797,-0.0016495702810436403,-0.0003583608728462731
167,02 NP-CT-L6b Glut,0.0002635443796330412,0.0015968661875832163,0.009472166950857064,0.0006195350403430643,-0.0010851046607709674,-0.0017046397011140318,-0.0004059977791034729
167,03 OB-CR Glut,0.0004401059454079788,0.002934000942636918,0.015818045510110026,-0.0033647561974150227,-0.006632178297948894,-0.006632178297948894,-0.0026378538434599125
167,04 DG-IMN Glut,0.0001870754649260736,0.0012470710950939574,0.006723763332218726,0.0007566633346192963,-0.00017025092731823548,-0.0009269142619375318,-0.00015670891285762248
167,05 OB-IMN GABA,0.0006782176259283058,0.004481135623785929,0.024376124396019636,-0.0005004675210634014,-0.005951124711346339,-0.005951124711346339,-0.0036475850226839125
167,06 CTX-CGE GABA,0.00015422541591245277,0.0010219982440532443,0.005543084962093306,-0.0009097024104832442,-0.002017919439229102,-0.002017919439229102,-0.0002812529421537656
167,07 CTX-MGE GABA,0.00016968921307523323,0.001101929727834172,0.006098876243334056,0.00034625099515827305,-0.0010252149487568092,-0.0013714659439150823,-0.00021031805822519133
167,09 CNU-LGE GABA,0.00014725237126820192,0.0009811337251467793,0.005292463631757629,-0.0016022208410017072,-0.0029174656598393144,-0.0029174656598393144,-0.0003882445339828407
167,11 CNU-HYa GABA,0.0003534502092606921,0.002287968645929724,0.012703512765456454,0.000832154755116012,0.0001713898148841376,-0.0006607649402318744,-0.0002110632079731897
167,12 HY GABA,0.000321538441577511,0.0021403243321738157,0.011556557586169604,0.001162604491816475,0.001645086370668,0.0004824818788515251,0.0001402010316260215
167,13 CNU-HYa Glut,9.33956016033403e-05,0.0006226373440222687,0.0033567732770259434,0.0014687773810848008,0.0019432872650144862,0.00047450988392968543,4.005059635513339e-05
167,14 HY Glut,0.0001746284909377396,0.0011641899395849306,0.00627640104805756,0.001131901214782369,0.0012367243011977883,0.00010482308641541929,1.654281237379821e-05
167,16 HY MM Glut,0.00015386987212221722,0.0010223759920380735,0.005530306202993451,0.00016865288429188113,-0.0009571776536776975,-0.0011258305379695786,-0.00015655390957293127
167,19 MB Glut,0.00021227273860201465,0.0014151515906800974,0.007629389865773633,2.8545292931351933e-07,-0.0006827379354189322,-0.0006830233883482458,-0.00013102890094476597
167,20 MB GABA,0.00018149610221044167,0.0012099740147362781,0.006523232950218399,7.331389365040566e-05,-0.0006580373626595421,-0.0007313512563099478,-0.0001199583861707609
167,21 MB Dopa,0.00014248694081226955,0.0009499129387484638,0.005121187154778147,0.00033291069627884215,0.00018454965158366712,-0.00014836104469517504,-1.910434908385018e-05
167,22 MB-HB Sero,0.00043087705451349374,0.002872410196714311,0.015486345796211642,-0.000492113939088968,-0.0014718514238810704,-0.0014718514238810704,-0.0005731319766549505
167,23 P Glut,0.00028379548509696096,0.0018708365495877022,0.010200021030540926,-0.00017296684249543768,-0.0010787361580143334,-0.0010787361580143334,-0.0002766674186726069
167,24 MY Glut,0.00024814618639709186,0.001654307909313946,0.0089187335698244,0.00012817125334667985,-0.0013716055047211344,-0.0014997767580678142,-0.00033633458237855996
167,26 P GABA,0.0004291945671344864,0.002857622425807717,0.015425874761432383,-0.00019146359716423707,-0.0016465626138966684,-0.0016465626138966684,-0.0006386600729914564
167,30 Astro-Epen,0.021239455993572857,0.051338735418244595,0.763376830105926,-0.03084609871575518,-0.04983811316405946,-0.04983811316405946,-0.95662622160409
167,31 OPC-Oligo,0.0006585452995930299,0.004288191019843587,0.023669072477026206,-0.0010176533192749273,-0.0013045093886890058,-0.0013045093886890058,-0.0007763725352372106
167,33 Vascular,0.0004347898440078994,0.0028677721734509257,0.015626977121327268,0.0011593704907438428,8.359770023968048e-06,-0.0011510107207198747,-0.0004522682076563759
167,34 Immune,0.0001845883429733685,0.001230077286742293,0.006634372564728382,0.0007365858402443805,0.0006295900468485988,-0.00010699579339578172,-1.7848769241059478e-05
168,01 IT-ET Glut,0.0019108546032825602,0.009422069730796796,0.01790894998269273,-0.002536291656409896,-0.007734087434513913,-0.007734087434513913,-0.0037057599592282284
168,02 NP-CT-L6b Glut,0.0015604345933072407,0.007698482463757664,0.014624736510457814,-0.002016181675605073,-0.006157920095538526,-0.006157920095538526,-0.002409462563502464
168,03 OB-CR Glut,0.008279745246991477,0.03771213193335277,0.07759959509377787,-0.00492541267370814,-0.018298239826815988,-0.018298239826815988,-0.03798978659808029
168,04 DG-IMN Glut,0.0019895015218186693,0.00905027901583719,0.018646046215936494,-0.0030834001479468887,-0.008518540113788331,-0.008518540113788331,-0.004249619171183972
168,05 OB-IMN GABA,0.028440937272586356,0.08345711159479935,0.2665547248862726,0.00783929754499962,0.02253125695212899,0.01469195940712937,0.1047765726917503
168,06 CTX-CGE GABA,0.0028921680272071897,0.013265202340896957,0.027106035410449057,-0.0024302525608506003,-0.006650601394171662,-0.006650601394171662,-0.004823085977143127
168,07 CTX-MGE GABA,0.002480994260293988,0.011531211992352675,0.023252424354330933,-0.002308383070846533,-0.00648714250026116,-0.00648714250026116,-0.004035708240480454
168,09 CNU-LGE GABA,0.0013736441254987995,0.007806610796850042,0.012874095127550627,-9.295933215892218e-05,-0.0009459344967479072,-0.0009459344967479072,-0.0003258185908517699
168,11 CNU-HYa GABA,0.00439825704003775,0.01889433869958843,0.041221433177464364,-0.00282473631736128,-0.009660301381684385,-0.009660301381684385,-0.010653979242564367
168,12 HY GABA,0.004558770623237708,0.017185297985971022,0.042725801813431045,-0.0026172891222300005,-0.0024973120160355004,-0.0024973120160355004,-0.0028547041861485853
168,13 CNU-HYa Glut,0.003736370599561884,0.01675618717603948,0.03501808775477131,-0.0004180644870859085,-0.00299005792653137,-0.00299005792653137,-0.002801367669410234
168,14 HY Glut,0.0039045602439039973,0.015007162161172675,0.03659439812551091,-0.003382240022402962,-0.004676745480496512,-0.004676745480496512,-0.004578850112856772
168,16 HY MM Glut,0.005360783317317737,0.019019909612216217,0.05024244133121019,-0.0009323279392551458,0.0022014928902601653,0.0022014928902601653,0.002959280311377749
168,19 MB Glut,0.0015052262331706112,0.008685529504992177,0.014107311606116633,-0.0003371792204102614,-0.0017584437373758376,-0.0017584437373758376,-0.0006636984753821462
168,20 MB GABA,0.001553804607557754,0.009128163536042658,0.014562598824539927,-0.0006397489576134366,-0.0028969784331664577,-0.0028969784331664577,-0.0011287096317306833
168,21 MB Dopa,0.0024745762161348934,0.013593243803758662,0.023192273031653377,-0.0006866982292499437,-0.0031835752013657874,-0.0031835752013657874,-0.0019754066508029374
168,22 MB-HB Sero,0.002604755616328675,0.01352802528191662,0.02441234302695413,-0.0003991466714533306,-0.0042631402418890395,-0.0042631402418890395,-0.002784435529748486
168,23 P Glut,0.0014375052481588504,0.008720122544269375,0.01347261562701342,-0.0003337011230905456,-0.0018895286414062078,-0.0018895286414062078,-0.0006810883979113254
168,24 MY Glut,0.0012903516932189574,0.007760502861501842,0.012093460116873189,0.0004468604484394968,0.0018333230533624566,0.0013864626049229598,0.0004485974706650809
168,26 P GABA,0.0019214974486643159,0.011228859803773656,0.018008697072444072,-0.0007451029140447693,-0.004484302967282749,-0.004484302967282749,-0.002160604731465605
168,30 Astro-Epen,0.006891481708536596,0.03102419326598735,0.06458848360979853,-0.004249081353092414,-0.011095105390997062,-0.011095105390997062,-0.019172758579470057
168,31 OPC-Oligo,0.004195878668492165,0.0187890743087109,0.0393246985293323,-0.0008584578510220097,-0.0023900192174788996,-0.0023900192174788996,-0.002514576649436894
168,33 Vascular,0.00789208626414017,0.035044742186855875,0.0739663697702502,-0.0006920945622238227,-0.002589237981046529,-0.002589237981046529,-0.005123943787849086
168,34 Immune,0.004044119586002274,0.020372781932442456,0.03790237900116833,-0.0008750393654901376,-0.001688472336095557,-0.001688472336095557,-0.0017122158103978185
169,01 IT-ET Glut,0.0006994711171311738,0.004596279910112808,0.005701503121010297,-0.0005277903355639417,-0.002244866426580148,-0.002244866426580148,-0.00014884602867542911
169,02 NP-CT-L6b Glut,0.0008197501929467383,0.005126050598496187,0.006681917478885878,-0.00035302278279884585,-0.001439759689635985,-0.001439759689635985,-0.00011187898005393977
169,03 OB-CR Glut,0.0014861810490552757,0.008627340314214383,0.012114104045251034,-0.0011342557058783224,-0.004542055867660587,-0.004542055867660587,-0.0006398838538403583
169,04 DG-IMN Glut,0.000896762471951307,0.005699566657749733,0.007309657121519787,-0.0005031337741645668,-0.0018972130398618584,-0.0018972130398618584,-0.00016127627623180603
169,05 OB-IMN GABA,0.0002606573301173535,0.00173771553411569,0.0021246603966631012,-0.0004773965623357372,-0.0019606860787052096,-0.0019606860787052096,-4.844567023562497e-05
169,06 CTX-CGE GABA,0.001597868214700347,0.009390491785212743,0.01302448434245886,-0.0007681697295362206,-0.0031413811018437617,-0.0031413811018437617,-0.0004758154561523699
169,07 CTX-MGE GABA,0.001664515780645554,0.009046306087012904,0.013567739519031185,0.00016685890889445913,0.00068847902278434,0.0005216201138898809,8.23036711633561e-05
169,09 CNU-LGE GABA,0.0010716840923883672,0.00674582752873499,0.008735471769799321,-0.00015032334425937543,-0.0009482732083025292,-0.0009482732083025292,-9.633347477842372e-05
169,11 CNU-HYa GABA,0.004052108132897769,0.018717520679011508,0.03302939406725388,0.000873936616585351,0.002538733651435825,0.001664797034850474,0.0006394686835622348
169,12 HY GABA,0.004378197542588178,0.02117962757658126,0.03568740201289092,0.0020143196324949658,0.0072042997264401025,0.005189980093945137,0.0021539618443998003
169,13 CNU-HYa Glut,0.0006267852531009839,0.004170473322198663,0.005109028792232915,-6.800514794259446e-05,-0.0016628724098782502,-0.0016628724098782502,-9.879947990603344e-05
169,14 HY Glut,0.002859924244317533,0.015246574884635065,0.02331170881180437,-0.0004105424352650942,-0.003250410111357666,-0.003250410111357666,-0.0008811901837742527
169,16 HY MM Glut,0.0030047757469668646,0.013758783232960852,0.024492417027213522,-0.00044849628996320714,-0.0017304301460756048,-0.0017304301460756048,-0.0004928821593616618
169,19 MB Glut,0.008461908942646491,0.03079374748196182,0.06897439946352535,0.0022441764312971474,0.011359633741247238,0.00911545730995009,0.0073117910162740175
169,20 MB GABA,0.03696705713841937,0.19245812074982183,0.3013245100293943,0.013700047878738096,0.02316355938571583,0.009463511506977735,0.03316226261390968
169,21 MB Dopa,0.0022781250827033873,0.012950348504061918,0.018569368986038334,0.0007195231312351458,0.004244668966474718,0.0035251458352395723,0.0007612575538340405
169,22 MB-HB Sero,0.005296685658918604,0.021191382124446607,0.04317414840400278,-0.00027067334979701674,0.00922019171056281,0.00922019171056281,0.00462936167364235
169,23 P Glut,0.005129256076640052,0.023888960921440397,0.041809402580292664,0.00018257987692368204,0.003918583964813933,0.0037360040878902513,0.0018165137319644637
169,24 MY Glut,0.02153225501242718,0.05387280273560832,0.1755129213329912,-0.003888323772542585,-0.0043562355020853975,-0.0043562355020853975,-0.008891557177804361
169,26 P GABA,0.01787974690190329,0.0796920430535051,0.14574073220089578,0.002936814153181707,0.01152681526838006,0.008590001115198354,0.014559000062639563
169,30 Astro-Epen,0.0004305372489089181,0.0028404852442135285,0.003509379312805914,-5.528913865640853e-05,0.000321582160880686,0.000321582160880686,1.312440553750769e-05
169,31 OPC-Oligo,0.0007157850973868009,0.004673909350481004,0.00583448103398696,0.00028840032470447773,0.0014694166576528888,0.001181016332948411,8.013375922582198e-05
169,33 Vascular,0.00036137099565659007,0.0023603286604202277,0.0029455939053338524,-0.0003640156425656096,-0.001575196182562526,-0.001575196182562526,-5.395912565335721e-05
169,34 Immune,0.00021046987224336574,0.0014019720683289686,0.0017155742447177414,-0.00017836855289572512,-0.0010939972199019345,-0.0010939972199019345,-2.1826450592135466e-05
170,01 IT-ET Glut,0.0007007769359663424,0.004545692725787991,0.0017395639518747665,-0.0010091508068358875,-0.0007010239225027363,-0.0007010239225027363,-1.105904874588091e-05
170,02 NP-CT-L6b Glut,0.0007992274119705442,0.005213875039491542,0.001983951131749143,-0.000806389440591487,-0.0003487297570222719,-0.0003487297570222719,-6.274288901876259e-06
170,03 OB-CR Glut,0.0010955398549953106,0.007170938587128958,0.002719498233719671,-0.002929983294082615,-0.00951625233344334,-0.00951625233344334,-0.00023469252893598602
170,04 DG-IMN Glut,0.0006575719639251644,0.0042895876433704655,0.0016323146860282088,-0.0020132907887315484,-0.003472137605490449,-0.003472137605490449,-5.139789713836679e-05
170,05 OB-IMN GABA,0.00036578966365758287,0.0024385977577172195,0.0009080129213865681,-0.0007150092126799075,-0.0012118312064472087,-0.0012118312064472087,-9.978808657219905e-06
170,06 CTX-CGE GABA,0.001983769091191249,0.011616014644661948,0.004924381815050782,-0.0017868232928084898,-0.0035548327756607942,-0.0035548327756607942,-0.00015875061957918533
170,07 CTX-MGE GABA,0.0023161536915355637,0.013285016960104219,0.005749472138721254,-0.0015645581204674626,-0.0036892864314460407,-0.0036892864314460407,-0.00019236005064418428
170,09 CNU-LGE GABA,0.000929290279855681,0.005922433018723583,0.0023068108961596845,-0.0008922808867588562,-9.937578971608985e-05,-9.937578971608985e-05,-2.078916860104349e-06
170,11 CNU-HYa GABA,0.02253522996062272,0.0758417509876686,0.0559400169650993,0.0014494462218924281,0.002811468948772744,0.001362022726880316,0.0006909577341932166
170,12 HY GABA,0.020281960924293345,0.07364333400830356,0.050346645682026084,-0.0007677659051366823,-0.0030867431379345113,-0.0030867431379345113,-0.0014093393141471323
170,13 CNU-HYa Glut,0.02203048780974876,0.06315421178216182,0.05468707725548784,0.006446045096674942,0.01714461228690626,0.010698567190231316,0.00530584875443912
170,14 HY Glut,0.024488672759555453,0.07414991646412493,0.06078911872725538,-0.005121711908136886,-0.0017433940445995538,-0.0017433940445995538,-0.0009610941634096402
170,16 HY MM Glut,0.020788950468538257,0.07023314179631465,0.05160516417754379,-0.004493066733047124,-0.004012904144543168,-0.004012904144543168,-0.001878003876479107
170,19 MB Glut,0.04661063378094002,0.11113856395878192,0.11570326324674277,0.006893265807739081,0.005797176009500757,-0.0010960897982383241,-0.0011501017857218463
170,20 MB GABA,0.050288699677829805,0.1219288745412953,0.12483345934548637,-0.0006668537327746083,0.006977271817741385,0.006977271817741385,0.007898801181461485
170,21 MB Dopa,0.0040928509936262875,0.023326051516466915,0.010159832156989061,-0.0004125385841778151,-0.00109632018581496,-0.00109632018581496,-0.00010101095526701206
170,22 MB-HB Sero,0.011590154452413794,0.04125079772460919,0.028770659888053465,-0.0005307395773257981,0.0141899793639504,0.0141899793639504,0.0037023384836185353
170,23 P Glut,0.03529287801685775,0.14685601759871697,0.087608788481857,-0.007560415105299841,-0.005217583901066366,-0.005217583901066366,-0.00414535425401737
170,24 MY Glut,0.08238643417855183,0.1310282207020776,0.20451082743310392,-0.01073162060317426,-0.005754322665262625,-0.005754322665262625,-0.010672226918668435
170,26 P GABA,0.05180020788953966,0.16611680237877707,0.12858553088652155,0.006116567584300322,0.02015740376905694,0.014040836184756617,0.016373050791483726
170,30 Astro-Epen,0.0005633434632361874,0.00332345111774912,0.0013984078682878146,-0.0026239293088181816,-0.003383834509927578,-0.003383834509927578,-4.291286481493735e-05
170,31 OPC-Oligo,0.0005078426284148543,0.003208662973010431,0.0012606361372290405,-0.0009225530932672306,-0.0006765995167369435,-0.0006765995167369435,-7.735100665307615e-06
170,33 Vascular,0.000480437238636286,0.002642287004974791,0.001192606746278645,-0.0018934387826651535,-0.003305747260818863,-0.003305747260818863,-3.575291388281482e-05
170,34 Immune,0.00025941660480016806,0.0016602363339282356,0.0006439592273479003,-0.0012851365136640888,-0.003619597253969386,-0.003619597253969386,-2.113796405510358e-05
171,01 IT-ET Glut,0.0003228567772014396,0.002130914155103165,0.008635430789074005,0.0006201582674346534,0.001773045329336737,0.0011528870619020835,0.0003434816754674453
171,02 NP-CT-L6b Glut,0.000406684024150625,0.00264650844873917,0.010877553118185447,0.0005060798231945912,0.0009683553013470991,0.000462275478152508,0.0001734861737538246
171,03 OB-CR Glut,0.0007781196128640587,0.005054445428082874,0.02081231845511551,0.0006715584247430681,0.002244146373078477,0.0015725879483354092,0.001129193072525499
171,04 DG-IMN Glut,0.0007388626781856364,0.0040393916590339704,0.019762315585901455,0.000656753711582734,0.0023084041224597906,0.0016516504108770565,0.001126130599876425
171,05 OB-IMN GABA,0.008241229964340218,0.03998069546458692,0.22042768186804987,0.004676339973624741,0.015640183456382923,0.010963843482758182,0.0833799748787733
171,06 CTX-CGE GABA,0.0006900651098785535,0.0043202974701827945,0.018457129963212762,0.00038143380368420044,0.0011087001071999382,0.0007272663035157378,0.0004631166932318179
171,07 CTX-MGE GABA,0.0003731581043921937,0.002436196847787306,0.009980837360122397,0.0005407816705819534,0.00123682381153434,0.0006960421409523865,0.0002396819406549589
171,09 CNU-LGE GABA,0.0003675758797409671,0.0022957706840879507,0.009831529933335276,-0.00019728204309418004,-0.0005580587169530706,-0.0005580587169530706,-0.00018929267197477143
171,11 CNU-HYa GABA,0.0009249270631712524,0.005622331633514205,0.024738968493058525,6.434585080140527e-05,-0.0004944890059703324,-0.0005588348567717377,-0.00047697747913693305
171,12 HY GABA,0.0008062400319170282,0.00529179067392639,0.0215644536111329,0.00017628754713650455,-2.0354177180456425e-05,-0.00019664172431696096,-0.00014630087784392687
171,13 CNU-HYa Glut,0.000811263572123625,0.004548641194038576,0.021698817938703232,-8.382806789077801e-05,-0.0016663604145118183,-0.0016663604145118183,-0.0012474921330663873
171,14 HY Glut,0.000949015648696886,0.005854402307963286,0.025383264440371138,0.00030324460083952563,0.0010305738783290348,0.0007273292774895092,0.0006369588021263266
171,16 HY MM Glut,0.0002919466435379203,0.001862033321300262,0.007808679304263739,0.0001294035004045114,-0.0005152893582486515,-0.0006446928586531629,-0.00017368537317718035
171,19 MB Glut,0.0008221382788071989,0.004766985052799834,0.021989683063888113,4.442843952566793e-05,0.0003104525963949034,0.0002660241568692355,0.00020182401652602366
171,20 MB GABA,0.0006183503997983285,0.003967182471164938,0.01653898092875746,0.00024964025886527977,0.0009037379451265538,0.000654097686261274,0.0003732365435003086
171,21 MB Dopa,0.00028688066562539626,0.001856446722584287,0.0076731798979270275,0.00018389311052748552,0.00013936930980682158,-4.4523800720663935e-05,-1.1786922014949583e-05
171,22 MB-HB Sero,0.00028158424415973684,0.0018765087021197337,0.007531516831743562,0.00031055158192184665,0.0012408521317423804,0.0009303005498205337,0.0002417344395714492
171,23 P Glut,0.00044021866995569675,0.0029233515491986785,0.011774502271292822,0.0003851647745415322,0.0013934397240540383,0.0010082749495125061,0.0004095947058822324
171,24 MY Glut,0.0005041976469763479,0.003361317646508986,0.013485744119169156,0.0003187473162277022,0.001380906159146651,0.0010621588429189487,0.000494193676094429
171,26 P GABA,0.0006343105156737405,0.004177742131025414,0.016965865187537416,0.000509293914960085,0.0021520127274935164,0.0016427188125334314,0.0009615503758971831
171,30 Astro-Epen,0.013551736933033236,0.04900773839380439,0.36246749215343627,0.002072891127418558,0.003069214856242041,0.0009963237288234832,0.012459549398616905
171,31 OPC-Oligo,0.0019910504092285224,0.01150600690311406,0.05325450546674699,0.00027417471203919255,0.0013821247040399132,0.0011079499920007207,0.0020356790833726715
171,33 Vascular,0.0016128056157698066,0.009792611233335953,0.04313761474029837,0.000792918184164787,0.0026966108961601477,0.0019036927119953607,0.002833255720146664
171,34 Immune,0.0009422361829733205,0.0059328572688628805,0.02520193447867663,0.0004772057702955455,0.0016820314112891577,0.0012048256409936122,0.0010475888785620355
172,01 IT-ET Glut,0.0002728301452302235,0.00176776568597675,0.009600297068229634,0.002001136858094738,0.006980097493582003,0.0049789606354872645,0.004347697466841739
172,02 NP-CT-L6b Glut,0.00023719877312318392,0.0015327092147994846,0.008346506887208546,0.0014778218431290523,0.005289980319543524,0.0038121584764144716,0.002894087478552968
172,03 OB-CR Glut,0.0019093055961486073,0.008313147485446083,0.06718429483513452,7.988495887980556e-05,-0.001639858551151201,-0.0017197435100310065,-0.01050914523563464
172,04 DG-IMN Glut,0.0007489894388926489,0.004387234611817683,0.026355302887327372,0.0033851591905630736,0.00962708506025779,0.006241925869694717,0.014963134162365398
172,05 OB-IMN GABA,0.0019396671261545843,0.010059083438595573,0.06825265077966326,-0.0002837552870760451,-0.005138113465669847,-0.005138113465669847,-0.031897685028409624
172,06 CTX-CGE GABA,0.0004686341712847726,0.0028620708492801475,0.016490213194223797,0.0016240335331738393,0.004661590557428188,0.0030375570242543487,0.004556030909741244
172,07 CTX-MGE GABA,0.0005060260120764025,0.0028960073649094945,0.017805950424157387,0.0017075249034460588,0.005669653543263528,0.0039621286398174695,0.006416965189047682
172,09 CNU-LGE GABA,0.0003649894403916228,0.0022768974653015095,0.012843181429125688,0.00032624883056425464,0.0012096941168865227,0.000883445286322268,0.0010320202694731734
172,11 CNU-HYa GABA,0.0003293544215008574,0.0017997952631631552,0.01158926292574828,0.0002946789342104984,0.0010465023320795795,0.0007518233978690811,0.0007925152081044438
172,12 HY GABA,0.0005784339866032359,0.002995526459734164,0.020353828940220278,0.0004051156441481626,0.0013511142452810258,0.0009459986011328632,0.001751348465142862
172,13 CNU-HYa Glut,0.00020477539080345842,0.0010905576523153307,0.007205598861948048,0.0007299407428082653,0.0027908863659819928,0.0020609456231737277,0.0013507425040712349
172,14 HY Glut,0.0005258958655387498,0.0027193051388682485,0.018505127180376016,0.0009747250636690659,0.0034848510992827853,0.0025101260356137195,0.004224969267080901
172,16 HY MM Glut,0.0004197142143548881,0.0019668536639195853,0.014768826729778722,0.00145522981849546,0.005156568003079604,0.0037013381845841437,0.0049721098443766334
172,19 MB Glut,0.00043899120242184183,0.002430619420554845,0.015447141847293724,3.516238054931066e-05,0.0003635101194344597,0.0003283477388851491,0.00046133681835484696
172,20 MB GABA,0.0007175228662411626,0.00357480664311983,0.025248062905035874,-0.0004722604844290321,-0.0011015946815102237,-0.0011015946815102237,-0.0025297980045944843
172,21 MB Dopa,0.0004730360059448441,0.002589429290920261,0.01664510414421855,0.00038067790909745666,0.0010905341189147277,0.000709856209817271,0.001074713871199817
172,22 MB-HB Sero,0.0003675032650398572,0.0016900103914119832,0.01293163742939693,-0.0005350095631865476,-0.0017568830199833504,-0.0017568830199833504,-0.0020664852829663394
172,23 P Glut,0.0010731867154987426,0.004680629779306273,0.03776309714519125,-0.0008473591404509361,-0.003066053635026627,-0.003066053635026627,-0.010531332026844899
172,24 MY Glut,0.0008917629161102393,0.005004007585986415,0.03137918979541213,-0.00014771724032644005,-0.0027060701139147774,-0.0027060701139147774,-0.007723545734708183
172,26 P GABA,0.0014778869588953903,0.006270622456171943,0.05200361502093461,-0.0010169208992687414,-0.00341831283640295,-0.00341831283640295,-0.016168930418062527
172,30 Astro-Epen,0.004232917167734053,0.0173174585116863,0.14894711228176413,-0.0014735642456951267,-0.00491332782136546,-0.00491332782136546,-0.06656466964193282
172,31 OPC-Oligo,0.00133912214894907,0.007434403782083743,0.04712078436093933,0.0007512012397355465,0.002529678952368092,0.0017784777126325455,0.007622490464268723
172,33 Vascular,0.004546372530766692,0.018276902693110313,0.15997692205664724,-0.00244823981559659,-0.006898407125916171,-0.006898407125916171,-0.10037882555750416
172,34 Immune,0.004354811022563414,0.016970346161725703,0.15323629087002477,-0.002221013562032707,-0.00600232811260147,-0.00600232811260147,-0.0836598949583531
173,01 IT-ET Glut,0.0018630670553956188,0.01119595358612157,0.005901166082745127,9.85018908643622e-05,-0.0006185129566911804,-0.0007170148475555425,-3.0660346428860073e-05
173,02 NP-CT-L6b Glut,0.0022670338267941547,0.012620764814700895,0.007180709405154895,1.3789066851726808e-05,-0.0005975866095133888,-0.0006113756763651155,-3.181167809031658e-05
173,03 OB-CR Glut,0.0016683220710991206,0.00952632017424557,0.005284321674065917,-0.0013123073060774708,-0.006395524288337191,-0.006395524288337191,-0.00024489305577130363
173,04 DG-IMN Glut,0.00323451024644896,0.013579207564694596,0.010245139650426064,0.002076597091437252,0.00382094984578989,0.0017443527543526379,0.0001294980619937885
173,05 OB-IMN GABA,0.00019668301570913794,0.0013112201047275865,0.0006229830203874911,0.0007310712600179973,0.002785760862177683,0.0020546896021596856,9.275418296347518e-06
173,06 CTX-CGE GABA,0.0026192684627581227,0.014616183289026237,0.008296393932396595,-0.0006623683015070229,-0.0016197030296696818,-0.0016197030296696818,-9.737239021564181e-05
173,07 CTX-MGE GABA,0.002530201165142142,0.013270493148176719,0.008014277991238706,0.00036800418628212645,0.00044204136265676747,7.403717637464102e-05,4.2995729419238295e-06
173,09 CNU-LGE GABA,0.001819680095160463,0.011296792803323519,0.005763740187401416,-0.0007155196664057784,-0.0033012960102479765,-0.0033012960102479765,-0.00013787957433547893
173,11 CNU-HYa GABA,0.06397436968853766,0.1579274752104812,0.20263542285161068,0.0030390255374367274,0.010078004506751196,0.0070389789693144685,0.010335609816398856
173,12 HY GABA,0.041444195728151445,0.12264202422047842,0.131272291810068,-0.00571821029893041,-0.008873843079199651,-0.008873843079199651,-0.008441038538586665
173,13 CNU-HYa Glut,0.019122911635261745,0.06315150696638253,0.06057080834451008,0.0018537247448012588,0.00033646121091163584,-0.001517263533889623,-0.0006659405503703176
173,14 HY Glut,0.09137012685410145,0.25580910788290806,0.28941003062986753,0.013762522466549632,0.051091188690113226,0.037328666223563595,0.07828293913505277
173,16 HY MM Glut,0.009915339502704292,0.04529107330559608,0.031406311975087,4.268892042783838e-05,0.0020082303583272634,0.001965541437899425,0.00044731165655881083
173,19 MB Glut,0.01654981129034859,0.05707079196947743,0.05242064947667644,-0.0020482526070704095,-0.006628898461556425,-0.006628898461556425,-0.0025179948369042082
173,20 MB GABA,0.01004299870937251,0.042204657432495477,0.03181066574129144,6.133740763145473e-05,-0.0008521124950364624,-0.0009134499026679171,-0.0002105564565034979
173,21 MB Dopa,0.007685597635814856,0.034375772967110946,0.024343722875001902,-0.0008462973914068658,-0.0015639093530170312,-0.0015639093530170312,-0.000275873283199648
173,22 MB-HB Sero,0.007785577140247879,0.035998518360190426,0.024660402652480196,0.005173136748740673,0.01265065890399543,0.0074775221552547564,0.0013361922331277286
173,23 P Glut,0.01208141587342648,0.04651001016823937,0.038267243992816835,-0.0005597190791734021,-0.0033148081872375044,-0.0033148081872375044,-0.0009191717313532864
173,24 MY Glut,0.012285010927856749,0.04088247427402895,0.03891212052924586,0.0032062768444111856,0.00995856330473357,0.006752286460322384,0.0019039118115644219
173,26 P GABA,0.005669543239980058,0.029916971230036886,0.017957977505711795,0.00012502331502656512,0.0007614168529306088,0.0006363935379040438,8.281218723532598e-05
173,30 Astro-Epen,0.00043048719754327423,0.0027488193841110112,0.001363545365606246,0.0002659173777163354,0.0005257046493260321,0.0002597872716096967,2.5668384225272314e-06
173,31 OPC-Oligo,0.0006370679187663739,0.0038524391485098798,0.002017878843244771,-0.0011725974317075708,-0.0024964556504074426,-0.0024964556504074426,-3.650312227821874e-05
173,33 Vascular,0.0003075508748580748,0.0019216695190077653,0.0009741510839209539,-0.0008758050422490943,-0.000981862624367925,-0.000981862624367925,-6.930875819331318e-06
173,34 Immune,0.00021090941293424643,0.0012691209614238618,0.0006680443790440868,-0.0009277469869508904,-0.0015516879669405538,-0.0015516879669405538,-7.511398058012856e-06
174,01 IT-ET Glut,5.817631344913728e-05,0.0003878420896609153,0.0028222006342420516,-0.0004401149959498799,-0.0029133548074080596,-0.0029133548074080596,-0.00020303344676891972
174,02 NP-CT-L6b Glut,4.3276193509035e-05,0.00028850795672689993,0.0020993784846054303,-0.0004391071717872719,-0.0026725736538123304,-0.0026725736538123304,-0.0001385500695384445
174,03 OB-CR Glut,0.0008534222109353301,0.005129329763848046,0.0414005041258533,0.0005291255303133325,0.0018316202425376442,0.0013024947122243116,0.001331582017531152
174,04 DG-IMN Glut,0.00017430640245415604,0.001141260323824848,0.008455806330675367,-0.0005767596889586201,-0.0045415129815939105,-0.0045415129815939105,-0.0009482916153516039
174,05 OB-IMN GABA,0.0014901124723419913,0.00792245307251467,0.07228708928440915,0.0007713463629152842,0.0042329777616509695,0.0034616313987356853,0.006179137828772823
174,06 CTX-CGE GABA,6.521691381911244e-05,0.0004347794254607497,0.003163748347590385,-0.00024441969462050636,-0.0019271003848802572,-0.0019271003848802572,-0.00015055410196587418
174,07 CTX-MGE GABA,3.9462643115486866e-05,0.0002630842874365791,0.0019143787192147416,-0.00047516410899783434,-0.0034582974706498927,-0.0034582974706498927,-0.00016348447920405955
174,09 CNU-LGE GABA,9.680936662489402e-05,0.0006453957774992937,0.004696334980528039,-0.00015423119883001412,-0.0012897928546948432,-0.0012897928546948432,-0.00014957718533046695
174,11 CNU-HYa GABA,0.00039854328185214564,0.00264690512780763,0.019333798175427595,-0.002321586563773671,-0.012479852749914706,-0.012479852749914706,-0.005958171023430391
174,12 HY GABA,0.0005088643607181593,0.003390603210393694,0.02468560203316324,-0.0024931009882178338,-0.0116878984274829,-0.0116878984274829,-0.007124698245206705
174,13 CNU-HYa Glut,0.0021799390608088502,0.010614055709982431,0.10575137947512887,-0.0020146029694216973,-0.011640669661246543,-0.011640669661246543,-0.030398372287133716
174,14 HY Glut,0.00045166732455004076,0.002978701030973703,0.021910907278887375,-0.0014724124904645912,-0.0057299856574147155,-0.0057299856574147155,-0.00310027500653346
174,16 HY MM Glut,0.0001627656680355017,0.0010851044535700113,0.00789595188021382,8.063985165771793e-05,-0.00013082707928496474,-0.00021146693094268267,-4.123189341422236e-05
174,19 MB Glut,0.00022843659559033873,0.0015044984762241993,0.011081724962218441,0.00025568103556867437,0.0023725232631545733,0.0021168422275858988,0.000579271525290148
174,20 MB GABA,0.00015230860525488756,0.001014944997316565,0.007388667601405745,0.0006267312768817513,0.004318908209068922,0.0036921769321871705,0.000673650997124647
174,21 MB Dopa,0.0002232049243462149,0.0014826224241317268,0.010827930504853575,8.520510837111812e-05,0.0009561508077332868,0.0008709456993621687,0.00023287499681900114
174,22 MB-HB Sero,0.00018492639276415824,0.0012217816015828193,0.008970994413446141,0.0011377477455672695,0.007345446063913878,0.006207698318346609,0.0013751735557278077
174,23 P Glut,0.0002054611649376273,0.001369608081950159,0.009967160096970384,0.00028265135912873275,0.002024869352076176,0.0017422179929474431,0.0004288054061030881
174,24 MY Glut,0.0003316369246640528,0.0021346379582893016,0.016088092964901556,-3.982654701319214e-05,-0.00024263304466627395,-0.00024263304466627395,-9.639196603846379e-05
174,26 P GABA,0.00024194033743690907,0.0016128164237254545,0.011736807186315557,0.0002296930657202898,0.0017442569571206308,0.001514563891400341,0.00043895893333244
174,30 Astro-Epen,0.011551727601585895,0.06804163805774563,0.5603877425524733,0.000477296031512113,0.011700935204140601,0.011223639172628488,0.15531329975030295
174,31 OPC-Oligo,0.00015756797685023338,0.0010497657933426917,0.007643805835028552,0.0003059195019714159,0.002818767350253801,0.0025128478482823852,0.00047430987107071677
174,33 Vascular,0.00044760312971228635,0.002968236097700309,0.021713748459966653,-0.001211980940033988,-0.006474686663603533,-0.006474686663603533,-0.003471681552315118
174,34 Immune,0.0003664361872942619,0.0024410544147907666,0.017776245672480664,-0.0006405080011252889,-0.002653077976621605,-0.002653077976621605,-0.0011645989157760847
175,01 IT-ET Glut,2.7164466200388863e-05,0.00018109644133592576,0.0009587950347507289,0.0010921306493379085,0.0030581767210947843,0.0019660460717568756,1.901161914817701e-05
175,02 NP-CT-L6b Glut,2.286899505921315e-05,0.00015245996706142099,0.0008071823959566205,0.001137815104533814,0.003356238150092151,0.0022184230455583372,1.805991443900718e-05
175,03 OB-CR Glut,0.00016290426607677293,0.0010860284405118195,0.005749857195864411,0.0019858199362148554,0.005486392603395756,0.0035005726671809003,0.00020299988631296138
175,04 DG-IMN Glut,1.3086388557653486e-05,8.724259038435657e-05,0.00046189622425627864,0.0008560860582551131,0.002207199706588788,0.0013511136483336746,6.294133233965101e-06
175,05 OB-IMN GABA,0.0008609085686784548,0.005243247494861042,0.030386566587914145,0.0011773548321237055,0.004353906810556447,0.0031765519784327416,0.0009735028699843297
175,06 CTX-CGE GABA,2.3274185544702982e-05,0.0001551612369646865,0.0008214839700332106,0.0013356346649200134,0.003770448388355269,0.0024348137234352554,2.0172720571627302e-05
175,07 CTX-MGE GABA,2.3673206198698126e-05,0.00015782137465798751,0.0008355677741835037,0.0011029578902280676,0.003148830970170013,0.0020458730799419456,1.724090299768876e-05
175,09 CNU-LGE GABA,2.0674924490561435e-05,0.00013783282993707623,0.0007297406398183807,0.000277539166651545,0.0007941944889303476,0.0005166553222788026,3.802498744428794e-06
175,11 CNU-HYa GABA,3.723001635126196e-05,0.00024820010900841304,0.0013140679650376279,0.00028737541542382076,0.0008844111102418083,0.0005970356948179875,7.91257361561235e-06
175,12 HY GABA,8.791372312030295e-05,0.0005860914874686864,0.0031029964142269867,-2.98867007090217e-05,3.973685803710928e-05,3.973685803710928e-05,1.2435820281411005e-06
175,13 CNU-HYa Glut,4.331797789482388e-05,0.0002887865192988259,0.001528948215459666,-1.3847762672908405e-05,-9.907953496402056e-05,-9.907953496402056e-05,-1.52783471781182e-06
175,14 HY Glut,6.284352367372113e-05,0.0004189568244914742,0.002218120467382538,0.00024705867328242713,0.000643923473943894,0.0003968648006614669,8.878249577185738e-06
175,16 HY MM Glut,1.2445814157293309e-05,8.29720943819554e-05,0.000439286556540998,0.0002564263440247989,0.0008242559778357895,0.0005678296338109906,2.515739131167336e-06
175,19 MB Glut,2.502519455255451e-05,0.0001668346303503634,0.0008832874573591575,0.00028403759401019867,0.0007505738520727505,0.00046653625806255183,4.156110672732787e-06
175,20 MB GABA,2.872255884983743e-05,0.00019148372566558288,0.0010137893602402358,0.0001473356299569288,0.00030365237426632357,0.00015631674430939476,1.5982800140022278e-06
175,21 MB Dopa,0.0001135040066385312,0.0007562618019255663,0.004006229210857072,0.00038137951212981484,0.0011611886414646846,0.0007798091293348698,3.15082111399753e-05
175,22 MB-HB Sero,2.2830863694417696e-05,0.00015220575796278464,0.0008058365140620731,-1.850010347348501e-05,-9.572931480468314e-06,-9.572931480468314e-06,-7.780213794799008e-08
175,23 P Glut,5.36442047726452e-05,0.00035762803181763476,0.0018934219726514372,0.00010437770997673163,0.00016828337858847744,6.390566861174581e-05,1.2203557008794589e-06
175,24 MY Glut,6.989506237038702e-06,4.659670824692468e-05,0.00024670110673244243,0.0003295407996805426,0.0008688810875026714,0.0005393402878221288,1.341941546879907e-06
175,26 P GABA,4.507941242438635e-05,0.0003005294161625757,0.0015911196812460546,0.000103023869787357,1.4800260877786054e-05,-8.822360890957094e-05,-1.4157523969432313e-06
175,30 Astro-Epen,0.00015575636842482703,0.001038375789498847,0.005497565517204662,0.0004417614583151485,0.0011397324154755217,0.0006979709571603731,3.869968269768544e-05
175,31 OPC-Oligo,0.00011598650938438244,0.000773243395895883,0.004093851448265262,0.0006575180660246278,0.0018298750743455622,0.0011723570083209344,4.8405153553376965e-05
175,33 Vascular,0.025800732427178306,0.10859544682652701,0.9106607861028596,0.003400866908989835,0.013975764748757863,0.010574897839768027,0.09712531827431965
175,34 Immune,0.0005653032373097069,0.003747692163809901,0.019952902187096944,0.00041327861559554155,0.0008168356678158334,0.0004035570522202918,8.121021368755485e-05
176,01 IT-ET Glut,5.1727623795851936e-05,0.00034485082530567965,0.0016210737740734971,-0.0014975057242867958,-0.003236790459550825,-0.003236790459550825,-7.569974436564216e-05
176,02 NP-CT-L6b Glut,5.2045459882200525e-05,0.0003469697325480035,0.0016310343271827466,-0.0005085639486673834,-0.0004677451860824145,-0.0004677451860824145,-1.100650602734849e-05
176,03 OB-CR Glut,0.0013814001308381167,0.00797790323392644,0.04329121191495642,-0.0004782894888403623,0.0004617559881113289,0.0004617559881113289,0.0002883960632555964
176,04 DG-IMN Glut,0.0003513038903179277,0.002265749134151146,0.011009388824275601,-0.002794479293090698,-0.007015059545440938,-0.007015059545440938,-0.0011142217191471167
176,05 OB-IMN GABA,0.0010907884852832557,0.007247151695642572,0.03418383596224339,-0.002545713203217999,-0.006553074758303998,-0.006553074758303998,-0.0032317887590403178
176,06 CTX-CGE GABA,0.00013484706103605677,0.0008939160317777013,0.004225924527659614,-0.0010502701702997325,-0.0010235963918564974,-0.0010235963918564974,-6.240617012635964e-05
176,07 CTX-MGE GABA,0.00012302957951727776,0.0008150728990511833,0.0038555806386517616,-0.001782964885249718,-0.00377745249651653,-0.00377745249651653,-0.00021011925393040303
176,09 CNU-LGE GABA,0.0001731217791537651,0.0011350597604266217,0.0054254024312946954,0.0005429912280811581,0.001170242729639783,0.0006272515015586249,4.9096520567577426e-05
176,11 CNU-HYa GABA,0.0003518434032411445,0.002345622688274297,0.011026296429659759,4.494184703098838e-05,0.00045092393646193485,0.00040598208943094647,6.458231164467693e-05
176,12 HY GABA,0.00020590286710572803,0.0013726857807048536,0.00645271739504111,0.001326175057986476,0.004294490529099111,0.0029683154711126346,0.0002763310889704093
176,13 CNU-HYa Glut,9.938716316169084e-05,0.0006625810877446057,0.003114659283728792,0.0009513030048719945,0.003335151271926855,0.0023838482670548605,0.00010711892418325579
176,14 HY Glut,0.00024295013583542174,0.00125574153430722,0.007613728694840572,-0.0005769845512262589,-0.0007032461828734461,-0.0007032461828734461,-7.724703675175676e-05
176,16 HY MM Glut,8.06681063489635e-05,0.0005377873756597566,0.002528029358598972,-0.0008849458219438744,-0.0023172268368115184,-0.0023172268368115184,-8.451381581082212e-05
176,19 MB Glut,0.00012474648364389326,0.0008225991621224726,0.003909386092063641,-6.452368401075711e-05,-0.00014736564278562027,-0.00014736564278562027,-8.311546791166853e-06
176,20 MB GABA,0.00012854922530938036,0.000856994835395869,0.004028558873087309,-0.0002472887447815713,-1.5245106165778865e-06,-1.5245106165778865e-06,-8.860479307492296e-08
176,21 MB Dopa,0.00010241668249114521,0.0006827778832743014,0.0032096003224358714,-0.00027280505358534595,-0.0005320984901308219,-0.0005320984901308219,-2.463882706581371e-05
176,22 MB-HB Sero,0.0001619095355920351,0.0010793969039469007,0.0050740258813457215,-0.000799581840548211,-0.0015041240966223504,-0.0015041240966223504,-0.00011010661079820571
176,23 P Glut,0.00012217246905876864,0.0008144831270584576,0.003828719956025844,-0.0005620031324628711,-0.0011764549029603115,-0.0011764549029603115,-6.498392421302581e-05
176,24 MY Glut,0.00014531114879029773,0.0009687409919353183,0.0045538548863969484,-0.0009429200891383418,-0.0024749878689370973,-0.0024749878689370973,-0.00016260328290955143
176,26 P GABA,0.00016202919349614416,0.0010801946233076278,0.005077775798236885,-0.0005790812207906638,-0.0014498643047254388,-0.0014498643047254388,-0.0001062130614284946
176,30 Astro-Epen,0.0006583156331674894,0.004032417765398571,0.020630721646950723,-5.865669260457673e-06,-0.00029405238311610367,-0.00029405238311610367,-8.752178586376067e-05
176,31 OPC-Oligo,0.02398526615337835,0.09064379751037889,0.751665803920657,-0.01363648605634008,-0.025691012060202096,-0.025691012060202096,-0.2786012456235924
176,33 Vascular,0.001228164269280727,0.007236647885400417,0.038489007247705466,-0.0011368963652750984,-0.0032126144580343404,-0.0032126144580343404,-0.001783907645219948
176,34 Immune,0.0007515851386641048,0.004731259610587327,0.023553661812887587,-0.00034869492235902865,-0.0007144336241541336,-0.0007144336241541336,-0.00024277131398348607
177,01 IT-ET Glut,0.0008298875101002018,0.005347700673006982,0.007022411680363628,-0.00026967252403563714,-0.0003170321017664522,-0.0003170321017664522,-1.6432304422043293e-05
177,02 NP-CT-L6b Glut,0.001013726334840871,0.006018343689970949,0.008578034453873402,0.0004326344324632811,0.0006383883410959285,0.00020575390863264735,1.302701240260786e-05
177,03 OB-CR Glut,0.0024418011582725946,0.01239761605976605,0.0206622376723184,0.002333148436096208,0.008918303698435567,0.006585155262339359,0.0010042742286851146
177,04 DG-IMN Glut,0.001536435890433942,0.008341013186251866,0.013001141976230571,-0.0013233879044576582,-0.003724600492391885,-0.003724600492391885,-0.0003574128343511998
177,05 OB-IMN GABA,0.0033470828521042838,0.01880756312549834,0.028322626174870316,-0.0020216304880026487,-0.005177086202896266,-0.005177086202896266,-0.0010822506688765894
177,06 CTX-CGE GABA,0.06603296123824606,0.22865735371963067,0.5587632451926753,0.006154823551776447,0.01973642056583475,0.013581597014058304,0.05601284313485461
177,07 CTX-MGE GABA,0.005547954681436678,0.02904065213893055,0.0469461478608648,-0.0015426808038175414,-0.006757431837429139,-0.006757431837429139,-0.00234148069886969
177,09 CNU-LGE GABA,0.001268573794444941,0.00758706876712697,0.010734524044635574,-0.0002432459920632102,-0.0009748856649081889,-0.0009748856649081889,-7.72405617799664e-05
177,11 CNU-HYa GABA,0.0031817847716688473,0.01847464203487581,0.026923893025300034,-0.0019449527828096919,-0.0074938945841593555,-0.0074938945841593555,-0.001489204645224774
177,12 HY GABA,0.005253906416957102,0.025432304457000753,0.04445794561424621,0.00015214786490917926,0.001830199704671741,0.0016780518397625616,0.0005506348691513377
177,13 CNU-HYa Glut,0.00030728575207591285,0.0020485716805060863,0.0026002163285077833,-0.00022358363207388706,-0.0023002527476958276,-0.0023002527476958276,-4.414626699952354e-05
177,14 HY Glut,0.0041472656208635696,0.018589705111588438,0.035093679785596965,-0.0010257808875440986,-0.0022390098157499152,-0.0022390098157499152,-0.000579954406825972
177,16 HY MM Glut,0.002472492265062758,0.013001261272516898,0.020921942251774604,-0.0009160257724860403,-0.0021701872901203722,-0.0021701872901203722,-0.000335126029370765
177,19 MB Glut,0.002902241325333404,0.015864618693804677,0.024558428864406595,0.00016655519406302228,0.0009414428643702366,0.0007748876703072144,0.00014045858083786784
177,20 MB GABA,0.003983120887599147,0.0187338702767255,0.03370470612577278,-0.000169867387815168,0.00025925573930396333,0.00025925573930396333,6.449527078883948e-05
177,21 MB Dopa,0.0009438275317874729,0.006078757407625334,0.007986558904438574,0.00015518600844735054,0.0006907104541164586,0.0005355244456691081,3.156806380673544e-05
177,22 MB-HB Sero,0.00379403352831792,0.01732198189612667,0.03210467086284265,-0.001267368859372938,-0.003028695977951071,-0.003028695977951071,-0.0007176833138103182
177,23 P Glut,0.002810199228414135,0.014365970856037177,0.02377957933525415,-0.00017523676221432874,-0.0005116891810231615,-0.0005116891810231615,-8.980889406272683e-05
177,24 MY Glut,0.0007504881205301255,0.004898432776024712,0.0063505432717604875,0.000554169242541767,0.0035533569738908435,0.0029991877313490763,0.00014057997984921836
177,26 P GABA,0.003988009720695392,0.02042260734847868,0.03374607486336744,0.0007236039178016307,0.0029616873403054294,0.0022380834225037985,0.0005574532892028368
177,30 Astro-Epen,0.00045519785104053054,0.0030185226577905695,0.0038518313230638743,-1.0164674745979862e-05,-0.00022291523519528083,-0.00022291523519528083,-6.337470609064196e-06
177,31 OPC-Oligo,0.0006466115923562267,0.004215242665449585,0.005471552160452002,9.792401322654352e-05,0.0010773097291303315,0.000979385715903788,3.955243774495656e-05
177,33 Vascular,0.00033407031944925227,0.00222411932516727,0.0028268642253454095,9.598734927514321e-06,-0.0001717480746739246,-0.0001813468096014389,-3.783762037056198e-06
177,34 Immune,0.00018803661678723667,0.001252772629070472,0.0015911440020386796,-3.1283715093153324e-05,-0.00025964900326347796,-0.00025964900326347796,-3.049334673388195e-06
178,01 IT-ET Glut,0.017308275116961272,0.06939067050647382,0.17703543028859622,0.011582077946741652,0.03213463835585889,0.020552560409117238,0.13003930260485758
178,02 NP-CT-L6b Glut,0.0063199279432149084,0.023405429586931634,0.0646425571155588,0.0028699537308604886,0.011177152079111982,0.008307198348251494,0.01919206100330578
178,03 OB-CR Glut,0.003714893652283532,0.013706663349023354,0.03799730428157496,0.0014162219485787649,0.0007738856658078072,-0.0006423362827709577,-0.0008722957334463513
178,04 DG-IMN Glut,0.008596135509001911,0.024527916755305433,0.08792444876057719,0.006793100364591328,0.004521853622417926,-0.002271246742173402,-0.00713711145801124
178,05 OB-IMN GABA,0.001018689192669222,0.006624930555393534,0.010419529290807838,-0.0022426343400166067,-0.008897490404777404,-0.008897490404777404,-0.0033133257497578385
178,06 CTX-CGE GABA,0.0029597879716812244,0.013660177691361464,0.03027380450037536,-0.00036914521486218954,-1.060637285251686e-05,-1.060637285251686e-05,-1.14757849075843e-05
178,07 CTX-MGE GABA,0.00422209681054189,0.017272590899263928,0.043185165507446666,0.001344838640683277,0.002838639395126122,0.001493800754442845,0.002305556504122813
178,09 CNU-LGE GABA,0.004589103179547038,0.022135522297515108,0.04693904219454711,0.0001669847807189429,0.0007710657763273627,0.0006040809956084198,0.0010133930090325185
178,11 CNU-HYa GABA,0.004332183535832823,0.020397343949293566,0.044311173191588706,0.0021243568236229892,0.0077892025748904845,0.005664845751267495,0.008971185669810021
178,12 HY GABA,0.004234988658306648,0.020769582548252175,0.04331702808767642,0.003505819524053445,0.01231252420430836,0.008806704680254915,0.013633915354133885
178,13 CNU-HYa Glut,0.005562821070899329,0.02149292109208071,0.05689858840642416,0.006639314616073469,0.019822525079296518,0.01318321046322305,0.02680841791289343
178,14 HY Glut,0.00500535147024596,0.022537354139971506,0.051196583443042926,0.003837285176470582,0.012150319561305618,0.008313034384835036,0.015210695208151923
178,16 HY MM Glut,0.0029647124673335195,0.015079289438566155,0.030324174060650265,0.0024147037624382326,0.010206943701828154,0.007792239939389921,0.00844500294212589
178,19 MB Glut,0.0042423835743499345,0.02002037949259471,0.043392666020100334,0.0005225968289841514,0.0017949535870453502,0.001272356758061199,0.0019732119734833064
178,20 MB GABA,0.00405836020650621,0.01985844766478928,0.041510407049219704,0.0003010155545275894,0.0022091441359806127,0.0019081285814530234,0.0028308257429423113
178,21 MB Dopa,0.0031016602764392916,0.014975823700363973,0.03172492683054138,6.866196869612525e-05,0.00162023320960988,0.0015515712409137547,0.0017592228518040287
178,22 MB-HB Sero,0.0019187101704063727,0.01124374977588395,0.019625276252058666,0.00022129165726766573,0.003430087213718231,0.0032087955564505653,0.002250641557658451
178,23 P Glut,0.0035567870388298704,0.017563510960772303,0.03638013144632158,0.0005189806237462661,0.0030370224335660658,0.0025180418098197997,0.0032739776343138896
178,24 MY Glut,0.004041471694762634,0.01922861844032029,0.04133766511374353,-0.0018568157795772365,-0.005636097654620232,-0.005636097654620232,-0.008326700796991455
178,26 P GABA,0.0035037722329593693,0.018591787385397258,0.035837876432143236,0.00029395128886791204,0.0037786154616578278,0.003484664172789916,0.00446325505368012
178,30 Astro-Epen,0.0005658480527557671,0.0036566041089878963,0.005787702865862972,-0.0006399648978544634,-0.0009865598628139747,-0.0009865598628139747,-0.00020406953597540913
178,31 OPC-Oligo,0.0010749198371294213,0.005970876016626685,0.010994677089773733,-0.0004256257222029901,0.0007649505986002315,0.0007649505986002315,0.0003005829726077045
178,33 Vascular,0.000533003234262943,0.003190563478111563,0.0054517539318799536,-0.0003632704254125773,0.0006162110413341819,0.0006162110413341819,0.0001200643927635673
178,34 Immune,0.00034141198154476757,0.002012099765052842,0.0034920878394884046,-0.0005797193652223267,-0.0006563790962680658,-0.0006563790962680658,-8.191971041946239e-05
179,01 IT-ET Glut,6.753984258865068e-05,0.00045026561725767123,0.002562268393869694,0.00043659158719934954,0.0013667033506826857,0.0009301117634833362,3.628492404897126e-05
179,02 NP-CT-L6b Glut,4.995234689942046e-05,0.00033301564599613645,0.0018950491258845096,0.0005104754033020619,0.0014947655676752103,0.0009842901643731484,2.8399459848212697e-05
179,03 OB-CR Glut,0.0010106483678586726,0.005601397391820235,0.038341107574855586,0.0025886145932712077,0.008879502258391436,0.006290887665120228,0.0036723413796544957
179,04 DG-IMN Glut,0.00014388070030758586,0.0009592046687172389,0.005458422121758308,0.0004730041059740713,0.000930904612045423,0.0004579005060713517,3.805438464723197e-05
179,05 OB-IMN GABA,0.00013893435014202815,0.0009262290009468543,0.0052707717481645985,0.00022051661252009164,0.0007788354451406288,0.0005583188326205371,4.480463548742919e-05
179,06 CTX-CGE GABA,0.00025627576257827986,0.001708435136574771,0.009722369217951396,0.0011618677050472376,0.0038510384698484112,0.0026891707648011736,0.0003980677122144984
179,07 CTX-MGE GABA,0.0002590246817761487,0.00171667535596214,0.009826655347560834,0.0007401131119505371,0.0022996890971179497,0.0015595759851674126,0.00023333437555446695
179,09 CNU-LGE GABA,0.00012768406899145885,0.0008512271266097256,0.004843968268775151,0.0009183145587181146,0.003479679533624226,0.002561364974906111,0.00018890315778645063
179,11 CNU-HYa GABA,0.0002539507358503765,0.0016930049056691763,0.00963416435588069,0.00022819847610273443,0.0007880111929741758,0.0005598127168714414,8.211514659389112e-05
179,12 HY GABA,0.0003308362491140053,0.002205574994093369,0.012550980756855679,-6.0305271967593024e-05,-0.0002204688199073622,-0.0002204688199073622,-4.21299848498675e-05
179,13 CNU-HYa Glut,3.9146001029891126e-05,0.0002609733401992742,0.001485087280942749,3.373623036428432e-05,-0.00027999323032553217,-0.0003137294606898165,-7.093715117215007e-06
179,14 HY Glut,0.0003346184773300976,0.0022307898488673175,0.012694467674281866,0.0006701212848984842,0.0019406256799586684,0.0012705043950601842,0.00024555971888343353
179,16 HY MM Glut,0.00011945337435008031,0.0007963558290005354,0.004531719262397681,0.0002856393528813699,0.0013898103865867854,0.0011041710337054153,7.61843575117369e-05
179,19 MB Glut,0.00021568559995892636,0.0014379039997261757,0.008182494578103227,0.00019943125688625906,0.0003744820514420018,0.00017505079455574273,2.1808021885712317e-05
179,20 MB GABA,0.00019176965379383897,0.001278165244177677,0.0072751920049907775,1.1318277959373972e-05,0.0006150072030921851,0.0006036889251328111,6.68688924456892e-05
179,21 MB Dopa,0.00021665148702811486,0.0014443432468540986,0.008219137570070237,0.00028697330789500777,0.0010647598286088744,0.0007777865207138667,9.733143441450921e-05
179,22 MB-HB Sero,0.00016723789331254642,0.0011149192887503095,0.006344527198588639,7.943946032179394e-05,0.0006683500869610476,0.0005889106266392536,5.688727310324801e-05
179,23 P Glut,0.00031007318413877997,0.0020671545609252003,0.011763289475578951,0.00014157826208565838,0.0005845228335137931,0.00044294457142813476,7.933131069905977e-05
179,24 MY Glut,0.0006060037613004227,0.003939487593709815,0.02299004890495775,0.0005989053606465489,0.0029761896102119376,0.0023772842495653887,0.0008321228921876063
179,26 P GABA,0.0004740042751597734,0.0031380284269610093,0.01798236605610758,6.072796772949834e-05,-4.7577275964764775e-05,-0.00010830524369426312,-2.9652600036996256e-05
179,30 Astro-Epen,0.0003472258021007478,0.0023148386806716528,0.013172753506066077,0.0005313246183667141,0.002534943877040962,0.0020036192586742477,0.0004018446812138059
179,31 OPC-Oligo,0.020035511295238284,0.08557151073449835,0.7600899762155325,0.020401169587451164,0.08170484901916597,0.0613036794317148,0.7094438178134523
179,33 Vascular,0.0003251151960924715,0.0021643678228740353,0.012333940373359255,-0.00020866671653223338,-0.00035910135854310966,-0.00035910135854310966,-6.743499885390954e-05
179,34 Immune,0.0003381710729360412,0.002254473819573609,0.012829242987466254,-6.0701826125611395e-05,6.514654117546686e-05,6.514654117546686e-05,1.2725031182146445e-05
180,01 IT-ET Glut,2.5468032419105246e-05,0.00016978688279403495,0.0008533096996522858,-0.00016062562588544665,0.0004107098666124759,0.0004107098666124759,5.012018597884608e-06
180,02 NP-CT-L6b Glut,2.0556444864609388e-05,0.00013704296576406261,0.0006887463273440763,8.455870867185949e-05,0.0009706919601995827,0.0008861332515277232,8.728290350977975e-06
180,03 OB-CR Glut,0.00019592859219777473,0.0013061906146518314,0.006564612664626569,-0.004316204360727011,-0.01069189658356474,-0.01069189658356474,-0.0010037711542558642
180,04 DG-IMN Glut,2.6659136367711756e-05,0.00017772757578474502,0.0008932177905449933,-3.9009758574761835e-05,0.0006312016807941099,0.0006312016807941099,8.06299455457534e-06
180,05 OB-IMN GABA,0.001630104364313334,0.010742818316612456,0.05461685624644575,0.001613426572146727,0.006654456320318558,0.005041029748171831,0.003937465976824269
180,06 CTX-CGE GABA,5.4708167491043365e-05,0.00036472111660695584,0.0018330041835226015,-0.002390960695616247,-0.004757089584630014,-0.004757089584630014,-0.00012470263822377168
180,07 CTX-MGE GABA,7.61982966772212e-05,0.0005079886445148081,0.002553033724068886,0.00020191193982940518,0.0006511926964160234,0.00044928075658661815,1.6403828661656104e-05
180,09 CNU-LGE GABA,6.662017983811037e-05,0.00044413453225406916,0.0022321176882825885,-0.0004198601831196955,-0.0015660571889156143,-0.0015660571889156143,-4.999143022577204e-05
180,11 CNU-HYa GABA,0.00010270561577647544,0.000684704105176503,0.0034411648575208746,0.0010601720534219768,0.004221810632197306,0.0031616385787753293,0.0001555924633667169
180,12 HY GABA,0.0001374139834168309,0.0009160932227788727,0.004604073176437384,0.0012521067783660593,0.004552008339106796,0.003299901560740737,0.00021727715078403385
180,13 CNU-HYa Glut,1.519457707263217e-05,0.00010129718048421446,0.0005090962578037577,0.0017561251010047973,0.006002666825478784,0.004246541724473986,3.091762715938943e-05
180,14 HY Glut,8.235038862634707e-05,0.0005490025908423138,0.002759160355563345,0.0007104577816235042,0.0020296582657970083,0.0013192004841735042,5.2054538284494784e-05
180,16 HY MM Glut,3.561574192364896e-05,0.0002374382794909931,0.0011933100109046404,-0.0001353348730942573,0.000361560763600569,0.000361560763600569,6.170287985317796e-06
180,19 MB Glut,9.744393058622286e-05,0.0006496262039081523,0.003264871418927983,0.0001581079814335876,0.0006369849652930204,0.00047887698385943277,2.235943893192741e-05
180,20 MB GABA,9.163670593774434e-05,0.0006109113729182953,0.0030702996106681027,-0.00013729029474733457,-9.511420792404839e-05,-9.511420792404839e-05,-4.176351161847507e-06
180,21 MB Dopa,5.379958303267442e-05,0.00035866388688449613,0.0018025619444630213,4.4800851476544544e-05,0.00029796478625377396,0.0002531639347772294,6.526237740794007e-06
180,22 MB-HB Sero,1.7995489836006165e-05,0.00011996993224004115,0.0006029411999467553,2.4168883060311848e-05,0.000392948585028071,0.00036877970196775916,3.1798953326712442e-06
180,23 P Glut,0.00013383211374443858,0.0008922140916295905,0.004484062172679988,-1.8200059547313e-05,0.00018044138313564096,0.00018044138313564096,1.1571206080681467e-05
180,24 MY Glut,0.00021530523489263757,0.0014353682326175838,0.007213829568631278,0.0004583860572434359,0.0014050169594976767,0.0009466309022542408,9.766015531467641e-05
180,26 P GABA,0.00012445264617543146,0.0008296843078362095,0.004169801906221249,-8.357279920388953e-06,0.0002119192425678925,0.0002119192425678925,1.2637369152767714e-05
180,30 Astro-Epen,0.026116995807580812,0.07916130988148352,0.875053301395544,0.014951022354526075,0.03209185161472708,0.017140829260201003,0.2145048874385765
180,31 OPC-Oligo,0.00025579982493279663,0.0017053321662186438,0.008570606012766359,-0.0022095632113030617,-0.003504478708623159,-0.003504478708623159,-0.0004295421754724704
180,33 Vascular,0.000197373255927072,0.00131582170618048,0.006613016308561797,0.0007143828264791747,0.0032068419040162956,0.002492459077537121,0.00023572111442318768
180,34 Immune,7.201898887171219e-05,0.0004801265924780812,0.002413005478871661,-0.00013047512370008196,0.0005113502711635603,0.0005113502711635603,1.7646056032465265e-05
181,01 IT-ET Glut,5.694285065249814e-05,0.0003773578126022055,0.0024543989707467985,0.00046472874531907347,0.0006289249868578887,0.00016419624153881523,6.782236368860418e-06
181,02 NP-CT-L6b Glut,6.376753294911073e-05,0.00042499988915293006,0.0027485622065619867,0.0006174183165953561,0.000922172475049017,0.00030475415845366096,1.4096774750468483e-05
181,03 OB-CR Glut,0.00035324510612235946,0.0023549673741490628,0.015225869708896044,-0.0025548841107398777,-0.008922424874531975,-0.008922424874531975,-0.002286280743322892
181,04 DG-IMN Glut,0.00015820992948150677,0.001054588268246677,0.006819298360228796,0.0011406176496495276,0.0010889273620942174,-5.1690287555310145e-05,-5.932164557364861e-06
181,05 OB-IMN GABA,0.00020829521642480445,0.0013886347761653632,0.008978116812669495,0.0009719172922866163,0.003003738772825771,0.0020318214805391545,0.0003069978601763022
181,06 CTX-CGE GABA,8.032997394903276e-05,0.0005332410189012262,0.003462450564405902,-0.0014091477798928247,-0.004351318584190469,-0.004351318584190469,-0.0002535531511667726
181,07 CTX-MGE GABA,7.752753403814157e-05,0.0005140524680901243,0.0033416574261268413,0.00014485616287926738,-0.0004277204104468976,-0.000572576573326165,-3.220030980267872e-05
181,09 CNU-LGE GABA,0.00012915574449621256,0.0008610244758317692,0.005566980274522549,-0.00047179085103007023,-0.000998874558714001,-0.000998874558714001,-9.358261651429526e-05
181,11 CNU-HYa GABA,0.00012549653079719836,0.000836643538647989,0.005409257746870888,0.00011690825636122885,8.611052338319327e-05,-3.079773297803558e-05,-2.8036317808602816e-06
181,12 HY GABA,0.00014416569496250836,0.000961104633083389,0.006213951870663049,0.0006865792639842949,0.0015343847586559284,0.0008478054946716335,8.866019077197288e-05
181,13 CNU-HYa Glut,6.571257836185396e-06,4.3808385574569314e-05,0.0002832399201099304,0.001040781388833919,0.0022538146597978394,0.0012130332709639204,5.782181573788649e-06
181,14 HY Glut,9.804751682459215e-05,0.0006536501121639478,0.004226127101488919,-2.11769379845857e-05,-0.00015002549412304768,-0.00015002549412304768,-1.0670190412022471e-05
181,16 HY MM Glut,0.00010597918589589061,0.0007065279059726041,0.004568004618715836,-1.5725793683257208e-05,-0.0003717212106585547,-0.0003717212106585547,-2.8576459899260194e-05
181,19 MB Glut,0.0001408694434093955,0.0009391296227293032,0.006071874044797691,0.00010501289244905878,0.000529294644621473,0.0004242817521724142,4.3355246224002566e-05
181,20 MB GABA,0.0001362507954168432,0.0009083386361122881,0.005872797167731214,0.00018590625727586089,0.0008590478401302893,0.0006731415828544284,6.652976211822947e-05
181,21 MB Dopa,4.9853082870585e-05,0.0003323538858039,0.0021488097958571495,0.0004209660737515878,0.0009214291960919669,0.0005004631223403791,1.809816759589153e-05
181,22 MB-HB Sero,0.00018852184896532434,0.0011095106681728913,0.00812582838339998,0.0006894074320111406,0.002524149337022172,0.0018347419050110316,0.0002509037633568315
181,23 P Glut,0.00011898440850762493,0.0007932293900508329,0.005128566737169829,0.00016306211783979308,0.0007954064121367582,0.0006323442942969651,5.457756617300392e-05
181,24 MY Glut,9.328868468459593e-05,0.0006219245645639729,0.00402100788858469,0.00044622994355185164,0.0007936821264170449,0.00034745218286519325,2.3512267763901846e-05
181,26 P GABA,0.00012100019658934764,0.0008066679772623176,0.0052154529421337675,6.0501996665131206e-05,0.0006043057995824755,0.0005438038029173443,4.77308118081193e-05
181,30 Astro-Epen,0.0003032073390418027,0.002004193778852844,0.01306909949782129,-0.00038222274536012636,-0.001409482327211456,-0.001409482327211456,-0.00031000582090215904
181,31 OPC-Oligo,0.019760859725421076,0.06952283436266965,0.8517493103239566,0.011012758371747724,0.02910640773928932,0.018093649367541598,0.25935970881258064
181,33 Vascular,0.0003988122554233608,0.0024771060433127555,0.017189943566503958,0.0011728946631101099,0.0023217422634583492,0.0011488476003482394,0.0003323543915919968
181,34 Immune,0.00028094186244404277,0.0017815236712846948,0.012109394070036715,0.000995737557047825,0.0018646508241649826,0.0008689132671171576,0.0001770775033583105
182,01 IT-ET Glut,0.0036362330978515515,0.018173631715854854,0.030477273489620135,-0.004821040042652902,-0.00923292666920213,-0.00923292666920213,-0.0022834415467034045
182,02 NP-CT-L6b Glut,0.07578059440914489,0.18546395193632675,0.6351589237714419,0.021169079546968554,0.048850298061474444,0.02768121851450589,0.1426730705312916
182,03 OB-CR Glut,0.0025270565377535957,0.013771727288193671,0.02118065348185584,-0.007311087179845345,-0.01660162257935942,-0.01660162257935942,-0.0028534107412630572
182,04 DG-IMN Glut,0.0022674557836216865,0.01090638818924453,0.019004796497752,-0.0008586667202873873,-0.0019172486368046542,-0.0019172486368046542,-0.0002956759912115649
182,05 OB-IMN GABA,0.0005232038707918246,0.0026815751457294292,0.004385259974222175,-0.001223404055384587,-0.0031773319524560505,-0.0031773319524560505,-0.00011306607999295684
182,06 CTX-CGE GABA,0.002250093882770394,0.013345414448814047,0.018859276838724324,-0.0031187794046859275,-0.004504247301479138,-0.004504247301479138,-0.0006893212436097
182,07 CTX-MGE GABA,0.0016098135400006112,0.008936895228704328,0.013492734433026479,-0.004409478839629785,-0.007206662652131477,-0.007206662652131477,-0.0007890573429400833
182,09 CNU-LGE GABA,0.0016913203226457396,0.009919090418596245,0.014175887696056377,-3.600913684236956e-05,0.0015816220735191712,0.0015816220735191712,0.00018193966119917987
182,11 CNU-HYa GABA,0.005581889292563445,0.025871347448660695,0.046784890291756406,-0.002713512925135378,-0.005447904471362105,-0.005447904471362105,-0.002068280794557986
182,12 HY GABA,0.0030986514275590173,0.017776097451611964,0.025971505254301894,-0.002118741110247622,-0.0040855607397012736,-0.0040855607397012736,-0.0008610397334928532
182,13 CNU-HYa Glut,0.0007324382131316467,0.004834663759573364,0.006138968304603777,-0.0007776877225987788,-0.0014610674333253573,-0.0014610674333253573,-7.27846925606966e-05
182,14 HY Glut,0.0032886365554650496,0.01851006266967104,0.027563875310438763,-0.00137783843464334,-0.0017215301101682764,-0.0017215301101682764,-0.0003850607921245199
182,16 HY MM Glut,0.000999261176441631,0.006638474800571042,0.008375358603925909,-0.0012197354012698268,-0.001481627712941571,-0.001481627712941571,-0.00010069708620906459
182,19 MB Glut,0.0022697301032803727,0.013562726276558251,0.019023858824169293,-0.00026014194255400124,0.00022720519199216584,0.00022720519199216584,3.5074482015439685e-05
182,20 MB GABA,0.0022817011305418236,0.013650448707995793,0.01912419460077682,-0.0008214301474327039,-0.0018388665587122394,-0.0018388665587122394,-0.0002853696412811936
182,21 MB Dopa,0.002178965093192099,0.013046164837371683,0.01826310725480954,-0.0009785630197632,-0.001706354874577746,-0.001706354874577746,-0.0002528822967653153
182,22 MB-HB Sero,0.0024468621066690674,0.013467136381555965,0.020508499760480893,0.00040051789719593856,0.0037679291043881172,0.0033674112071921786,0.0005604081532562951
182,23 P Glut,0.0025381416915157126,0.015077422194475644,0.021273564264468248,-0.0012999192382687262,-0.004035189793395035,-0.004035189793395035,-0.0006965922303815209
182,24 MY Glut,0.00042730364973347543,0.0028486909982231696,0.003581467371751986,0.0013646016465103596,0.0030649096170530057,0.0017003079705426461,4.941547676207591e-05
182,26 P GABA,0.0019314329717161137,0.01236825885488409,0.016188404131913792,-0.00026003825236290773,0.0011128197454116887,0.0011128197454116887,0.00014618515106794609
182,30 Astro-Epen,0.0003119767457523547,0.0020443293992123703,0.0026148490338295614,-0.0018085975201023094,-0.002505075403403117,-0.002505075403403117,-5.315471858753371e-05
182,31 OPC-Oligo,0.00047493839905585574,0.003143898056422653,0.003980720456920111,-0.0011728472477719723,-0.00014196759235221527,-0.00014196759235221527,-4.585907578366373e-06
182,33 Vascular,0.00024539034821995315,0.0016266590281803091,0.0020567517409242706,-0.0016194609645564567,-0.001875355138844209,-0.001875355138844209,-3.1299672733033884e-05
182,34 Immune,0.00021656834068670554,0.0014152108551257587,0.0018151786122297194,-0.0020345321552674937,-0.002564523680994512,-0.002564523680994512,-3.777465265728557e-05
183,01 IT-ET Glut,0.0005139798137340798,0.003423342494465088,0.009663063845647607,0.0001573803153808243,4.981031505400074e-05,-0.00010757000032682356,-2.5220358342749492e-05
183,02 NP-CT-L6b Glut,0.00044026200982484864,0.0029084706616368475,0.008277134229928538,0.00019310381037659555,0.00042688810437410484,0.0002337842939975093,4.695053694380434e-05
183,03 OB-CR Glut,0.005397076562603685,0.028070136577570102,0.1014675946617429,-4.4435826622012834e-05,-0.007359485344725979,-0.007359485344725979,-0.01811840837623885
183,04 DG-IMN Glut,0.0003135292243549083,0.002090194829032722,0.0058944978605430555,0.0003817972325186311,0.000665652029827599,0.0002838547973089679,4.05964714011456e-05
183,05 OB-IMN GABA,0.008031830040107083,0.03250360754727107,0.15100220748182858,0.00867366884464433,0.025670980571719914,0.016997311727075585,0.062274287820866046
183,06 CTX-CGE GABA,0.0004001535281347957,0.0025668421071596676,0.007523075784505838,0.001224941658911255,0.001759716293582364,0.0005347746346711091,9.761385635393491e-05
183,07 CTX-MGE GABA,0.0002531662836265923,0.00168611165023155,0.00475964599558141,0.0005913298508319101,0.0011060573087127632,0.0005147274578808531,5.944252140204668e-05
183,09 CNU-LGE GABA,0.0008471370124522199,0.005576956387638971,0.015926576917225335,0.0007168376379473546,0.001649697747698802,0.0009328601097514475,0.00036048251126149947
183,11 CNU-HYa GABA,0.0011399971227153386,0.007479475195602232,0.02143248564690172,-0.0018076463457091401,-0.009893930929878935,-0.009893930929878935,-0.005145015053108754
183,12 HY GABA,0.0013447958747989075,0.008857398130268857,0.025282799149517914,-0.0010257400634954353,-0.0030118348028772167,-0.0030118348028772167,-0.0018475726981070093
183,13 CNU-HYa Glut,0.0018734634665705165,0.01019479302881066,0.03522200017630543,0.0006190459922461591,0.0036988701737134364,0.003079824181467277,0.002631995688092517
183,14 HY Glut,0.000876693541045603,0.005731881118362819,0.016482253648532404,-0.0010474664605289368,-0.004823612005860349,-0.004823612005860349,-0.0019290087371498488
183,16 HY MM Glut,8.361527903437718e-05,0.0005574351935625148,0.0015720068341027393,0.00016995712539459796,0.0009169659931221619,0.000747008867727564,2.8492163056258614e-05
183,19 MB Glut,0.000537409463799862,0.003543465195661234,0.010103552359820986,-0.0001816901992165383,-0.0010294074503660877,-0.0010294074503660877,-0.00025235193406672576
183,20 MB GABA,0.00030848801732027113,0.0020563215810837287,0.005799720781496076,5.207091783382993e-05,0.000136409194685442,8.433827685161206e-05,1.1867986486894657e-05
183,21 MB Dopa,0.0006798642915810848,0.0042585014676988844,0.012781770568372815,-5.730012961240946e-05,-0.00024533807203126333,-0.00024533807203126333,-7.60853775141723e-05
183,22 MB-HB Sero,0.0003905066658170711,0.0026033777721138074,0.007341710205556129,0.0005321041707095627,0.002799696247557698,0.002267592076848135,0.00040393120277409364
183,23 P Glut,0.0007004706219243636,0.004551581380561952,0.013169179335042061,-3.6763442828462186e-05,-0.000576032039375801,-0.000576032039375801,-0.0001840562569319027
183,24 MY Glut,0.0004792471427982771,0.003194980951988514,0.009010073187621153,0.00046253261226230556,0.00233822396568553,0.0018756913534232246,0.0004100482182176791
183,26 P GABA,0.00027708979581260944,0.0018350934570385683,0.005209419351437786,0.00022017026056352917,0.0008529395740748385,0.0006327693135113093,7.997973532819973e-05
183,30 Astro-Epen,0.001595243067001844,0.008248641556703098,0.029991324938961166,-0.0016089356679282137,-0.007548350229976767,-0.007548350229976767,-0.005492789155155955
183,31 OPC-Oligo,0.0006763523108269295,0.004440104379843853,0.012715743667422098,0.0004968272856642648,0.0010830171268457374,0.0005861898411814725,0.00018085282051393933
183,33 Vascular,0.020327358730117952,0.07577140309310058,0.38216396826070126,0.007801991558449058,0.018517606684683816,0.010715615126234757,0.09936011339432012
183,34 Immune,0.005702419960605267,0.027552086219901357,0.10720819511120494,0.00016046600341745014,-0.00016767596713145505,-0.0003281419705489052,-0.0008535618584534555
184,01 IT-ET Glut,0.00019672159880404448,0.0013094077091960485,0.008127958575709256,3.559904183882308e-05,0.00033520219703115056,0.0002996031551923275,8.591368209764604e-05
184,02 NP-CT-L6b Glut,0.00018210400106967873,0.0012120797592521635,0.00752400237779499,-5.2078960950288796e-05,-9.626542484919956e-05,-9.626542484919956e-05,-2.5553696016664365e-05
184,03 OB-CR Glut,0.0008173158754068478,0.005285696058694509,0.03376909103506039,-0.0008405878137107312,-0.005052810567469633,-0.005052810567469633,-0.006019866437319275
184,04 DG-IMN Glut,0.000549268781512699,0.003632751337070839,0.022694172527097867,-0.0001968279365715618,-0.0009508340193608137,-0.0009508340193608137,-0.0007612959722197699
184,05 OB-IMN GABA,0.0014297041296894833,0.008069264872633888,0.059071174758049294,-0.0007662473239241938,-0.002077606434428096,-0.002077606434428096,-0.004329855049099518
184,06 CTX-CGE GABA,0.00033760504194025226,0.0022205536193518655,0.01394884858868146,-4.804002820346347e-05,5.214528345909102e-05,5.214528345909102e-05,2.566184402388783e-05
184,07 CTX-MGE GABA,0.00022534994418391263,0.0014911625622363687,0.009310797708541077,0.00020442808504070236,0.0009107946092267822,0.0007063665241860799,0.00023203391535415077
184,09 CNU-LGE GABA,0.0003391599738982641,0.0022247168624448034,0.014013093809438108,-9.728865333919822e-05,9.579035319545307e-05,9.579035319545307e-05,4.73576640268811e-05
184,11 CNU-HYa GABA,0.0004223407110575097,0.0027667592208176755,0.01744987751817954,0.0005294986597692357,0.0022614781249080105,0.001731979465138775,0.0010662758911088698
184,12 HY GABA,0.000371618716577027,0.0024721581282851463,0.015354193706533733,0.00023733312891786648,0.00045699839015465117,0.0002196652612367847,0.00011899339752213758
184,13 CNU-HYa Glut,6.687812042947472e-05,0.0004458541361964981,0.002763207475827457,0.0005232574091756936,0.0017373793334412757,0.0012141219242655821,0.00011836144674716975
184,14 HY Glut,0.00029012030350806573,0.0019341353567204386,0.011986918687228938,0.0005285650444443301,0.0018201001143875347,0.0012915350699432046,0.0005461956422973337
184,16 HY MM Glut,0.00022884033978318532,0.0015256022652212356,0.009455010601361178,-3.177959248705544e-05,-3.488132233842005e-05,-3.488132233842005e-05,-1.1635617304391038e-05
184,19 MB Glut,0.0004290860988441156,0.0028179823639220593,0.017728577126356476,0.00019345872960013996,0.000981937441631014,0.0007884787120308742,0.000493171898087634
184,20 MB GABA,0.00039739010145934637,0.002574569715972401,0.016418991624177766,0.00012199500886786216,0.0007666155306363222,0.0006446205217684601,0.0003734092542032463
184,21 MB Dopa,0.00023387332819081762,0.0015499651658738792,0.009662958897521626,-0.00023788822395855129,-0.0012080057371235786,-0.0012080057371235786,-0.00041182584413713676
184,22 MB-HB Sero,0.0005020217792187633,0.003247072126960841,0.020742065184507205,-3.85113554513077e-05,-0.0002643537061996867,-0.0002643537061996867,-0.00019345139529931314
184,23 P Glut,0.0003592659228160171,0.0023939203923314077,0.014843812555739102,1.374134212130647e-05,-3.240276808384234e-05,-4.614411020514881e-05,-2.416552338485997e-05
184,24 MY Glut,0.0004203609210135897,0.0028024061400905988,0.01736807840937089,5.6099571421170946e-05,6.627377419740037e-05,1.0174202776229423e-05,6.234284658691132e-06
184,26 P GABA,0.0004801363167966617,0.0031892132381498256,0.01983782216768283,0.00010795244338142074,0.0005271537161350255,0.0004192012727536047,0.0002933938820593297
184,30 Astro-Epen,0.0127665668952768,0.049450786260330004,0.5274770412078289,0.005540148981451645,0.013927000754138675,0.00838685177268703,0.15607631298181252
184,31 OPC-Oligo,0.0015732133464481078,0.0096018655515009,0.06500055402366046,0.00041409686203937475,0.0030376267945553636,0.002623529932515989,0.006016411740232373
184,33 Vascular,0.000955522439847398,0.0062721648649635585,0.03947938028389293,0.00020440140197266742,0.0011015548762325724,0.000897153474259905,0.0012496015013984268
184,34 Immune,0.0006286112717874803,0.004153667742984694,0.025972371149758606,-0.0001806779542306426,-0.0003235850259632931,-0.0003235850259632931,-0.00029650668191514586
185,01 IT-ET Glut,0.006063103854265368,0.019722644961369395,0.055704108440212716,0.002540638457243909,0.003976601387366046,0.0014359629301221371,0.004641922662342343
185,02 NP-CT-L6b Glut,0.005811416274929484,0.01876093756269451,0.053391756128695296,0.002933317758821324,0.005991499740713881,0.003058181981892557,0.009475561946951679
185,03 OB-CR Glut,0.004712536448886567,0.01673241497788564,0.04329591702318594,0.004764639423989476,0.005676907823094874,0.000912268399105398,0.0022921182450704684
185,04 DG-IMN Glut,0.004585341381658549,0.01437330807391635,0.04212732615154102,0.0020460032463274504,0.002432925800755608,0.0003869225544281575,0.0009459221293161297
185,05 OB-IMN GABA,0.004111883832308658,0.014481426673266719,0.03777748631624445,0.0007114776466119744,-0.0030386429042352256,-0.0037501205508472,-0.008221399078359995
185,06 CTX-CGE GABA,0.006485168474734832,0.02102813580747303,0.059581781320723996,0.0011268084640272426,0.00028470267707650376,-0.0008421057869507388,-0.0029117063887176354
185,07 CTX-MGE GABA,0.005554321573620357,0.018188254974119265,0.05102972647105505,0.00296967725477846,0.005342307525729586,0.002372630270951126,0.007026203947358158
185,09 CNU-LGE GABA,0.004497099769815983,0.015962737748310103,0.041316615922396674,-0.0005571377927415112,-0.0015135395910803309,-0.0015135395910803309,-0.0036289916841070195
185,11 CNU-HYa GABA,0.0052070050380641835,0.01896577221671572,0.047838793505905586,0.0006924922022166863,-0.0001307050131814488,-0.0008231972153981351,-0.002285343863113974
185,12 HY GABA,0.004685748577809251,0.016942289208444705,0.04304980636579988,0.0049180520575133205,0.01296156241419481,0.00804351035668149,0.02009482701944438
185,13 CNU-HYa Glut,0.0032235928722141468,0.01307951716267414,0.02961640955475119,0.0030431125535921462,0.006876247880910053,0.0038331353273179064,0.006588006266501584
185,14 HY Glut,0.0075777889992189665,0.023271370916877806,0.06962011377268243,-0.0010286545229649209,-0.0015725971235493821,-0.0015725971235493821,-0.0063535967849005885
185,16 HY MM Glut,0.004512401062652217,0.01818905439526549,0.04145719488919524,0.003615654128391941,0.010431890084232226,0.006816235955840286,0.01639879637973839
185,19 MB Glut,0.004636738606004048,0.017230112612991726,0.04259953257044534,-0.0010755397753520034,-0.0006793932575376914,-0.0006793932575376914,-0.0016795522172960103
185,20 MB GABA,0.004969161545953587,0.01706420701877254,0.04565363224283287,0.00044397736197564615,0.0019130669282255018,0.0014690895662498556,0.0038921633129437986
185,21 MB Dopa,0.0060857426097094686,0.02031671180239743,0.055912099548153654,-0.00031389417111400936,0.0006706861789642581,0.0006706861789642581,0.0021761689119690042
185,22 MB-HB Sero,0.0032386658221196423,0.014193308219654156,0.02975489064566289,0.0009261836494206378,0.004540384185254698,0.00361420053583406,0.006240768154530123
185,23 P Glut,0.0038984553032482133,0.015023362485884201,0.03581663487566516,2.5617786969866764e-05,0.0006301161235883378,0.000604498336618471,0.0012564561433109636
185,24 MY Glut,0.0018315077534181536,0.010494911079637282,0.016826778652937437,-0.00034931676063322504,-0.0013886646061221127,-0.0013886646061221127,-0.0013560190559624818
185,26 P GABA,0.0035494197231144193,0.014184430190578946,0.032609908375081216,0.0004386879481352764,0.0017010290420603688,0.0012623410939250925,0.0023888767477500523
185,30 Astro-Epen,0.0031662490778743904,0.013655979551969934,0.02908956966959437,0.0015454171621880793,0.005116569277151048,0.003571152114962969,0.006028553099742432
185,31 OPC-Oligo,0.0042763060635393705,0.015658545563407004,0.03928809771571999,0.0021204730985698397,0.004831517426968009,0.0027110443283981695,0.006181089960373438
185,33 Vascular,0.003648057841121433,0.014857169399125132,0.03351613537594906,0.001901050951201832,0.005025814888663546,0.003124763937461714,0.00607769069259086
185,34 Immune,0.0025171110451611372,0.011103856849174837,0.023125684465568508,0.0002014310958956818,0.0001784095792730064,-2.302151662267538e-05,-3.089555284717932e-05
186,01 IT-ET Glut,0.001048190400232152,0.0066850262674023175,0.008218914733974722,0.0002619879635237128,0.0023000149497793172,0.0020380269862556046,0.00041063572685325745
186,02 NP-CT-L6b Glut,0.0011348242004611566,0.00703915543653488,0.008898214808660283,0.0004496798764439795,0.0033930755781112053,0.0029433957016672258,0.0006420721957238177
186,03 OB-CR Glut,0.020948811656401594,0.056167321610892385,0.1642607075431401,0.02709944664147692,0.05236680395695871,0.02526735731548179,0.10174798979345788
186,04 DG-IMN Glut,0.00311592116211622,0.018100214330709123,0.024432097778751532,-0.0005669893949947427,-0.004149741212569998,-0.004149741212569998,-0.0024855018937489726
186,05 OB-IMN GABA,0.012739274008718255,0.06333075627502255,0.09988930143531767,-0.0011505615537584614,-0.001031048392425921,-0.001031048392425921,-0.0025248195946843493
186,06 CTX-CGE GABA,0.0027305113103270016,0.015595831310340733,0.02141007934699729,0.0006153331121423957,0.0034187522344115372,0.0028034191222691416,0.0014714267083848795
186,07 CTX-MGE GABA,0.002694482265924167,0.014708194767079665,0.021127573760390216,0.00028715616405793325,0.0011777127024205885,0.0008905565383626553,0.0004612575094963285
186,09 CNU-LGE GABA,0.0024520926483646015,0.012952972016218691,0.019226984326751455,0.0025820293433496742,0.010122363711410638,0.007540334368060963,0.0035541365020451254
186,11 CNU-HYa GABA,0.004374419428136839,0.021975070362338343,0.03430004728390598,0.002496930813870336,0.006252915765815344,0.0037559849519450076,0.003158281882568855
186,12 HY GABA,0.008437526092527962,0.04150096574281546,0.06615907520696171,0.0023764807527759503,0.006751757355159276,0.0043752766023833255,0.00709622319214019
186,13 CNU-HYa Glut,0.0029849080089794037,0.01486756788477654,0.023404816919832983,0.0017747483687172866,0.00438913951274869,0.0026143911440314038,0.0015000583011634486
186,14 HY Glut,0.006422065329630079,0.033207580265713604,0.050355743907361396,-0.0009072132151100347,-0.003909346778350163,-0.003909346778350163,-0.004825980236456941
186,16 HY MM Glut,0.0022560541709261738,0.01181804839422618,0.017689836562101244,0.0016932436544904784,0.0064012768862821015,0.004708033231791623,0.002041717572918579
186,19 MB Glut,0.004117295816971087,0.019549266303528903,0.032283927850075125,0.0027640683818987164,0.008243589587759755,0.0054795212058610385,0.004336719239294648
186,20 MB GABA,0.0029021314417729135,0.01602536362812891,0.022755761607276607,0.0018239731800553534,0.007525358300754482,0.005701385120699129,0.0031805635681887447
186,21 MB Dopa,0.004748625748225946,0.021707265721280653,0.037234218248499484,0.002481958845634527,0.0069491154436886185,0.004467156598054091,0.004077610545812513
186,22 MB-HB Sero,0.005102143699999373,0.022464479368120384,0.04000617065515353,0.0019429808767054276,0.004287937304648626,0.0023449564279431987,0.0022998212753131534
186,23 P Glut,0.0035270339417019653,0.018633438136997013,0.027655654186742134,0.0017182342649834442,0.006513543934623826,0.004795309669640382,0.0032511194088203
186,24 MY Glut,0.002556938813130498,0.0162584454369948,0.020049088486648662,0.002395076728724731,0.016633460076252268,0.014238383347527537,0.006998220800029328
186,26 P GABA,0.003183567549519375,0.01781615326985351,0.02496251657480692,0.0016547330980940936,0.007248259154906385,0.0055935260568122916,0.0034229957381257145
186,30 Astro-Epen,0.0025648200031437407,0.014999968661452909,0.02011088530210008,-0.00083913605488978,-0.0020479227504921517,-0.0020479227504921517,-0.0010096644993598607
186,31 OPC-Oligo,0.002239325933721408,0.013409273315721455,0.017558669595484085,0.00021430398529255254,0.002079637214261881,0.0018653332289693284,0.0008029349461826247
186,33 Vascular,0.008408690990007593,0.03993713762970779,0.06593297768793478,0.0031528678957367527,0.010254265445035817,0.007101397549299065,0.011478333595189131
186,34 Immune,0.01684426368328899,0.0825121983981232,0.1320767361911322,0.00536879157836638,0.024201830135970916,0.018833038557604535,0.06097882483496508
187,01 IT-ET Glut,0.00014689001049846763,0.000978022073884516,0.00385111639971664,-0.000683507979514662,-0.002510839811561038,-0.002510839811561038,-0.0002980965594198425
187,02 NP-CT-L6b Glut,0.00016376606466639938,0.0010825051236223258,0.004293567514997256,-0.0003072898587144119,-0.0007793165337886219,-0.0007793165337886219,-0.00010315338848256494
187,03 OB-CR Glut,0.0027931294613905066,0.016046007926407556,0.07322939551022022,-0.0028546966574081387,-0.010807261874939796,-0.010807261874939796,-0.024397899404754383
187,04 DG-IMN Glut,0.00026593106869258456,0.0017529368089342604,0.006972097669275261,-0.0012085135767537095,-0.004723771000635385,-0.004723771000635385,-0.0010153215638894356
187,05 OB-IMN GABA,0.009156675076910214,0.04257095972209794,0.24006684617898794,0.009811671484997888,0.0352324890633435,0.025420817578345613,0.1881364795692761
187,06 CTX-CGE GABA,0.0002333021152130273,0.001543888006175009,0.006116641961808856,-0.0004999158009175943,-0.00142005707126099,-0.00142005707126099,-0.00026777508791240277
187,07 CTX-MGE GABA,0.00022519879465308234,0.0015010777909160423,0.005904191635236848,-0.0009153915491927259,-0.0035141477525991735,-0.0035141477525991735,-0.0006396343444465633
187,09 CNU-LGE GABA,0.0002703992362467891,0.001802293859967277,0.007089242690140096,-0.00017086129146933292,-0.0007839176465868471,-0.0007839176465868471,-0.00017132533785956512
187,11 CNU-HYa GABA,0.00022616787093890367,0.0014753492846683953,0.005929598574512286,0.0007196832400382881,0.002985254633733452,0.0022655713936951642,0.0004141468454190269
187,12 HY GABA,0.0003953061568522728,0.0026241708105705546,0.010364013307621267,0.0014218712170732477,0.006134840577421913,0.004712969360348665,0.0015058228753453003
187,13 CNU-HYa Glut,0.0010481777351685304,0.0066708063114015404,0.027480796359310514,0.00040542626624066246,2.2848799900361658e-05,-0.0003825774663403008,-0.00032411565822680426
187,14 HY Glut,0.0003193441550568685,0.0020183231450109926,0.008372465278746709,0.00022119289712874417,0.0004921792994840334,0.00027098640235528925,6.994427395775784e-05
187,16 HY MM Glut,0.0001390435827413884,0.0009269572182759228,0.00364540120838445,-0.00024883840364988997,-0.0010285321083504716,-0.0010285321083504716,-0.0001155884657226294
187,19 MB Glut,0.00018714754465300613,0.0012434808527959052,0.004906575851782738,-0.00010170491978791684,-0.0006040702645750015,-0.0006040702645750015,-9.137287440719696e-05
187,20 MB GABA,0.0004114152387468539,0.002362020314421641,0.010786356183478348,-0.00019319224249903435,-0.0008801658640352405,-0.0008801658640352405,-0.0002926783448820293
187,21 MB Dopa,0.00023670401615948663,0.0015462413216592026,0.006205831937905002,-0.00022234075390583442,-0.0010779369118834718,-0.0010779369118834718,-0.0002062265924849841
187,22 MB-HB Sero,0.00025336934332666444,0.0016188025613641127,0.006642758278521141,-0.0004390419199060289,-0.0019615783376301594,-0.0019615783376301594,-0.0004017033172455176
187,23 P Glut,0.00033666922794422984,0.0022055800448476325,0.0088266886265182,-4.319329377413377e-05,1.536254761925062e-05,1.536254761925062e-05,4.180347266302892e-06
187,24 MY Glut,0.00024011911523916333,0.0016007941015944221,0.006295367938534108,-0.0006690526651315898,-0.0034462132050851616,-0.0034462132050851616,-0.0006688281939179095
187,26 P GABA,0.00036648758282305016,0.002418390057004896,0.009608456938037203,-0.0001339805453126124,-0.000641161805177205,-0.000641161805177205,-0.00018992083154072804
187,30 Astro-Epen,0.012614242426537062,0.05222087891555529,0.3307162666405084,-0.005742323190230086,-0.018243250866089633,-0.018243250866089633,-0.18599835314596108
187,31 OPC-Oligo,0.003129132052972372,0.017527922978423472,0.08203860647287933,-0.0007284868581447601,-0.0050093610852519795,-0.0050093610852519795,-0.012669279707006225
187,33 Vascular,0.0029045673581881344,0.016864258195915405,0.07615103946988043,-0.0003568417984634165,-0.0010941955438104453,-0.0010941955438104453,-0.002568751481198233
187,34 Immune,0.002079004003136647,0.012002570909815333,0.05450667737299678,-0.00021928019203984055,-0.0008581665580522297,-0.0008581665580522297,-0.0014420243951479555
188,01 IT-ET Glut,2.6286149035573927e-05,0.00017524099357049282,0.0010300724111143697,0.0004187369584062168,0.0020411064376175884,0.0016223694792113716,3.3425278409408e-05
188,02 NP-CT-L6b Glut,4.230383173408223e-05,0.0002820255448938816,0.0016577555690919122,0.00038553199266882707,0.0016868892798694165,0.0013013572872005894,4.314937944004758e-05
188,03 OB-CR Glut,0.0007191294377398318,0.00470466426476688,0.028180445634448027,0.001176295668798557,0.005956480795692945,0.0047801851268943875,0.0026943256349776083
188,04 DG-IMN Glut,8.256255888172627e-05,0.0005504170592115085,0.0032353698512466427,0.0003673154771783275,0.0018891048212304924,0.001521789344052165,9.84772660874954e-05
188,05 OB-IMN GABA,0.0047130860546809455,0.01875798681204857,0.18469118125916897,0.0013556323486532869,0.0028547967689793513,0.0014991644203260644,0.0055379998018005114
188,06 CTX-CGE GABA,0.00013636107519198054,0.0009090738346132036,0.00534356635180983,0.0007091069531878989,0.003384856629222044,0.002675749676034145,0.0002859790362760086
188,07 CTX-MGE GABA,0.0001544989267956171,0.0010143377807866499,0.006054332333867826,0.00046933008736953387,0.0022254224258059004,0.0017560923384363665,0.00021265280467426198
188,09 CNU-LGE GABA,5.245111548694461e-05,0.0003496741032462975,0.0020553960537223154,0.0005378609058503303,0.0020907819530574336,0.0015529210472071033,6.384140037688761e-05
188,11 CNU-HYa GABA,0.00011613232809981468,0.0007742155206654312,0.004550864679805667,0.0003236493692910336,0.0013229622574328602,0.0009993128881418266,9.096051714065839e-05
188,12 HY GABA,0.00028506970760034246,0.0019000880728207302,0.011170995060788743,0.00011968206741941095,0.0003416063077732675,0.00022192424035385653,4.9585433234818314e-05
188,13 CNU-HYa Glut,0.00034375334299809995,0.002260598483238022,0.013470624182015964,0.00039693106195008617,0.001790289598384014,0.0013933585364339278,0.0003754119673130407
188,14 HY Glut,0.00031239010782700173,0.0019816509370114274,0.012241596558786757,-1.3202513500922412e-05,2.924150829760703e-06,2.924150829760703e-06,7.15970853479952e-07
188,16 HY MM Glut,3.1969211094652946e-05,0.00021312807396435296,0.0012527739346348272,0.0001810759282883149,0.001195614802357962,0.0010145388740696471,2.5421367657774436e-05
188,19 MB Glut,8.264596238237115e-05,0.0005509730825491411,0.0032386381749896294,6.136118806562965e-05,0.0004089849261650929,0.00034762373809946325,2.251797675240695e-05
188,20 MB GABA,4.1052413461664705e-05,0.00027368275641109806,0.0016087163798429588,-0.0002538556705832018,-0.0005160334704934944,-0.0005160334704934944,-1.660408184619364e-05
188,21 MB Dopa,0.0001882401857101453,0.0012309595818805485,0.007376547310169067,2.3788217769198467e-05,0.0003879027512230316,0.00036411453345383315,5.372156506008126e-05
188,22 MB-HB Sero,0.00012179119445863946,0.0008119412963909298,0.004772618049099891,-0.00039702646699581054,-0.00042422340288742464,-0.00042422340288742464,-4.0495690906085806e-05
188,23 P Glut,7.702197824052502e-05,0.0005134798549368336,0.0030182517312690063,-0.0003183063287197888,-0.0006304397285059815,-0.0006304397285059815,-3.8058927181262126e-05
188,24 MY Glut,1.6161249266684496e-05,0.00010774166177789664,0.0006333090851849294,0.00019512120652131806,0.000654348956935516,0.0004592277504141979,5.817030655487251e-06
188,26 P GABA,7.732523090120313e-05,0.0005155015393413543,0.0030301352596983247,-0.0003210815688985795,-0.0006797573800552248,-0.0006797573800552248,-4.119774610075782e-05
188,30 Astro-Epen,0.00034634553129849345,0.0022730038966328374,0.013572203977863396,0.0001924281175334155,0.000929930765852281,0.0007375026483188655,0.0002002034109968326
188,31 OPC-Oligo,0.0002635930632386002,0.0017568956166541746,0.010329392176684016,0.0005269555596673727,0.0019821881177142734,0.0014552325580469007,0.0003006524031878117
188,33 Vascular,0.001030440913877463,0.006659116885372634,0.040379773972679896,0.00014386888899864893,0.0012073080377406908,0.001063439148742042,0.000858883061871558
188,34 Immune,0.01625812745450619,0.07215398154673658,0.637105440002017,0.011292480242606972,0.042852046311110836,0.031559566068503866,0.40216090255864867
189,01 IT-ET Glut,3.624724900318017e-05,0.00024164832668786785,0.0006555707003582171,0.001014845988391477,0.0018493909916623638,0.0008345450032708867,4.359586287748668e-06
189,02 NP-CT-L6b Glut,4.1361826893397774e-05,0.00027574551262265183,0.000748073373022629,0.0011048153514341633,0.0018768727417869952,0.0007720573903528319,4.602245297952676e-06
189,03 OB-CR Glut,0.0004114740099773649,0.0027431600665157665,0.007441952487936352,0.0017834237865445384,0.004812097268034677,0.003028673481490139,0.00017960372073672732
189,04 DG-IMN Glut,5.6013913042851646e-05,0.0003734260869523443,0.0010130721975641457,0.0007490709311551519,0.0015913610640796117,0.0008422901329244598,6.799517431321237e-06
189,05 OB-IMN GABA,0.00045258675732200637,0.003017245048813376,0.008185520987935135,-0.0011265688447690476,-0.0016911337714354444,-0.0016911337714354444,-0.00011030628803459994
189,06 CTX-CGE GABA,6.216570082815599e-05,0.00041443800552103983,0.0011243339329447607,0.0015658986560722916,0.0032429529099550617,0.0016770542538827701,1.5025136013637757e-05
189,07 CTX-MGE GABA,5.367387906793112e-05,0.00035782586045287425,0.0009707501523334557,0.001188706227900767,0.00222418098913632,0.0010354747612355529,8.009823874941472e-06
189,09 CNU-LGE GABA,3.440103757531568e-05,0.00022934025050210457,0.000622179969970146,0.0008219802805353511,0.0017457941062496288,0.0009238138257142778,4.580115864889806e-06
189,11 CNU-HYa GABA,6.661932842654802e-05,0.0004441288561769868,0.0012048826047503477,0.000606392740150869,0.0014606569510372106,0.0008542642108863417,8.201870879038983e-06
189,12 HY GABA,0.0002994437527864865,0.0018558725319922423,0.005415764123641679,0.00014716300307308181,0.001579757579594868,0.0014325945765217862,6.182427399379785e-05
189,13 CNU-HYa Glut,0.0003833276961862903,0.0024986990835154147,0.0069328959622149645,0.0001466934276525558,0.0013885173711782185,0.0012418239435256627,6.860419831813897e-05
189,14 HY Glut,0.00019353826334142903,0.0012836624232660156,0.0035003488080908424,-0.0004600840626483512,-0.0005336324933840712,-0.0005336324933840712,-1.4884339641867878e-05
189,16 HY MM Glut,5.963859008532982e-05,0.0003975906005688655,0.0010786284020391746,0.0008068396321046982,0.00183502298759621,0.0010281833554915119,8.837275665197992e-06
189,19 MB Glut,6.554929086928164e-05,0.0004369952724618776,0.0011855298182598427,2.591490187754085e-05,-4.728790060567432e-05,-7.320280248321517e-05,-6.915381934218416e-07
189,20 MB GABA,5.5659258933389836e-05,0.000371061726222599,0.0010066578944289092,-5.924189314551737e-06,-0.00010891782991258767,-0.00010891782991258767,-8.736889942848269e-07
189,21 MB Dopa,0.00018742886236113607,0.0012282092314909658,0.0033898536839210482,-6.391968103396766e-05,-2.9719759760153104e-05,-2.9719759760153104e-05,-8.027905084849765e-07
189,22 MB-HB Sero,6.87712455827932e-05,0.0004584749705519548,0.0012438023538631354,-3.380646016365829e-05,-5.728482624716288e-05,-5.728482624716288e-05,-5.67762828726146e-07
189,23 P Glut,8.996816269622808e-05,0.0005997755586222152,0.001627171524755812,1.0926604140347885e-05,-0.00013174551084653224,-0.00014267211498688012,-1.8499006983335174e-06
189,24 MY Glut,4.6885152619714924e-05,0.0003125676841314329,0.0008479686923719846,0.00018751505690495142,0.0006873698086050318,0.0004998547517000804,3.3775331828444518e-06
189,26 P GABA,8.517728307659762e-05,0.000567848553843984,0.00154052328540122,3.996472270699749e-05,-9.620386806658927e-05,-0.00013616859077358678,-1.6715570036519445e-06
189,30 Astro-Epen,0.0002806272537801052,0.001865460838784905,0.005075447388685577,0.0008936525282461838,0.001547594116815673,0.0006539415885694893,2.644778280539296e-05
189,31 OPC-Oligo,0.0002443109668031147,0.0016264034673067658,0.00441862806190503,0.0012147752001555115,0.0021466897366816135,0.000931914536526102,3.281251459831819e-05
189,33 Vascular,0.0011340677966928587,0.007174096258042802,0.02051084262053679,0.0005251378693894624,0.002762612309908423,0.0022374744405189604,0.00036569377417210717
189,34 Immune,0.050882199106536,0.1360954236220526,0.9202596009730689,0.041908099753940685,0.07125290687841788,0.0293448071244772,0.2151877764121449
190,01 IT-ET Glut,2.4311521252182732e-05,0.00016207680834788487,0.000350903763253924,0.0005099777819032884,0.0011912503319880478,0.0006812725500847593,1.4229951081143327e-06
190,02 NP-CT-L6b Glut,2.5471829525730655e-05,0.00016981219683820438,0.0003676512360055962,0.00047635283679833823,0.001228368518046321,0.0007520156812479827,1.6457255730214465e-06
190,03 OB-CR Glut,0.00023763309213732935,0.0015842206142488624,0.0034299106764933006,0.004342367481616587,0.00735616630189717,0.0030137988202805837,6.153065797885417e-05
190,04 DG-IMN Glut,5.249458183274174e-05,0.000349963878884945,0.0007576879342297972,0.0012974446588433287,0.002106232092879152,0.0008087874340358232,3.647701209010324e-06
190,05 OB-IMN GABA,0.0014532740172007968,0.009122783515749877,0.020976035040551913,0.00020257136350006465,0.001872928090657161,0.0016703567271570965,0.00020855812846487458
190,06 CTX-CGE GABA,4.8305255521707504e-05,0.0003220350368113833,0.0006972207033727973,0.001961803284732977,0.0038246640333897144,0.0018628607486567373,7.73116882941643e-06
190,07 CTX-MGE GABA,3.955842221217423e-05,0.00026372281474782816,0.0005709720538937182,0.0009294265905039781,0.0019607688765038147,0.0010313422859998366,3.505194871055824e-06
190,09 CNU-LGE GABA,4.787699198181871e-05,0.0003191799465454581,0.0006910393013020432,0.0003631622829778253,0.0012818465965242708,0.0009186843135464456,3.7788838129136445e-06
190,11 CNU-HYa GABA,9.060163948059768e-05,0.0006040109298706512,0.0013077115134398525,-0.0010726044543618223,-0.0009016732118344829,-0.0009016732118344829,-7.018682634780052e-06
190,12 HY GABA,9.387544045087661e-05,0.0006258362696725107,0.0013549643804529395,-0.0018634886630393306,-0.002230901694124345,-0.002230901694124345,-1.799296778847665e-05
190,13 CNU-HYa Glut,0.0001507999924809637,0.0010053332832064246,0.0021765929129376337,-0.0019056368806195558,-0.0023484041839087703,-0.0023484041839087703,-3.0425977995152566e-05
190,14 HY Glut,0.0001093813928264545,0.0007292092855096967,0.0015787717261548416,-0.001325643240499368,-0.0022686620016817622,-0.0022686620016817622,-2.131982461832971e-05
190,16 HY MM Glut,4.137353426780161e-05,0.00027582356178534407,0.0005971707291818814,0.00015487249252203557,0.0005088877288145347,0.0003540152362924992,1.258389125775362e-06
190,19 MB Glut,7.690164764399288e-05,0.0005126776509599524,0.0011099707533226285,0.00011538225085738296,0.00029591263112646105,0.0001805303802690781,1.1927689449950717e-06
190,20 MB GABA,4.397221686432171e-05,0.00029314811242881134,0.0006346791801406839,0.0002149534001514614,0.00023642688461712448,2.1473484465663078e-05,8.112435653529745e-08
190,21 MB Dopa,9.431636917837672e-05,0.0006156100797574367,0.0013613285872914012,-0.000112074990648292,-0.0006454133486202192,-0.0006454133486202192,-5.22992424986914e-06
190,22 MB-HB Sero,0.00011115026066169526,0.0007410017377446352,0.0016043029289802954,0.0007587366714965598,0.0003733470773080231,-0.00038538959418853673,-3.6802799124077296e-06
190,23 P Glut,6.606624642335816e-05,0.00044044164282238773,0.0009535764649830817,0.00013403435807256568,-5.096946726104489e-05,-0.00018500382533361058,-1.050100155664822e-06
190,24 MY Glut,5.852377559132671e-06,3.901585039421782e-05,8.447111508080107e-05,0.0005081606277382967,0.0007378871481131361,0.00022972652037483944,1.1550847558318608e-07
190,26 P GABA,6.26335283608287e-05,0.00041755685573885795,0.0009040298457552472,9.91340964023212e-05,5.7367510140312644e-05,-4.176658626200856e-05,-2.247533840028528e-07
190,30 Astro-Epen,0.00016212689043016234,0.0010808459362010824,0.002340081288475224,0.0010261545912201241,0.0021746207316743816,0.0011484661404542575,1.5997187321258053e-05
190,31 OPC-Oligo,0.000153236824167093,0.0010215788277806203,0.002211765266004697,0.0008167302282720408,0.0019839847687990074,0.0011672545405269664,1.5367354014718545e-05
190,33 Vascular,0.0006064687497889175,0.004018681819037299,0.008753552045934884,-0.00012044060387440929,0.0014670030585677547,0.0014670030585677547,7.643809028976646e-05
190,34 Immune,0.06548490630344869,0.17748056455504913,0.9451856105527607,0.014028988346555183,0.03197112485367976,0.01794213650712458,0.10094521759305723
191,01 IT-ET Glut,0.012638668711652288,0.06754730623343509,0.1774996619511756,0.004494178741345084,0.024066139327251046,0.019571960585905962,0.12662649341924384
191,02 NP-CT-L6b Glut,0.0024793377343465756,0.013016641519953328,0.03482025043536233,0.00034312370099211123,0.0005879808175882449,0.0002448571165961337,0.0003107687485957077
191,03 OB-CR Glut,0.002913512034893437,0.014517560476062393,0.04091786983920862,-0.00030613628106153135,-0.005478042257031786,-0.005478042257031786,-0.008170170357694411
191,04 DG-IMN Glut,0.002110389373703847,0.011115470449858583,0.02963867547793445,-0.001970259924835585,-0.008527377154173673,-0.008527377154173673,-0.009212276846392836
191,05 OB-IMN GABA,0.0005292902719778968,0.003187995895430892,0.00743344465256106,-0.0009205382496718303,-0.004478320351917824,-0.004478320351917824,-0.0012133832260898298
191,06 CTX-CGE GABA,0.0024792285274733645,0.013307848746454598,0.03481871671503783,0.00017199693591443807,0.00050622391304694,0.00033422697713250194,0.0004241768663002855
191,07 CTX-MGE GABA,0.0022822301567671575,0.011261327237005223,0.03205203732790855,0.0004601894484477418,0.0009682654989214341,0.0005080760504736923,0.0005935770228950902
191,09 CNU-LGE GABA,0.0017116665015376419,0.010026088634918988,0.024038942101233668,0.00031519185396446456,0.001535648260532852,0.0012204564065683874,0.0010693757723940728
191,11 CNU-HYa GABA,0.005935824340200474,0.02594936833679627,0.08336374960250091,-0.0009202869420029555,-0.0036313465830278007,-0.0036313465830278007,-0.011034118886166826
191,12 HY GABA,0.0029557903969012807,0.01563377831279037,0.04151163450979636,0.0005476090573878227,0.0025032449148071163,0.0019556358574192934,0.0029590380055579285
191,13 CNU-HYa Glut,0.0002737871894976374,0.0018252479299842499,0.0038451149160661766,0.0005371602290525942,0.0013340837941529873,0.0007969235651003931,0.00011169113662173182
191,14 HY Glut,0.003322984412906451,0.016334120967608272,0.04666857114595663,-0.0006219823957861636,-0.001406473956198834,-0.001406473956198834,-0.002392483308922167
191,16 HY MM Glut,0.0024169992891822935,0.013341967322104492,0.03394475846736569,0.0011298242144293434,0.004063334425243812,0.002933510210814469,0.0036295521824461306
191,19 MB Glut,0.0026144914355497586,0.01341151178671719,0.03671837252577662,-0.00018873382962078454,-0.00038746925900056637,-0.00038746925900056637,-0.0005185771701746606
191,20 MB GABA,0.001611167908089835,0.009552581194388949,0.02262752237257917,0.00026834652619588383,0.0012637821520109776,0.0009954356258150938,0.0008209995145660218
191,21 MB Dopa,0.0027472027098368046,0.013862657862016554,0.03858219274770733,0.00018461883698858218,0.00023953201741499646,5.491318042641428e-05,7.722469853446072e-05
191,22 MB-HB Sero,0.0033950279198799254,0.01506987333445442,0.047680362690249514,0.003946661755940959,0.014207182822443471,0.010260521066502513,0.017832066880072606
191,23 P Glut,0.0030288871893471886,0.014788704141398556,0.042538218578488794,-0.0004779878526458002,-0.0015473813707721832,-0.0015473813707721832,-0.0023992161720005926
191,24 MY Glut,0.01205964205378589,0.034898908917398046,0.1693677108432833,-0.0009227531514477131,-0.0019774085702996963,-0.0019774085702996963,-0.012207303646778193
191,26 P GABA,0.002159872339495237,0.012639588538143254,0.03033362285733807,0.0004644137746682578,0.0021964225857038526,0.0017320088110355947,0.001914992588468484
191,30 Astro-Epen,0.000420038157002471,0.0027767669153464605,0.005899088944850302,0.0002645272493391662,0.0010626745092207485,0.0007981472598815823,0.00017161715140495747
191,31 OPC-Oligo,0.0005775316242829771,0.003694119181309264,0.008110954596177573,0.000654760320183407,0.003178987878963208,0.002524227558779801,0.0007462652032393828
191,33 Vascular,0.00031298614782261224,0.002052294333214355,0.004395631905652783,0.0004925538237688023,0.002141239899180353,0.0016486860754115508,0.00026415084520810115
191,34 Immune,0.0002273465713204084,0.0014937483395582691,0.0031928947957886415,0.00031220677461398,0.0011119704551174631,0.0007997636805034832,9.30762772017338e-05
192,01 IT-ET Glut,0.0021566086500165354,0.012665674472344537,0.012072517851727159,-0.00013464557294938403,-0.00012388022168448833,-0.00012388022168448833,-2.2677073758670138e-05
192,02 NP-CT-L6b Glut,0.001517663652822581,0.00922438833094305,0.008495756307699859,0.0002508095234269865,0.001673020852260972,0.0014222113288339855,0.00018321176681146376
192,03 OB-CR Glut,0.001948310241085499,0.01120995731075778,0.01090648049010987,-0.0015270815608215856,-0.007488334349438817,-0.007488334349438817,-0.001238388859523503
192,04 DG-IMN Glut,0.0014780471665583458,0.008677913549710554,0.00827398647586504,0.0011175482124453158,0.006484372776460054,0.005366824564014738,0.0006733167028622833
192,05 OB-IMN GABA,0.00041555785772871866,0.0025435579899806505,0.0023262587098577137,-0.0009116031418183908,-0.004545373965822311,-0.004545373965822311,-0.0001603300082290705
192,06 CTX-CGE GABA,0.0014659507407873474,0.009112476843585009,0.008206271679273942,-3.604013837053813e-05,0.0004759370887289952,0.0004759370887289952,5.922193904937509e-05
192,07 CTX-MGE GABA,0.0016670960927628899,0.00991230442640011,0.009332266816360155,0.00020138606623614375,0.0013350704944895444,0.0011336844282534007,0.00016042295471032996
192,09 CNU-LGE GABA,0.002103943491470821,0.012288617238673253,0.011777702625653433,-4.3764549573641894e-05,-0.00046431758926138617,-0.00046431758926138617,-8.292068919360754e-05
192,11 CNU-HYa GABA,0.020887842386528296,0.07623503777427704,0.11692842375156597,0.0005732446105193716,0.006051754946351238,0.0054785103358318665,0.009713366219125327
192,12 HY GABA,0.007623315775606536,0.03746511945235674,0.042674694729457535,-0.0015591463907812517,-0.004575604738688625,-0.004575604738688625,-0.0029607797835995344
192,13 CNU-HYa Glut,0.008037378649100774,0.031311623891918966,0.044992584640526155,0.0021047019380766334,0.003571366874963865,0.0014666649368872318,0.0010005966266580378
192,14 HY Glut,0.022661037251757284,0.06753676051804328,0.12685462277005907,-0.003447583572575748,-0.001286937483687079,-0.001286937483687079,-0.002475431602980221
192,16 HY MM Glut,0.004710907000980278,0.026527577513884702,0.026371269941222204,-0.0017293058433977832,-0.007118429538195083,-0.007118429538195083,-0.0028464425139019933
192,19 MB Glut,0.04013538926632595,0.1338975956761503,0.22467460816315632,-0.006056390558097739,-0.018191484850789214,-0.018191484850789214,-0.06197397099578502
192,20 MB GABA,0.009204256428792005,0.037257255897835004,0.05152467048094886,0.00034437635437248814,0.0016611075649964851,0.001316731210623997,0.0010287255712376436
192,21 MB Dopa,0.00497529165470986,0.023516016244698946,0.02785127348838808,-0.0019080978185916735,-0.00641047866311319,-0.00641047866311319,-0.0027072146991317632
192,22 MB-HB Sero,0.008898326409390492,0.03831937411210088,0.04981209939366527,0.005988240747661628,0.02036246772986734,0.014374226982205711,0.01085691723231138
192,23 P Glut,0.009613283879226536,0.0415034352858044,0.05381437250786944,0.0011666087395047003,0.008373183982900986,0.0072065752433962856,0.005880501818023207
192,24 MY Glut,0.01990410627417582,0.050150609149717945,0.11142154990235234,-0.0002958282547014118,-0.0025929888261705175,-0.0025929888261705175,-0.004380836280244846
192,26 P GABA,0.007826420038361745,0.03668170536744162,0.04381165568797699,0.0010370351084117132,0.0037101184521352018,0.0026730833437234886,0.0017757807680811649
192,30 Astro-Epen,0.0004091457524593679,0.002679739512910393,0.0022903642719258256,5.311216565219372e-05,-3.085035284038729e-05,-8.396251849258102e-05,-2.91593071019428e-06
192,31 OPC-Oligo,0.000604190975161432,0.0039631195126191366,0.003382211387046464,0.0003673514325004102,0.001688077790356956,0.0013207263578565458,6.773307227942863e-05
192,33 Vascular,0.00025541500042814287,0.0016916232459797157,0.001429792165696828,4.166867506524574e-06,0.0005107785532924964,0.0005066116857859718,1.0983362028474883e-05
192,34 Immune,0.00013836676341920536,0.0009084247099432717,0.0007745657615957617,-0.00015938720442548236,-0.0006166333133838934,-0.0006166333133838934,-7.2422324819012535e-06
193,01 IT-ET Glut,0.0010303990912076688,0.006410905406442585,0.005987848495641032,-0.00010327533460872288,-0.0001900108249491564,-0.0001900108249491564,-1.7699211243560287e-05
193,02 NP-CT-L6b Glut,0.000815225426402647,0.005235705212044415,0.004737432694522429,0.00010651189127754878,0.0008980227553474845,0.0007915108640699357,5.833170879929756e-05
193,03 OB-CR Glut,0.002559933280915763,0.012647436642538317,0.01487626762860132,-0.002216956607576236,-0.009187571032768748,-0.009187571032768748,-0.0021261772090412105
193,04 DG-IMN Glut,0.0009686809839458514,0.00615412132043426,0.005629192632223735,-0.00015516979126443774,-0.00017410503187568826,-0.00017410503187568826,-1.524622060373533e-05
193,05 OB-IMN GABA,0.0009886038908134616,0.006449467336243665,0.005744968499005796,0.00013569225740892244,0.0015779587844601574,0.001442266527051235,0.0001288955553001459
193,06 CTX-CGE GABA,0.0026888652092563045,0.014965839944259674,0.015625516011816765,-6.45370137875956e-05,-0.0010373165782987326,-0.0010373165782987326,-0.0002521450536216109
193,07 CTX-MGE GABA,0.00345273713769205,0.01666540109483198,0.020064523593030317,-0.0008542025108752943,-0.0024296255520526496,-0.0024296255520526496,-0.0007583557161799911
193,09 CNU-LGE GABA,0.0015614621416291294,0.00945564714674035,0.009073958639458882,3.4954610042491855e-05,-0.0011625770696976176,-0.0011975316797401094,-0.00016903964515712708
193,11 CNU-HYa GABA,0.01914391160187242,0.04826432823566174,0.11124897456150196,-0.0023838616315308755,-0.002722586251862877,-0.002722586251862877,-0.004711752065285527
193,12 HY GABA,0.014017936205130525,0.04443219642315907,0.08146093968260874,-0.004683519544046923,-0.008048526619051073,-0.008048526619051073,-0.010199304695577206
193,13 CNU-HYa Glut,0.0002419646552267391,0.0016130977015115942,0.0014061034303704827,0.0013109946721977074,0.002219289804878012,0.0009082951326803046,1.986776528073946e-05
193,14 HY Glut,0.005263692174978672,0.022866704889558873,0.030588333724676463,-0.00277466350982487,-0.004354063296196001,-0.004354063296196001,-0.0020718357558404217
193,16 HY MM Glut,0.0029648564720728475,0.014562719058517188,0.017229354642855542,-0.0003611320909003655,-0.0015892999433004256,-0.0015892999433004256,-0.0004259706182489567
193,19 MB Glut,0.007482478753798804,0.03282648802294612,0.043482131857364256,-0.0016749564586603562,-0.005514905986094756,-0.005514905986094756,-0.0037303854444759046
193,20 MB GABA,0.011500911106454851,0.04368545203425288,0.06683401980350503,0.0007785881915221535,0.002888585797524257,0.0021099976060021037,0.002193735743463626
193,21 MB Dopa,0.005892784632036939,0.024333707103629452,0.03424411171861908,0.00048743745486910355,0.001971366537430594,0.0014839290825614903,0.0007905035370387491
193,22 MB-HB Sero,0.019201654877346677,0.05120850687436484,0.11158453190829334,0.004429131481337008,0.000517342886683811,-0.003911788594653197,-0.0067902245727964805
193,23 P Glut,0.009683222434013594,0.04325800615973506,0.05627107921505343,-0.001333677149873427,-0.003472630237103219,-0.003472630237103219,-0.0030398247931638285
193,24 MY Glut,0.02477912264173366,0.06393847455812852,0.14399627629689554,-0.0015251028185340942,0.0016421667434708995,0.0016421667434708995,0.003678521342344731
193,26 P GABA,0.03562543614179579,0.14867810662555192,0.20702630274856743,0.005749668041514887,0.02351772656690573,0.01776805852539084,0.05722295329509466
193,30 Astro-Epen,0.0006343850348290196,0.003852353206106949,0.0036865341874535392,-0.0007148544688801276,-0.002917238245450958,-0.002917238245450958,-0.0001672996106376756
193,31 OPC-Oligo,0.0007922206736007112,0.004848217121451818,0.004603747624695536,0.00041644582534510323,0.0020027874780782773,0.0015863416527331742,0.00011360906911975155
193,33 Vascular,0.0005212793220009451,0.0030952902546834147,0.003029255004867871,5.374950273652559e-05,-0.0006599414092166652,-0.0007136909119531907,-3.3631850708445024e-05
193,34 Immune,0.0002699265477627225,0.0017018807354694456,0.0015685953983715685,-3.479745954650955e-05,-0.00118291129517226,-0.00118291129517226,-2.886475537369413e-05
194,01 IT-ET Glut,0.0010710459107014338,0.006655594211341952,0.0036777568654231996,0.002229683389179301,0.005749115531357382,0.003519432142178081,7.877590384046289e-05
194,02 NP-CT-L6b Glut,0.0014021976384477539,0.008273930705399326,0.004814865487982784,0.0006312580169760539,-0.001582189585751496,-0.00221344760272755,-6.486212732620438e-05
194,03 OB-CR Glut,0.0012826706686706632,0.00805639466422517,0.004404433844195418,0.00034325183947089285,-0.004183509463674312,-0.004526761303145205,-0.00012134320725342351
194,04 DG-IMN Glut,0.0007361973386711768,0.00466055261360886,0.0025279540209728417,0.001953357864379175,0.003741745634742318,0.0017883877703631429,2.751494479877102e-05
194,05 OB-IMN GABA,0.00013886960807072972,0.0009257973871381981,0.0004768503846359641,0.0013908031565019032,0.0031872365968781784,0.0017964334403762752,5.213520096621228e-06
194,06 CTX-CGE GABA,0.003869595573538068,0.019551180316282005,0.013287415175013938,0.0025221816753547865,0.005275567130502571,0.002753385455147784,0.00022266158839234434
194,07 CTX-MGE GABA,0.005728212927570282,0.026617045571259716,0.019669534434038082,0.0019012617324147942,0.0028841878563575776,0.0009829261239427834,0.00011766647472004652
194,09 CNU-LGE GABA,0.0014911925525894864,0.009221715080984488,0.005120456175741588,0.0003886139776985752,-0.0011021565226908875,-0.0014907705003894627,-4.645764891639886e-05
194,11 CNU-HYa GABA,0.020179738985402436,0.06762382782713107,0.06929317674851812,0.003117874425210498,0.003774049564676026,0.0006561751394655278,0.0002767247655343386
194,12 HY GABA,0.016747809964733025,0.06545514323940876,0.05750862074461539,0.002969823444212683,0.010610276463125982,0.007640453018913299,0.002674175128716616
194,13 CNU-HYa Glut,0.002853666629288776,0.016157882074898294,0.009798918919005613,0.0002779319385599616,0.002737016606252103,0.0024590846676921414,0.00014665248620946688
194,14 HY Glut,0.0055961753037004,0.027181757559591617,0.01921614371303379,0.004048642387388997,0.004922624758127472,0.0008739823707384752,0.00010221313161024112
194,16 HY MM Glut,0.007864241096832944,0.02941425465741026,0.027004226799464605,0.003599853751910703,0.00808194245564247,0.004482088703731767,0.0007366309770297799
194,19 MB Glut,0.01208216162717264,0.04722707654764269,0.04148772002162449,-0.003840754871097824,-0.003835880955944363,-0.003835880955944363,-0.0009685509538314004
194,20 MB GABA,0.15056219567531323,0.2685284633627699,0.5170003855907847,0.006258342331343494,0.011194200258964473,0.004935857927620978,0.015530709683048807
194,21 MB Dopa,0.00970983462069238,0.04478972165707703,0.033341624837527575,-0.0030133936530647447,-0.008981898460795208,-0.008981898460795208,-0.0018226055376893554
194,22 MB-HB Sero,0.0077394664760934,0.0310965114548963,0.026575775774657553,-0.0021767106447653966,0.0011796205785398917,0.0011796205785398917,0.00019079459831416654
194,23 P Glut,0.009332935742817346,0.039514010991272726,0.0320474296757465,-0.00045251661383689394,-0.0009514930500025794,-0.0009514930500025794,-0.0001855823233658983
194,24 MY Glut,0.0012217404776808907,0.0077983866827089215,0.004195211787526131,0.0015424598004854457,0.006242746721910042,0.004700286921424596,0.00012000961533262208
194,26 P GABA,0.029973002656258733,0.0876067160408351,0.1029212802131058,0.0033823456439287807,0.0023535915414258637,-0.001028754102502917,-0.0006443985338838457
194,30 Astro-Epen,0.0005302523749062337,0.003314575091155228,0.0018207803164489937,0.002202131401089135,0.0035583498610491696,0.0013562184599600347,1.5028823534903692e-05
194,31 OPC-Oligo,0.0006326082129420852,0.004119044921782932,0.0021722497374059026,0.0011567408080344092,0.0028091410185020157,0.0016524002104676065,2.184553971776863e-05
194,33 Vascular,0.0002902705738765808,0.0018741086294932405,0.0009967309386446246,0.0018950809146929264,0.0034092791330275745,0.0015141982183346481,9.185408043523021e-06
194,34 Immune,0.00018651578291322958,0.0011860630112589987,0.0006404577938864212,0.0010006956744811647,0.0013326528193294575,0.0003319571448482928,1.2939286215445632e-06
195,01 IT-ET Glut,0.0001028438073390511,0.0006856253822603407,0.0031497148901881026,-2.7353383383463855e-05,0.0016984437294765124,0.0016984437294765124,7.06893492356212e-05
195,02 NP-CT-L6b Glut,0.0001241330740954299,0.0008268072942648362,0.003801724206438797,-0.0003115599548046542,0.000788280782900455,0.000788280782900455,3.95998120198898e-05
195,03 OB-CR Glut,0.000773591573776354,0.004744603582450973,0.023692169338058188,-0.0008598275310159194,5.090641719559e-05,5.090641719559e-05,1.593708678067419e-05
195,04 DG-IMN Glut,4.9003518838020356e-05,0.00032669012558680233,0.001500791510439524,0.0002655044651742967,0.0036758089097706417,0.003410304444596345,6.763088841096781e-05
195,05 OB-IMN GABA,0.0008087566902211636,0.005340842799057618,0.024769143185557497,0.002490196861636088,0.01014642507282931,0.007656228211193221,0.002505863618471492
195,06 CTX-CGE GABA,0.00018487459790810713,0.001232497319387381,0.0056620061908928924,-2.5905942295339606e-05,0.0023999913480683183,0.0023999913480683183,0.00017956082536611714
195,07 CTX-MGE GABA,0.00024268379370181062,0.0015506919860596832,0.0074324821144547805,-0.0004953830169270107,-0.0003146334504162624,-0.0003146334504162624,-3.0900844088994744e-05
195,09 CNU-LGE GABA,6.664811388231413e-05,0.00044432075921542756,0.0020411783862300374,0.0008666035514452026,0.0033037568693026855,0.002437153317857483,6.573480650801535e-05
195,11 CNU-HYa GABA,0.00012439011981116876,0.0008292674654077918,0.0038095965396328867,-0.0011890042222963458,-0.002751976755323726,-0.002751976755323726,-0.00013853366435418642
195,12 HY GABA,0.00033652659582280014,0.002216112930205272,0.01030653042932324,-0.0009700724620453392,-0.0018084945398815072,-0.0018084945398815072,-0.00024629821747431866
195,13 CNU-HYa Glut,0.0006498388041247593,0.004014813886762954,0.019902092411125522,-0.0017587772551881191,-0.004867117301552927,-0.004867117301552927,-0.001279976890546687
195,14 HY Glut,0.00033648502082866277,0.002170082412742853,0.010305257145287164,-0.0008663993960412065,-0.0020759898977282323,-0.0020759898977282323,-0.0002826933848643287
195,16 HY MM Glut,0.00015642471353264216,0.0010401947901966474,0.004790694375820618,-0.00023666727149373432,0.00010206748162740652,0.00010206748162740652,6.461263343722667e-06
195,19 MB Glut,0.00014609286701705362,0.0009739524467803578,0.004474269190335187,7.825675255406177e-05,0.0007610533972541118,0.00068279664470005,4.0368727962535816e-05
195,20 MB GABA,0.0003368146252652454,0.0021495188291020097,0.010315351676291388,3.6687152437337766e-05,0.0001271099833618886,9.042283092455081e-05,1.2325192625563552e-05
195,21 MB Dopa,0.0003051036057588725,0.0020212968893858394,0.009344163688345885,0.00039649724196860964,0.0016020118386445984,0.0012055145966759888,0.0001488485087512749
195,22 MB-HB Sero,0.0003708252106934409,0.0021506216245503855,0.011356966627340809,-0.0002443195647137635,-0.001336213431755817,-0.001336213431755817,-0.00020052557006052448
195,23 P Glut,0.00018707751437750582,0.0012104388663992743,0.005729473148651768,0.0003172313998731745,0.001515234438163343,0.0011980030382901683,9.069935214130825e-05
195,24 MY Glut,8.07094802115623e-05,0.0005380632014104153,0.0024718245870033275,-5.886404260742171e-05,0.0008375175752998248,0.0008375175752998248,2.7355405337684297e-05
195,26 P GABA,0.00019763742319230647,0.0013175828212820438,0.006052883015454479,0.00015412065977348972,0.0006896879579288894,0.0005355672981553997,4.283590122081359e-05
195,30 Astro-Epen,0.023714162603883676,0.10244665808400522,0.7262746585756987,-0.0077487433880397945,-0.016298050202793787,-0.016298050202793787,-0.15641129765121106
195,31 OPC-Oligo,0.0010059024079282245,0.006496248269532387,0.030806967131063706,0.0008743198136908852,0.004061492936582652,0.0031871731228917664,0.0012974366945582468
195,33 Vascular,0.001524072885620951,0.009576097437342928,0.04667655919958816,-0.00045131803910343515,-0.0007352202438004686,-0.0007352202438004686,-0.00045346927622223217
195,34 Immune,0.0008271840260677414,0.005409119861000359,0.025333502436777323,0.0006469769425228906,0.003376917098745461,0.0027299401562225706,0.0009138605721369587
196,01 IT-ET Glut,4.790622649742038e-05,0.0003193748433161358,0.0019437967253655914,0.001582541512273317,0.003885470696577501,0.0023029291843041835,7.25274678063039e-05
196,02 NP-CT-L6b Glut,8.481198226169513e-05,0.0005654132150779677,0.003441248986724612,0.002124905631866022,0.0052412355950435035,0.0031163299631774815,0.00017375232202853082
196,03 OB-CR Glut,0.0005736850300470471,0.003707157765378162,0.023277289077584886,0.002881102995425226,0.007095765517908418,0.004214662522483191,0.0015895210761385367
196,04 DG-IMN Glut,9.173160773961129e-05,0.000611361205295035,0.003722013019463738,0.00180728252276806,0.004550164108504772,0.0027428815857367117,0.0001654078178053566
196,05 OB-IMN GABA,9.201486074913567e-05,0.0006134324049942379,0.003733506019698125,-0.0024598045238691784,-0.006338306441998123,-0.006338306441998123,-0.0003834080028732232
196,06 CTX-CGE GABA,8.176094554572771e-05,0.0005450729703048515,0.003317453071014427,0.0019927940027716505,0.005024352197439684,0.003031558194668033,0.00016294527922559876
196,07 CTX-MGE GABA,0.00011926860132419943,0.0007951240088279961,0.004839327445366559,0.0014291987994643602,0.0035819560442406214,0.0021527572447762613,0.00016879172583306594
196,09 CNU-LGE GABA,9.859049038875225e-05,0.000657269935925015,0.004000312409915311,0.0008315767108145552,0.0016973062456198075,0.0008657295348052523,5.61108992289073e-05
196,11 CNU-HYa GABA,0.00024779244474021334,0.0016501924041839636,0.010054186644867489,0.0017276493571404942,0.004035527532315633,0.002307878175175139,0.0003759507094105673
196,12 HY GABA,0.00013347709883438003,0.0008898473255625335,0.005415837702005983,0.001991900555718826,0.004797022524848303,0.0028051219691294766,0.00024614355914596346
196,13 CNU-HYa Glut,5.180191753048291e-05,0.000345346116869886,0.0021018645179417986,0.002589992253824655,0.005424409314817107,0.002834417060992452,9.652494383116315e-05
196,14 HY Glut,0.00041085848039220323,0.0022394786486936084,0.016670596437355623,0.000540681154448732,0.0009709734191329408,0.0004302922646842088,0.00011622130895019495
196,16 HY MM Glut,0.00011752659338311433,0.0007835106225540956,0.004768645415513416,0.0007405229461899468,0.00187915174395197,0.0011386287977620231,8.797277257062931e-05
196,19 MB Glut,0.00016416794159966947,0.0010940373169971759,0.006661119662777663,0.00011091844745087222,0.0003031589105828485,0.00019224046313197625,2.074737348162601e-05
196,20 MB GABA,9.30899659399709e-05,0.0006205997729331394,0.003777128448391848,0.00019460026060490038,0.0009676326069453708,0.0007730323463404704,4.7307555338729497e-05
196,21 MB Dopa,0.00011235192797932885,0.0007489597461390866,0.004558683195523443,0.0004163895633174785,0.0013446469772119148,0.0009282574138944363,6.856128109372667e-05
196,22 MB-HB Sero,0.0001526676946186446,0.0010103576819104156,0.006194496760975631,0.0010744099589220905,0.003165956359505783,0.0020915464005836926,0.0002099155539059633
196,23 P Glut,7.293823495863551e-05,0.00048625489972423694,0.002959471296996772,0.0007756491033394098,0.0019730140873208623,0.0011973649839814525,5.741320230204982e-05
196,24 MY Glut,7.315521099310757e-05,0.00048770140662071713,0.002968275106775284,0.0003466636034598344,0.0009187098949198938,0.0005720462914600594,2.751100207595746e-05
196,26 P GABA,0.00011471883001560813,0.0007647922001040542,0.004654720323967041,0.0007103663400253809,0.0018298721814935257,0.0011195058414681448,8.442888252261948e-05
196,30 Astro-Epen,0.0002546043024719047,0.0016693656129263146,0.010330577997737473,0.0015253726165156197,0.0039750697022123945,0.002449697085696775,0.00041002288008825256
196,31 OPC-Oligo,0.02075060442798943,0.0729797062446169,0.8419564613099829,0.016411560550853025,0.050763563046256975,0.03435200249540395,0.4686113228729234
196,33 Vascular,0.00040488394320466485,0.0026208354666261992,0.016428179393271857,0.0016767549944607628,0.004549520465585002,0.002872765471124239,0.0007646464809050002
196,34 Immune,0.00030128894789974945,0.0019404882473353247,0.012224809030782515,0.0012310177695737784,0.003269734427315922,0.0020387166577421436,0.0004038034640708907
197,01 IT-ET Glut,0.0009915678024852287,0.006042080520838908,0.030149966972810777,0.0016276812692372232,0.006415173604555268,0.004787492335318045,0.01179331189625574
197,02 NP-CT-L6b Glut,0.0008950601236356545,0.005609793995205538,0.027215519804755783,0.0010060141243465358,0.003853129970528936,0.0028471158461824,0.006330858752051097
197,03 OB-CR Glut,0.003112978310106174,0.01597340114596643,0.09465433730455927,0.00012346918384534056,0.001561210134771506,0.0014377409509261654,0.011118904858354895
197,04 DG-IMN Glut,0.001973202131420802,0.011005508245250607,0.05999789317877055,0.004005731116101883,0.018236982792960012,0.014231251676858129,0.06976216524722934
197,05 OB-IMN GABA,0.0013319057455773323,0.007221839336809803,0.04049840478826126,0.0022665421394474443,0.009217220270794652,0.0069506781313472075,0.022998840787776732
197,06 CTX-CGE GABA,0.0011823119793765097,0.006916120888786803,0.03594980296901212,0.001101384733688755,0.00551445060429817,0.004413065870609415,0.01296217189258031
197,07 CTX-MGE GABA,0.0010504875404323732,0.006271666636180169,0.031941501700643506,0.0013954084919250858,0.005823270027889042,0.004427861535963956,0.011555539163891185
197,09 CNU-LGE GABA,0.0008776800528941857,0.005418965084839256,0.02668705512737614,0.0008260104059881619,0.004136267716795533,0.0033102573108073716,0.007217773645359988
197,11 CNU-HYa GABA,0.0008978942785061317,0.005589686019760679,0.027301696136345564,0.00022441661153837922,0.001295298476925537,0.0010708818653871579,0.0023887573969575892
197,12 HY GABA,0.0009147755552988929,0.005728200985607215,0.02781499430565377,0.0007067954332272163,0.0036529438811489273,0.002946148447921711,0.006695368015181482
197,13 CNU-HYa Glut,0.0006745566784277073,0.004373840892280409,0.02051081280060754,0.0006384027969224264,0.0029827337997043357,0.002344331002781909,0.0039286437965057605
197,14 HY Glut,0.0007400690019190822,0.004639825522739056,0.022502804053879874,0.0006698276205307655,0.0037460670873950266,0.0030762394668642614,0.005655846708807884
197,16 HY MM Glut,0.0004980234369431818,0.0031556852125597017,0.01514307961380818,0.0006807295400765925,0.00403675385959897,0.0033560243195223773,0.00415221809693624
197,19 MB Glut,0.0005619546020666688,0.00371188386229314,0.017086993597476643,0.0004264602699138051,0.0017387953357362752,0.00131233506582247,0.0018321087214836702
197,20 MB GABA,0.0009668001211662645,0.005911727544385902,0.029396871953097287,0.00047720618479548554,0.0023143397650188025,0.001837133580223317,0.004412479576483479
197,21 MB Dopa,0.0006844787990628658,0.004445610691141638,0.020812508366660095,0.0011393381787965233,0.005203884133914903,0.0040645459551183795,0.0069115796242969945
197,22 MB-HB Sero,0.0007210623875625476,0.004330959403859514,0.02192488210675916,0.0009169554175733601,0.0035487147761128724,0.0026317593585395123,0.004714376842013181
197,23 P Glut,0.000567777107198257,0.003744635518141126,0.017264034781121793,0.0004723794262045763,0.0018956056978340031,0.001423226271629427,0.002007507175112667
197,24 MY Glut,0.0003176050125852417,0.0020828353808120107,0.009657212160221225,0.0004648693119224717,0.0012397231011288268,0.000774853789206355,0.0006113816303926138
197,26 P GABA,0.000712404782536329,0.004611632978944681,0.021661635856780184,0.0002223725865198993,0.0007537094721644246,0.0005313368856445253,0.0009403771520862971
197,30 Astro-Epen,0.005060259335626042,0.027689353483687635,0.15386406402123504,-0.0009650667905719658,-0.008276364924449343,-0.008276364924449343,-0.10404415389434646
197,31 OPC-Oligo,0.0015577150882231236,0.008804086687640537,0.04736444481684936,0.0007985847205156678,0.0033686367900446156,0.002570052069528948,0.009945697028249514
197,33 Vascular,0.0033459335564779004,0.015785798660123248,0.10173765825008299,0.0009216729224071117,0.0025133892079287033,0.0015917162855215916,0.013230865323090183
197,34 Immune,0.0032513535747403363,0.014157353372268467,0.09886182533323203,0.0012978041366086082,0.004012287053567835,0.0027144829169592267,0.02192585762237794
198,01 IT-ET Glut,7.207890801782152e-05,0.0004805260534521434,0.0028642261220135127,0.001231843107267211,0.003734152185001073,0.002502309077733862,0.00016481356406503216
198,02 NP-CT-L6b Glut,0.00013667296378597289,0.0009072924182628834,0.005431023912737431,0.002426666774004986,0.006921322910240091,0.004494656136235105,0.0005613359862974148
198,03 OB-CR Glut,0.0005043295358098084,0.003360473647972901,0.020040728561151987,0.000499270859346181,0.0018532642615435506,0.0013539934021973695,0.00062398586569573
198,04 DG-IMN Glut,0.000103816262045857,0.0006921084136390467,0.0041253850511722935,0.00027520147978283817,0.0009067931631121744,0.0006315916833293362,5.991638346234972e-05
198,05 OB-IMN GABA,0.0021693203548751013,0.014281570565906862,0.08620308212650252,-0.0037786445938913955,-0.008641836657280582,-0.008641836657280582,-0.01713063830936426
198,06 CTX-CGE GABA,8.861291284689273e-05,0.0005907527523126184,0.0035212439630886616,0.000704013101939409,0.002769531887114541,0.002065518785175132,0.00016725147745132426
198,07 CTX-MGE GABA,8.040740231456565e-05,0.0005360493487637709,0.003195178568128221,0.00036693475597294236,0.0014208118596127607,0.0010538771036398182,7.74336626434906e-05
198,09 CNU-LGE GABA,0.00010594115092602623,0.0007062743395068415,0.004209822543419705,-0.003872138557623127,-0.005443524480417291,-0.005443524480417291,-0.0005269733687261333
198,11 CNU-HYa GABA,0.00013881940499201842,0.0009254626999467895,0.005516317837698138,0.0019154933698560792,0.007105102328319092,0.005189608958463012,0.0006583072139675937
198,12 HY GABA,0.00039091896120296913,0.0026061264080197944,0.015534090777167296,0.0029907527933154274,0.010247016238350184,0.007256263445034757,0.0025920512185819695
198,13 CNU-HYa Glut,0.00014779797214849058,0.0009853198143232706,0.005873102468528862,0.003557963637394191,0.012533219341810968,0.008975255704416776,0.0012121576505933524
198,14 HY Glut,0.0002478418887186152,0.0016522792581241013,0.009848584437787362,0.00021670533832372253,0.0002450393350436486,2.8333996719926064e-05,6.41691594314623e-06
198,16 HY MM Glut,0.00029891671697458667,0.001992778113163911,0.011878163704331429,0.0001306257231274346,0.0009388376785868058,0.0008082119554593712,0.00022075943568338954
198,19 MB Glut,0.0001903796457038736,0.0012691060758376462,0.0075651861178292175,-9.978906607496664e-05,-0.000468589293265047,-0.000468589293265047,-8.151859325599869e-05
198,20 MB GABA,0.0001593110799481776,0.0010620738663211838,0.006330603074632213,3.032249443850241e-05,-0.00012965479969253042,-0.00015997729413103282,-2.328885460505625e-05
198,21 MB Dopa,7.774783906448085e-05,0.0005183189270965391,0.0030894945234676585,0.00014497635037037532,0.00018307574652302378,3.809939615264846e-05,2.706762933208968e-06
198,22 MB-HB Sero,0.0002320721126552525,0.0015430884304554536,0.009221935036719591,-0.0003894567760585288,-0.001426214833053581,-0.001426214833053581,-0.0003024486886439389
198,23 P Glut,0.00015733234092007086,0.0010488822728004726,0.0062519731928983,2.8395639681772095e-06,7.277376521118343e-05,6.993420124300623e-05,1.005429039092067e-05
198,24 MY Glut,0.000193846988831374,0.0012722570911269187,0.007702969209067436,-0.0001336970861570595,-0.0007903833779814088,-0.0007903833779814088,-0.00014000406919603854
198,26 P GABA,0.00027837763409734945,0.0018541749847637494,0.011061994601372239,6.211169894001571e-06,6.95774770457912e-06,7.465778105775498e-07,1.8991235464519725e-07
198,30 Astro-Epen,0.018291805256330188,0.05763285890305396,0.72686820423266,-5.783837365860386e-05,-0.002303853114060368,-0.002303853114060368,-0.0385083718230401
198,31 OPC-Oligo,0.0005403119336115355,0.0034507375532643945,0.02147057435863419,0.0015664979845852137,0.005362417434643522,0.0037959194500583084,0.0018741543221524554
198,33 Vascular,0.0003833920399137599,0.0025116490759491267,0.015234990732955162,0.0023796001609782368,0.007205851955001964,0.004826251794023727,0.0016908180243898402
198,34 Immune,0.00017517830510019913,0.0011502430259886461,0.00696112484603659,0.0016385705397789412,0.005180147042933405,0.0035415765031544637,0.0005669186558972166
199,01 IT-ET Glut,1.9836992013081856e-05,0.00013224661342054568,0.0007052563575551829,0.00016359928162476816,0.001123478054601492,0.0009598787729767238,7.3621641172499016e-06
199,02 NP-CT-L6b Glut,2.5495259330795708e-05,0.00016996839553863808,0.0009064223909907351,0.00010611941824037777,0.0008858129435696839,0.0007796935253293061,7.685933986015283e-06
199,03 OB-CR Glut,0.0003839823498662246,0.00253713228937057,0.013651565381159886,0.0001508054381029343,8.95222805346199e-05,-6.128315756831441e-05,-9.098413788533057e-06
199,04 DG-IMN Glut,4.9458322295397815e-05,0.0003297221486359854,0.0017583712394419373,0.0006998067686453624,0.002674640266711884,0.0019748334980665217,3.776444912812733e-05
199,05 OB-IMN GABA,0.0022612419154447324,0.011002174480168617,0.08039299687099573,-0.0019313802331884869,-0.00769244467919531,-0.00769244467919531,-0.0067255018607656715
199,06 CTX-CGE GABA,5.534838336874024e-05,0.0003689892224582683,0.0019677781402272793,0.00012198016146756426,0.0013420644082266832,0.001220084246759119,2.611007074209054e-05
199,07 CTX-MGE GABA,6.30423113498723e-05,0.00042028207566581537,0.0022413171737504416,0.00027317216838148786,0.0016755371379115263,0.0014023649695300384,3.4182708430983966e-05
199,09 CNU-LGE GABA,7.102454372235599e-05,0.00047349695814904004,0.0025251061738399924,5.1923160414322346e-05,0.00030763711846572603,0.0002557139580514037,7.022248196538877e-06
199,11 CNU-HYa GABA,5.383951261573645e-05,0.0003589300841049097,0.0019141338835484828,-0.00029840935690740686,-0.0007780135943803104,-0.0007780135943803104,-1.6195769741870836e-05
199,12 HY GABA,0.00010777656307709747,0.0007185104205139831,0.0038317354897075104,-0.0005889624695786166,-0.0024304459245270025,-0.0024304459245270025,-0.00010127997402680416
199,13 CNU-HYa Glut,9.704811319508793e-05,0.0006469874213005861,0.0034503113564009263,-0.0004591562901034867,-0.0021751307766857647,-0.0021751307766857647,-8.161796422118213e-05
199,14 HY Glut,5.564297115686057e-05,0.0003709531410457371,0.0019782514977954514,-9.089174254836822e-05,-0.00015456890644929193,-0.00015456890644929193,-3.3254141055136274e-06
199,16 HY MM Glut,2.8683281914632504e-05,0.00019122187943088336,0.001019764836952183,-6.998542863609751e-05,0.00026219842871692736,0.00026219842871692736,2.9078514370944053e-06
199,19 MB Glut,6.58103302129263e-05,0.00043873553475284204,0.002339727401456039,0.00011917955138727604,0.00039329407716344065,0.00027411452577616463,6.974922853416139e-06
199,20 MB GABA,4.9411232678665904e-05,0.00032940821785777273,0.0017566970818099176,6.529227034843325e-05,0.00018656827335593583,0.00012127600300750258,2.316935010003706e-06
199,21 MB Dopa,0.0001354682166105782,0.0009021382330411409,0.004816245373707238,8.582894314668097e-05,7.73233308036858e-05,-8.505612342995172e-06,-4.455088000957861e-07
199,22 MB-HB Sero,4.179833359842113e-05,0.0002786555573228076,0.0014860388352255607,0.000435839324152324,0.001406589157539285,0.0009707498333869609,1.5688433488749412e-05
199,23 P Glut,8.065703436292636e-05,0.0005377135624195091,0.002867566122347964,0.00018477043614327962,0.0005489025036017525,0.0003641320674584729,1.1355714494184756e-05
199,24 MY Glut,9.145054657327133e-05,0.0006096703104884756,0.0032513033896551893,0.00024564054651280955,0.0003621172784479369,0.00011647673193512738,4.118497158548614e-06
199,26 P GABA,0.00011814865000984801,0.000787434610070869,0.004200489998738586,0.00016081284173564966,0.0004792942008399285,0.0003184813591042789,1.4548763022746439e-05
199,30 Astro-Epen,0.0003614035062679671,0.0024076624930972563,0.012848829110287067,-0.00015483883732523963,-0.0003787067984361997,-0.0003787067984361997,-5.2918649407999466e-05
199,31 OPC-Oligo,0.0001686900182072223,0.0011244473601969955,0.00599736632037188,-0.00012530065554832947,2.278666417750802e-05,2.278666417750802e-05,1.486221109002718e-06
199,33 Vascular,0.023176750037351836,0.11031107168151148,0.8239933907585557,0.0021154769225048796,0.01002992566565728,0.0079144487431524,0.0709229017460522
199,34 Immune,0.0005653410138478905,0.0037519221141325177,0.020099334815479125,-0.0003359704215245559,-0.00202317409549893,-0.00202317409549893,-0.00044223899812723995
200,01 IT-ET Glut,0.0007898956450313492,0.005162171556041251,0.0025229791786033433,0.0012683673829434574,0.002692949912927271,0.0014245825299838138,9.356966339470958e-06
200,02 NP-CT-L6b Glut,0.00136211963966739,0.008399845797998271,0.004350700641615923,0.0005376959504335083,-5.90729360775787e-05,-0.000596768886511087,-6.7592601338143255e-06
200,03 OB-CR Glut,0.001943675325888833,0.011701752529844515,0.006208228147640909,0.0013795999283839546,-0.001717952259200829,-0.0030975521875847836,-5.006337075385648e-05
200,04 DG-IMN Glut,0.0005124380901953113,0.003380147380939084,0.0016367613114701013,0.0024816773253530837,0.0032118010960677035,0.0007301237707146198,3.1111118536446987e-06
200,05 OB-IMN GABA,0.00019208340017925923,0.0012805560011950618,0.0006135271440677094,-7.433475267911353e-05,0.0009707253448833544,0.0009707253448833544,1.5504720340215235e-06
200,06 CTX-CGE GABA,0.0026248597791952663,0.012068964716502822,0.00838397655604266,0.0012192193479456971,0.00198320231139927,0.0007639829634535729,1.6675064246232343e-05
200,07 CTX-MGE GABA,0.0016530187287900054,0.009514422797348418,0.005279851662447173,0.0013387268252162113,0.0018272285821677985,0.0004885017569515873,6.714623062604062e-06
200,09 CNU-LGE GABA,0.0006534130802994354,0.0043226970844366455,0.0020870447976164283,4.054926795660838e-05,-0.0006349624742430745,-0.0006755117421996828,-3.670273772638857e-06
200,11 CNU-HYa GABA,0.004208811390285502,0.02195179528909955,0.013443223255063618,0.0010813835824376185,0.004725898988462906,0.0036445154060252877,0.00012754897945846226
200,12 HY GABA,0.00482057561619645,0.023758492417500214,0.015397238844206991,-0.001025916060922683,0.00014474600732208357,0.00014474600732208357,5.802073501286428e-06
200,13 CNU-HYa Glut,0.00045501926659958077,0.003033461777330539,0.0014533617734384956,-0.0005075980575652063,-0.0022917958356444535,-0.0022917958356444535,-8.67128470374704e-06
200,14 HY Glut,0.006161800124375182,0.026153492463761578,0.019681199047371742,0.003002696396917708,0.004045287668305011,0.001042591271387303,5.3419451549793086e-05
200,16 HY MM Glut,0.0011265115273868546,0.006852682745748488,0.0035981526748902195,-0.0006764352761420843,-0.002926532843704303,-0.002926532843704303,-2.741364447512002e-05
200,19 MB Glut,0.007530020467964453,0.03144401153643058,0.02405138574270444,-0.0046584432658268084,-0.004843779349896698,-0.004843779349896698,-0.0003032901051264713
200,20 MB GABA,0.004558774651713407,0.021458971886185993,0.01456102916703783,-0.004047283122016562,-0.004969151929148687,-0.004969151929148687,-0.0001883684367473975
200,21 MB Dopa,0.24898137461278672,0.4770592823907176,0.7952630552649383,-0.005172540870366986,-0.00420106160718231,-0.00420106160718231,-0.00869768438492763
200,22 MB-HB Sero,0.008433920869332182,0.034375479217644986,0.02693850368863447,-0.007220474640054678,-0.011347070011453067,-0.011347070011453067,-0.0007957762803088623
200,23 P Glut,0.0050308223860853945,0.023403039999028166,0.016068780998078926,-0.004064149462851468,-0.007471490996620237,-0.007471490996620237,-0.0003125532331781379
200,24 MY Glut,0.004310671534992943,0.020282809002387905,0.013768571325840992,0.0020896227919033907,0.004482380522323826,0.002392757730420435,8.576723182644962e-05
200,26 P GABA,0.006142160008117915,0.02926894915282032,0.01961846721096509,-0.0028576464113109815,-0.00708863119922328,-0.00708863119922328,-0.0003620439057153884
200,30 Astro-Epen,0.0005609864273148111,0.003314986455333136,0.00179182792625496,0.0005179324598950418,0.0012640451027540228,0.0007461126428589811,3.4804426877123595e-06
200,31 OPC-Oligo,0.0005000088762066478,0.003041899392372476,0.001597061576072068,0.00038305247341103004,0.0015987624017930625,0.0012157099283820324,5.054583916091519e-06
200,33 Vascular,0.0003054430359702829,0.0019914797962489713,0.0009756053535044258,0.0011619767085390789,0.0025983630320984444,0.0014363863235593655,3.6482049032316976e-06
200,34 Immune,0.00022212021028780203,0.0014412518176957774,0.0007094667114931106,0.00033882406619427423,0.0008162200684710061,0.00047739600227673186,8.81748211468107e-07
201,01 IT-ET Glut,0.000934325406437725,0.005850593431642985,0.0016092460890824926,0.0004875911797203838,0.0014351058856496282,0.0009475147059292443,3.375075698061868e-06
201,02 NP-CT-L6b Glut,0.001403650709110312,0.008251488129091458,0.002417593911617764,0.0003573690121189202,0.0006281159434012689,0.00027074693128234875,1.4488452208195433e-06
201,03 OB-CR Glut,0.0012169621978933935,0.007276404040245693,0.002096048811289292,-1.1936642419357262e-05,-0.0004863234525821541,-0.0004863234525821541,-2.256325241743326e-06
201,04 DG-IMN Glut,0.0009317178688453945,0.0054848732291642435,0.001604754966777907,-0.000619647679363307,-0.004475452369186488,-0.004475452369186488,-1.589720462127876e-05
201,05 OB-IMN GABA,0.00018161784228076206,0.0012107856152050803,0.00031281157547908086,-4.263554319776995e-05,-0.0008436403959346898,-0.0008436403959346898,-5.841377571114846e-07
201,06 CTX-CGE GABA,0.0016562350077832222,0.009521573922164689,0.0028526353779017243,0.0004977540611285295,0.001904116016980604,0.0014063619558520744,8.880112543110925e-06
201,07 CTX-MGE GABA,0.0011223531663650656,0.006898317336450578,0.001933097859800859,0.0003869268823620112,0.0007890078307635558,0.0004020809484015446,1.7204514910755265e-06
201,09 CNU-LGE GABA,0.0012303574418792182,0.007580143240764984,0.0021191202635349083,8.157463493734051e-05,0.00020108614646148167,0.00011951151152414116,5.605836666563964e-07
201,11 CNU-HYa GABA,0.008414354277173616,0.03160429028395334,0.014492559679312017,4.035962193334416e-05,-0.000498854327997066,-0.0005392139499304101,-1.7297419297343588e-05
201,12 HY GABA,0.005492708834500085,0.026243850719496614,0.009460430112982554,-0.0014867717521059873,-0.0036383400265919746,-0.0036383400265919746,-7.618847178458629e-05
201,13 CNU-HYa Glut,0.013190868329851422,0.03199762056681656,0.022719443488482687,0.0066218874674745356,0.014275003035078282,0.007653115567603746,0.00038486733893229033
201,14 HY Glut,0.02491211915626003,0.09015395197233099,0.04290767439988326,0.005497092293164756,0.03002250695319715,0.024525414660032396,0.0023293053898279957
201,16 HY MM Glut,0.46830649983466804,0.5503877113977662,0.8065930757723445,-0.010598360252372934,-0.0018816578610832645,-0.0018816578610832645,-0.0033594659605768614
201,19 MB Glut,0.007738305929268761,0.032594904101302204,0.013328160046806592,0.0004695183395155259,0.00021426331985122696,-0.00025525501966429897,-7.530426723878505e-06
201,20 MB GABA,0.008080106414100136,0.028512406887165193,0.013916864035450673,0.0007580090687623684,0.001080809775969663,0.0003228007072072945,9.943767428494152e-06
201,21 MB Dopa,0.006616856182174475,0.025205285819834868,0.011396618201557287,0.0008093412471151894,0.002354801370472446,0.0015454601233572565,3.8986019820263306e-05
201,22 MB-HB Sero,0.00564908894796483,0.02188599636147762,0.009729773196526532,0.00024697575542125607,-0.0008025601892110934,-0.0010495359446323494,-2.260347076210821e-05
201,23 P Glut,0.007746932586902758,0.03119597073719398,0.0133430182696096,0.0007159785185914958,0.003235135372053375,0.002519156853461879,7.440196169774182e-05
201,24 MY Glut,0.010426689975833934,0.03082763615867643,0.017958529169895536,-0.0034235072843761104,-0.008730771444470485,-0.008730771444470485,-0.0003470551394338242
201,26 P GABA,0.003571457780094614,0.01884313918753516,0.0061513413050098545,0.0008492978395633889,0.001964452720151945,0.0011151548805885558,1.5183787258464192e-05
201,30 Astro-Epen,0.0005242571456395874,0.0033932953788248666,0.0009029603128428773,0.00014041785256315573,0.00022564967915302914,8.523182658987341e-05,1.703513402269116e-07
201,31 OPC-Oligo,0.0006388285382017388,0.004129976675763955,0.0011002936660097712,0.0003489848218286318,0.0013408305699169662,0.0009918457480883344,2.4156157086649645e-06
201,33 Vascular,0.00035343854608536093,0.0023045220595661197,0.0006087489370404691,5.869263948930682e-05,0.0002795340966862519,0.00022084145719694507,2.975732692723703e-07
201,34 Immune,0.0002584826449843762,0.0016893171212757005,0.0004452005507617871,-0.00011660387529391429,-0.0009168353703653427,-0.0009168353703653427,-9.034875008734913e-07
202,01 IT-ET Glut,0.0008759030100896007,0.005264972069442502,0.006709759514086536,0.0002565351282825813,0.00016105040135045126,-9.548472693213003e-05,-3.3559536551311167e-06
202,02 NP-CT-L6b Glut,0.0008828082531926044,0.005330289065150065,0.006762656376037861,0.0005024086200767084,0.0008557554041705152,0.00035334678409380685,1.2516806923214508e-05
202,03 OB-CR Glut,0.0006948064106002133,0.0043722186405810515,0.005322488757626485,0.0011692563796410359,0.005114611725167742,0.0039453553455267056,0.0001099957656475531
202,04 DG-IMN Glut,0.0008863689586362354,0.005594493511249044,0.006789932771885409,0.0005064613369984805,0.0006266712499499455,0.000120209912951465,4.275440298591822e-06
202,05 OB-IMN GABA,0.0007796401287286231,0.004787470542817623,0.005972348206413178,-0.00029473623029383877,0.0002445889897261229,0.0002445889897261229,7.651685532287519e-06
202,06 CTX-CGE GABA,0.0009735427669139507,0.006302870651246344,0.007457718226134187,0.0004379008052386844,0.0012698085687571155,0.0008319077635184311,3.2497970277761515e-05
202,07 CTX-MGE GABA,0.001115502617898471,0.006944826241855949,0.008545186187528971,0.0007264019840546236,0.0024889437402132383,0.0017625417561586147,7.889255729102821e-05
202,09 CNU-LGE GABA,0.09564975569501538,0.2561977638542347,0.7327145253548456,-0.007029824830373319,-0.019193484832072793,-0.019193484832072793,-0.0736654293410188
202,11 CNU-HYa GABA,0.005392197903563736,0.025045318711921297,0.04130634415969546,-0.00012777467982242276,-0.0010922764254110314,-0.0010922764254110314,-0.00023633302238283246
202,12 HY GABA,0.002408656338181168,0.013383847449019277,0.01845124927658678,0.0009152541408366328,0.004112927882802882,0.0031976737419662487,0.00030905446073761815
202,13 CNU-HYa Glut,7.99346412191116e-05,0.0005328976081274107,0.0006123306042414018,0.0004313433626095377,0.0022236807743924664,0.0017923374117829287,5.748847992311944e-06
202,14 HY Glut,0.0016220589444826726,0.01003719897598254,0.012425605700382779,-0.0003969994584608406,-0.0013830022166666,-0.0013830022166666,-9.001513429540265e-05
202,16 HY MM Glut,0.002919478139845553,0.01433296465159984,0.02236434399625194,-0.0003719795414153751,-0.0017353570651393794,-0.0017353570651393794,-0.00020329191244025896
202,19 MB Glut,0.0018934512283924844,0.010569831694356548,0.014504576702922496,4.5242051050607065e-05,-0.0006388604389102233,-0.0006841024899608303,-5.1975816395503334e-05
202,20 MB GABA,0.002354018584353239,0.01230996875038609,0.018032702720230314,1.4282567364993542e-05,-0.0005332540197212073,-0.0005475365870862009,-5.1718873540709204e-05
202,21 MB Dopa,0.001966907565902986,0.011075324109655704,0.01506728096789656,0.00022939873271081917,0.0008704332307176407,0.0006410344980068215,5.059311021763332e-05
202,22 MB-HB Sero,0.001924246677765572,0.010311908766955712,0.014740481885392995,-0.0009672470918927858,-0.004674088334709822,-0.004674088334709822,-0.0003608973446092817
202,23 P Glut,0.0016163815890685733,0.009542735407106541,0.01238211493820272,0.00013929434691729078,0.0003200845585374871,0.0001807902116201963,1.1725863482900738e-05
202,24 MY Glut,0.002580075132741443,0.012186786936903919,0.01976438426350319,0.0014089028340146432,0.003901307730451403,0.00249240489643676,0.0002580340233980177
202,26 P GABA,0.0011726796869790275,0.007443282075443678,0.008983184891531142,0.0004392336999799817,0.0020928831578090703,0.0016536494578290885,7.781241254803395e-05
202,30 Astro-Epen,0.00046738424138180397,0.00279208764204796,0.0035803460248696665,0.0002912596090407584,0.0005217303919192406,0.00023047078287848224,4.322310559385454e-06
202,31 OPC-Oligo,0.0006498324224607172,0.003497452044719185,0.004977970424741055,0.00045972202554678656,0.0015241148340775627,0.0010643928085307761,2.7754239594720375e-05
202,33 Vascular,0.0009772035995278172,0.004369682902441724,0.00748576163525303,0.0003232623819424505,0.00031446687245086937,-8.795509491581113e-06,-3.448832362198532e-07
202,34 Immune,0.0006588053311826224,0.002714835641662691,0.005046706413740196,0.0003420832930821718,0.0003856717277344327,4.358843465226091e-05,1.1522703935667311e-06
203,01 IT-ET Glut,4.0222646798203276e-05,0.0002681509786546886,0.00185284671713661,0.00025019170853725104,0.001214547207084385,0.000964355498547134,4.0576696939072126e-05
203,02 NP-CT-L6b Glut,7.22355006091597e-05,0.00048157000406106476,0.003327511260904386,0.00029229180674659625,0.001355180818166755,0.0010628890114201587,8.031700195496868e-05
203,03 OB-CR Glut,0.00038433997759381366,0.002562266517292091,0.017704530219549503,-0.0006597653354863716,-0.0017934158654383792,-0.0017934158654383792,-0.0007210501188347812
203,04 DG-IMN Glut,0.0001420961195243733,0.0009313455474909972,0.00654562415793948,0.0002917339779479876,0.0014810446705440304,0.0011893106925960429,0.0001767854125477032
203,05 OB-IMN GABA,0.0005353904653769568,0.0035588922707057795,0.02466263523474164,-0.0006668670316022821,-0.0018602204540499089,-0.0018602204540499089,-0.00104184696970906
203,06 CTX-CGE GABA,0.00012445448251918623,0.0008252738504354399,0.005732966319335066,-8.899607687778818e-05,0.0007251360265911978,0.0007251360265911978,9.440585084314727e-05
203,07 CTX-MGE GABA,6.211783148531178e-05,0.00041411887656874526,0.002861443224276984,0.0003247819796376451,0.001302499056095313,0.0009777170764576678,6.35328549614685e-05
203,09 CNU-LGE GABA,8.667334622965779e-05,0.0005778223081977187,0.003992587206668851,-6.85602324729734e-05,0.00030047364845658253,0.00030047364845658253,2.724337065032487e-05
203,11 CNU-HYa GABA,0.00011268499094024713,0.0007512332729349811,0.005190807471763196,0.0009918131708478856,0.0033714101793273646,0.002379597008479479,0.000280503557275908
203,12 HY GABA,0.0003835527471794151,0.0025570183145294336,0.017668266636591712,0.001060285139478078,0.004087454033217653,0.0030271688937395756,0.001214592610639395
203,13 CNU-HYa Glut,1.5344425063969673e-05,0.00010229616709313116,0.0007068373135353916,0.0011604662142606838,0.003414211863170556,0.0022537456489098726,3.617632167806928e-05
203,14 HY Glut,0.00021926810595652126,0.001461787373043475,0.01010053347141866,0.0007065431649281619,0.002586971671839949,0.0018804285069117872,0.0004313215690500282
203,16 HY MM Glut,0.00013162770637224872,0.0008775180424816581,0.006063399180556585,0.0004064316759328076,0.001257941511297282,0.0008515098353644743,0.00011724811444516075
203,19 MB Glut,0.00014980631050680603,0.0009987087367120402,0.006900792283049907,-9.411196134901872e-06,-0.00013217617470896606,-0.00013217617470896606,-2.0713437196114448e-05
203,20 MB GABA,0.0004291469844685072,0.0028532978966362417,0.019768554399982152,0.00016550639276139762,0.0010523340307645515,0.000886827638003154,0.0003981201595739685
203,21 MB Dopa,8.619237138775027e-05,0.0005746158092516683,0.003970431214266743,-6.63187517499363e-05,-7.171193345513799e-05,-7.171193345513799e-05,-6.465902420397839e-06
203,22 MB-HB Sero,0.00010802302374670278,0.0007201534916446853,0.0049760550549644315,8.269734661413728e-05,0.0001912881820116657,0.00010859083539752843,1.2270955715814374e-05
203,23 P Glut,0.0001711204676652151,0.0011408031177681007,0.007882623894421044,9.001339025738647e-05,-0.00016986577985871428,-0.00025987917011610075,-4.652027941482299e-05
203,24 MY Glut,0.00016994526917414542,0.0011329684611609695,0.0078284886537173,0.0001113461226181865,0.0008759044160256328,0.0007645582934074464,0.00013592162808791206
203,26 P GABA,0.0002143290652294648,0.0014288604348630986,0.009873017727791878,0.0002910174741414173,0.0011244007845605665,0.0008333833104191492,0.00018685071049860154
203,30 Astro-Epen,0.016917940150177335,0.05590554752334772,0.7793209140421348,0.010208293979663493,0.01906927814487644,0.008860984165212946,0.15681887341188827
203,31 OPC-Oligo,0.0004962435701012057,0.003254931519166355,0.022859342757206174,-0.00043814067398890755,-5.7233742047956114e-05,-5.7233742047956114e-05,-2.9710907637659857e-05
203,33 Vascular,0.0004345751780767934,0.0028715193125267617,0.020018602855459335,0.0006263435965787849,0.0033751819068366493,0.0027488383102578645,0.0012496344707321786
203,34 Immune,0.0002212361011015157,0.0014744009045049849,0.010191188702588247,-0.00022665897206431215,5.228589196197249e-05,5.228589196197249e-05,1.2100669578231893e-05
204,01 IT-ET Glut,7.469604144725816e-05,0.0004979736096483877,0.00476499287686504,0.00025674104701598643,0.00161416351107311,0.0013574224640571237,0.00018147085216435848
204,02 NP-CT-L6b Glut,0.00010816423938079442,0.0007210949292052963,0.006899988542832333,0.00020133187069783505,0.0013208337428073733,0.0011195018721095382,0.00021672189255254602
204,03 OB-CR Glut,0.0007705479646166952,0.004075607892648956,0.04915462039944797,-0.00039768126212679335,-0.0012596391335396744,-0.0012596391335396744,-0.0017371610447216618
204,04 DG-IMN Glut,0.0001930628788653817,0.0012830094930484435,0.012315823231812906,4.221772207293141e-05,0.00013579579990380657,9.357807783087516e-05,3.233457506174317e-05
204,05 OB-IMN GABA,0.0005998656991561531,0.003947343147278189,0.03826649616463252,-0.00023644467474563687,-0.0017026245611107614,-0.0017026245611107614,-0.0018279620832029877
204,06 CTX-CGE GABA,0.00015249692129183613,0.001015817837060539,0.00972804889818054,7.691893284309223e-05,0.0005350229607713448,0.00045810402792825257,0.00012503150134119211
204,07 CTX-MGE GABA,0.00013292250473733008,0.0008861500315822004,0.008479362172032295,0.00021927576412188518,0.0013767916830731237,0.0011575159189512385,0.0002753719808115608
204,09 CNU-LGE GABA,9.810277527964233e-05,0.0006540185018642823,0.006258149914654496,-0.00035849185762826995,-0.0023562677724677226,-0.0023562677724677226,-0.00041371397999799087
204,11 CNU-HYa GABA,0.0002049123090941372,0.0013660820606275815,0.013071719388301957,0.0001232299671082438,0.0007699714165164807,0.0006467414494082369,0.00023718815814545216
204,12 HY GABA,0.00035284514818102557,0.0023515668456885,0.02250861739314689,-7.530239135449774e-05,-0.0004961924372570213,-0.0004961924372570213,-0.0003133491712787735
204,13 CNU-HYa Glut,7.682861353645355e-05,0.0005121907569096905,0.004901033430253565,0.00024230830158563483,0.0016058728158274162,0.0013635645142417814,0.00018749640546034734
204,14 HY Glut,0.00032739112315522697,0.0021826074877015133,0.020884860021464554,3.508148648996351e-05,0.00023517493943219894,0.00020009345294223543,0.00011724492100080518
204,16 HY MM Glut,0.0005521389066049415,0.003419169196701182,0.03522191947574981,-0.0003136644310579592,-0.0016294685249543177,-0.0016294685249543177,-0.0016102324951758435
204,19 MB Glut,0.0002136154073273865,0.0014239739296109475,0.013626905450168049,-0.00012284569845249954,-0.0008286580538469389,-0.0008286580538469389,-0.00031681241282811027
204,20 MB GABA,0.00031576903118145307,0.0020936806282545765,0.02014346617520022,6.792819487286213e-05,0.00041410094463409033,0.0003461727497612282,0.00019563955767095962
204,21 MB Dopa,0.00011743438291578953,0.0007828958861052636,0.007491347429540641,-0.00017580720719154584,-0.001197591963836985,-0.001197591963836985,-0.00025170880215252177
204,22 MB-HB Sero,0.00011864985446217182,0.0007909990297478121,0.007568884513813483,-8.983742551400477e-05,-0.0006253305070899331,-0.0006253305070899331,-0.00013279174749132954
204,23 P Glut,0.00018494199494583976,0.0012328599776280072,0.011797777652947955,-1.5211300206027332e-05,-0.00013659285792166198,-0.00013659285792166198,-4.521242377674257e-05
204,24 MY Glut,0.0003370760892891684,0.002202141559708931,0.021502681177000556,0.00035124039784451737,0.002220878268466378,0.0018696378706218606,0.001127923649643823
204,26 P GABA,0.00022726657751590695,0.001515110516772713,0.014497737792134946,2.172651442256957e-06,-2.5670056158243227e-05,-2.7842707600500182e-05,-1.1325080510239154e-05
204,30 Astro-Epen,0.000437095302443454,0.0029092760004938495,0.027883084060416154,-9.81195049524603e-05,-0.0005956856600285015,-0.0005956856600285015,-0.00046600174639069476
204,31 OPC-Oligo,0.009128063810083922,0.059377810147973026,0.582295369230922,-0.0084090240555752,-0.05521827595885156,-0.05521827595885156,-0.9021022582219366
204,33 Vascular,0.0005207971029951396,0.0034476470350589313,0.033222570272562674,0.00014943354776125742,0.0009605686787247095,0.0008111351309634522,0.0007560595979227857
204,34 Immune,0.0004313180727082936,0.002870233811836891,0.027514544335918305,-2.0840590977763668e-05,-0.0001603568373863528,-0.0001603568373863528,-0.00012378824279780237
205,01 IT-ET Glut,0.001307028453967044,0.007710591813545209,0.013825670371080123,5.816964100927977e-05,0.00019327780599264516,0.0001351081649833654,6.775080231571462e-05
205,02 NP-CT-L6b Glut,0.0016643778757712009,0.0089571229002394,0.01760569160792836,-0.0003822118096046616,-0.0016506333382267431,-0.0016506333382267431,-0.0010540236397236257
205,03 OB-CR Glut,0.006059094594005565,0.026511677389500315,0.06409274744528762,-0.006272351828541681,-0.01901491788328161,-0.01901491788328161,-0.04420282151591307
205,04 DG-IMN Glut,0.002083250667492552,0.012029385243127718,0.022036503445403113,0.0008649208728029941,0.004322325301953428,0.003457404429150434,0.002763373054300018
205,05 OB-IMN GABA,0.009912808364929849,0.037756510347475916,0.10485710581834164,0.0013310274761704473,0.006036008232748964,0.004704980756578517,0.017893791258615375
205,06 CTX-CGE GABA,0.0025226816340893467,0.013110270365328212,0.026684778451637668,0.00016328749199911308,0.000995627185940972,0.0008323396939418589,0.0008055840458368886
205,07 CTX-MGE GABA,0.002498978524877126,0.012548875519483818,0.026434048351812203,-0.00033140027380333073,-0.001203700436593429,-0.001203700436593429,-0.001154060952159354
205,09 CNU-LGE GABA,0.0014348178522320372,0.008345890967676064,0.015177419135208424,-0.0010557739489533314,-0.004153957789450747,-0.004153957789450747,-0.0022866866458949617
205,11 CNU-HYa GABA,0.0032084379151465356,0.016690208859941245,0.03393866819521438,-0.002349016899813363,-0.008853379080281248,-0.008853379080281248,-0.010898092876210417
205,12 HY GABA,0.003992909294702788,0.021221541372913596,0.04223676046426356,-0.0017551240963183594,-0.006159697742914173,-0.006159697742914173,-0.009436189441341213
205,13 CNU-HYa Glut,0.012239642699611652,0.04301292771436356,0.12947022301696176,-0.0011495455357002833,0.0008573033149179496,0.0008573033149179496,0.0040257893613008635
205,14 HY Glut,0.004052379587305038,0.021805211193338347,0.04286583373339923,-0.00034931647292232886,-0.0035277092196002043,-0.0035277092196002043,-0.0054846725480429395
205,16 HY MM Glut,0.0017820935674601886,0.009579481186722097,0.01885088129439304,-0.0012128078443075741,-0.004396590322477125,-0.004396590322477125,-0.003006036897512611
205,19 MB Glut,0.003106182305021853,0.015813092949066625,0.032857014345302714,-0.0010748685737844408,-0.0038752406427292364,-0.0038752406427292364,-0.004618207289025778
205,20 MB GABA,0.0023593770075881044,0.013573629007626837,0.024957351685046814,-0.000636350943338039,-0.002554866456595751,-0.002554866456595751,-0.002312668324149168
205,21 MB Dopa,0.002734139925817319,0.014781269774890788,0.02892157186634045,-0.0006046311620168726,-0.0028167642997121546,-0.0028167642997121546,-0.0029547384886184584
205,22 MB-HB Sero,0.002354055327519607,0.013439118145326197,0.024901059265226816,-0.00043150393249504236,-0.0023153056374161387,-0.0023153056374161387,-0.0020910903598568274
205,23 P Glut,0.0027423448602615485,0.014554899642639235,0.02900836318193724,-0.001291700090854795,-0.005139854022474136,-0.005139854022474136,-0.0054078004499733675
205,24 MY Glut,0.0049097863320023,0.023625450728129174,0.051935432019607694,0.00025580489147581704,0.004623948555174173,0.004368143663698356,0.008228246823285773
205,26 P GABA,0.004009127332422457,0.020185589795764767,0.04240831391659838,-0.001060689891458418,-0.003443390046690608,-0.003443390046690608,-0.005296437776891126
205,30 Astro-Epen,0.0021295183975524293,0.01155520769408384,0.022525920781869227,0.0003681055159372307,0.000886840871171016,0.0005187353552337853,0.00042381375743626295
205,31 OPC-Oligo,0.001792058957721326,0.010500502053913736,0.018956294608427238,0.00041970070215890243,0.002123970291701591,0.0017042695895426885,0.0011717592566680686
205,33 Vascular,0.005199443600647297,0.0259566790397146,0.054999409628295706,-0.0006656647942646824,-0.0011965492283249318,-0.0011965492283249318,-0.002386905622672805
205,34 Immune,0.01044181787158402,0.058084222993802954,0.1104529373704164,0.0001876346980641281,0.0035842097043026267,0.0033965750062384986,0.013607085954684647
206,01 IT-ET Glut,0.0009464303218736822,0.005943441088794285,0.004426791411544873,-0.0008240909106005082,-0.0007840331959330298,-0.0007840331959330298,-3.34272045445408e-05
206,02 NP-CT-L6b Glut,0.0014694164110474034,0.008274233485047792,0.006872983460134657,-0.0008305790580713042,-0.0007708006001942518,-0.0007708006001942518,-5.1022753490742165e-05
206,03 OB-CR Glut,0.002934571520025949,0.016468814621380824,0.013726035294068798,0.006672062375498212,0.003873907703942126,-0.0027981546715560857,-0.00036990770482512155
206,04 DG-IMN Glut,0.0015556500864027582,0.008355387099640687,0.007276329046837005,-0.0003310948503126133,0.0013126860339434752,0.0013126860339434752,9.199193287449821e-05
206,05 OB-IMN GABA,0.0021828519801711066,0.009138434507841218,0.010209975499691226,-0.002282586184976827,-0.005337397390230171,-0.005337397390230171,-0.0005248446661647073
206,06 CTX-CGE GABA,0.0017244238928163234,0.010267819705182578,0.008065744199181442,0.001601160041869231,0.000571166952507622,-0.0010299930893616091,-8.001203281824131e-05
206,07 CTX-MGE GABA,0.0026355863497626426,0.014959055738288391,0.012327575256059221,0.0005419954078505519,0.0021970848057323773,0.0016550893978818254,0.00019650593340381074
206,09 CNU-LGE GABA,0.0013241095428435086,0.007801217187920352,0.006193331528727775,-0.0004067675693679958,0.0016219780542626116,0.0016219780542626116,9.674885886281656e-05
206,11 CNU-HYa GABA,0.006504921482223204,0.0306450868863269,0.03042583260991796,-0.0012885253635379842,-0.006648804014528691,-0.006648804014528691,-0.0019483301547124343
206,12 HY GABA,0.021799237187277668,0.08191865744443849,0.10196278978871318,0.00521664014505234,0.01874730542863189,0.01353066528357955,0.013287320464515745
206,13 CNU-HYa Glut,0.03952121314015134,0.08878886428233351,0.18485477785231696,0.026150592791395595,0.03920827017884041,0.013057677387444816,0.023247334442734864
206,14 HY Glut,0.07007976932643423,0.20563499471459723,0.3277880196855214,-0.0518434878740616,-0.02631541799310191,-0.02631541799310191,-0.08307682650095138
206,16 HY MM Glut,0.0028557463982632897,0.014708759662831035,0.013357342148923042,-0.00031098076759877803,0.0006291698572103438,0.0006291698572103438,8.094024368572647e-05
206,19 MB Glut,0.013194175524205733,0.043493292406511314,0.06171385419830735,0.0014686762682915087,0.0011124895354572219,-0.00035618673283428683,-0.000211707848266646
206,20 MB GABA,0.004941595039380065,0.02417292375468892,0.023113598512305572,0.002180472653165029,0.006991010754895903,0.004810538101730874,0.0010708725174960953
206,21 MB Dopa,0.015749252447304667,0.05254246415934547,0.07366485821582285,0.0016789257067018123,0.00442449414272242,0.002745568436020608,0.0019479113125557106
206,22 MB-HB Sero,0.0024029644160863304,0.013303285890316995,0.011239519691549633,0.001874568435701394,0.009151300724819315,0.007276732289117921,0.0007876997346065243
206,23 P Glut,0.0057741101988138714,0.026415638791950403,0.027007568171335962,0.0008789975947485936,0.0023943326997587773,0.0015153351050101837,0.00039415833479939
206,24 MY Glut,0.00724019560017584,0.025489450011082805,0.03386497131380068,0.003254423146996338,0.006743125169010523,0.0034887020220141845,0.0011378660456283708
206,26 P GABA,0.005974893087718847,0.030307093187026422,0.027946701193226127,0.001858080951931717,0.006009938482023948,0.004151857530092231,0.0011175051749555702
206,30 Astro-Epen,0.0007135453607024127,0.00427979973601938,0.00333750557384056,-0.0006273059547592248,-0.0007520620781219519,-0.0007520620781219519,-2.417420714438657e-05
206,31 OPC-Oligo,0.0007711560048782732,0.004983821251133767,0.0036069710579412534,-0.0007467351703214646,-0.0024725986250017295,-0.0024725986250017295,-8.589597823764683e-05
206,33 Vascular,0.0008133220564816751,0.00513535582697176,0.003804196686476864,-0.0007979562457184642,-0.0018226288160052245,-0.0018226288160052245,-6.677866679001944e-05
206,34 Immune,0.0006868683290983813,0.004261475028392491,0.003212727603755617,-0.001053821069810733,-0.003201248426249842,-0.003201248426249842,-9.905350139615576e-05
207,01 IT-ET Glut,0.044473666369116545,0.17252287998664367,0.5372927396416133,-0.0031697408400705586,4.918203079683093e-06,4.918203079683093e-06,2.666241931665616e-05
207,02 NP-CT-L6b Glut,0.003907589744479891,0.018458773909768796,0.047208151938312494,0.001623601840045152,0.004233030773092189,0.0026094289330470368,0.0012429240676237886
207,03 OB-CR Glut,0.0009176614437293863,0.006102370020676598,0.011086399467780925,0.003392587588752967,0.011681412833307757,0.00828882524455479,0.0009271833653015529
207,04 DG-IMN Glut,0.003849649110284308,0.017003850759095142,0.04650816282958599,3.835905384576556e-05,0.0014919062840578338,0.0014535472302120683,0.0006820880752792057
207,05 OB-IMN GABA,0.00018025518696135364,0.0011821767969654963,0.002177688757055826,-0.0021059120911955994,-0.008033404898786598,-0.008033404898786598,-0.00017651336346205973
207,06 CTX-CGE GABA,0.0011275225359629643,0.006753045998442211,0.013621761411060265,0.0006971087544893653,0.0020833196406282776,0.0013862108861389124,0.00019052181015353372
207,07 CTX-MGE GABA,0.0025525051466875736,0.013432651099196393,0.030837180632479696,0.0009912512116991054,0.002041090862759367,0.0010498396510602618,0.00032664781762593593
207,09 CNU-LGE GABA,0.0025929923178606516,0.01505392276851387,0.031326311952109956,-0.00039170452391679996,-0.0022096004384730573,-0.0022096004384730573,-0.0006984014631932524
207,11 CNU-HYa GABA,0.0032144045053955723,0.018187167288379193,0.03883368168223814,0.0009217187314902725,0.003513541004721441,0.0025918222732311683,0.0010155373690231648
207,12 HY GABA,0.00133613722728152,0.008860437085969768,0.016142065406187414,-0.00018240649565351845,-0.0012581054748118247,-0.0012581054748118247,-0.00020490770053470636
207,13 CNU-HYa Glut,0.0007072920556481743,0.004594152862284607,0.008544896729491408,0.0005096456592119111,0.0027371370699059427,0.0022274914106940316,0.00019204587407245567
207,14 HY Glut,0.0018638104254972635,0.011684304908246918,0.022516960966893144,0.0005375784065471034,0.003069924083860548,0.002532345677313445,0.0005753271755816214
207,16 HY MM Glut,0.0022587444607619876,0.013739355456323522,0.02728821566903423,0.0006630319671227754,0.002976328498381624,0.002313296531258849,0.000636925402506399
207,19 MB Glut,0.0014457398570322643,0.009275644668961037,0.01746619049005044,-0.00044417866691986985,-0.002167127853220838,-0.002167127853220838,-0.0003819133600774124
207,20 MB GABA,0.001450198504028338,0.009362532050716969,0.017520056043650915,5.895969535548619e-05,0.0006995394533995225,0.0006405797580440362,0.00011323764451678195
207,21 MB Dopa,0.0010475840552368575,0.006859941249039005,0.012656013164544124,-3.732607540643579e-05,0.00029010445137568267,0.00029010445137568267,3.704532722974881e-05
207,22 MB-HB Sero,0.0007674623844077227,0.00506636927009496,0.00927182309791882,6.43096465471735e-05,0.001090290462578673,0.0010259808160314994,9.598127218699298e-05
207,23 P Glut,0.0013131827362606377,0.008338702199264613,0.015864748909154618,0.00019576301450017426,0.0014683019121200162,0.0012725388976198419,0.00020369782600910391
207,24 MY Glut,0.005411088054294664,0.022484570698946413,0.06537213057731853,-0.0007060885822699896,0.0014348675497039731,0.0014348675497039731,0.0009464258159937795
207,26 P GABA,0.0009788906688424695,0.006498845154585481,0.011826118514870476,-5.003137379152337e-05,0.00029583002842848625,0.00029583002842848625,3.5299341756716224e-05
207,30 Astro-Epen,0.0002661002280594557,0.0017608830976386157,0.0032147950062558148,-0.00021711240959786378,-0.0012051027146827839,-0.0012051027146827839,-3.9089442327246145e-05
207,31 OPC-Oligo,0.0005071875377726171,0.003010157895866518,0.006127405359841641,-3.447107899271938e-05,-9.569566796335491e-05,-9.569566796335491e-05,-5.916311269848354e-06
207,33 Vascular,0.0003931395339226452,0.0024444135647838493,0.004749575074147885,-1.2842332362521221e-05,-0.0008852288591561799,-0.0008852288591561799,-4.242212754213187e-05
207,34 Immune,0.00021081834725238558,0.0013407738668413088,0.0025469266784042145,-0.00023504785163774486,-0.0016398796418689626,-0.0016398796418689626,-4.214155353786572e-05
208,01 IT-ET Glut,0.03162596389166275,0.12661936120246264,0.29621426330299305,0.00295829033318115,0.013818902581019601,0.010860612247838452,0.04279800460508689
208,02 NP-CT-L6b Glut,0.0018607488020773281,0.009834730408670974,0.017428096025385174,-0.00010741639496198386,-0.0006911208385740513,-0.0006911208385740513,-0.00016023861328019084
208,03 OB-CR Glut,0.0011922344847883238,0.007745776729596488,0.01116667497647704,-0.001141718681754141,-0.0030065988176963864,-0.0030065988176963864,-0.0004466451306293952
208,04 DG-IMN Glut,0.0396060600869968,0.08983903036249306,0.37095722840866824,0.008367587416319365,0.015402751092438662,0.0070351636761192965,0.034718526894737464
208,05 OB-IMN GABA,0.00012435152546123526,0.0008290101697415685,0.0011646979561250167,-0.0004932456900585419,-0.0013740346578712947,-0.0013740346578712947,-2.1289930631446155e-05
208,06 CTX-CGE GABA,0.0016697197843170226,0.009557410011985911,0.015638885111238763,-0.00015147140856918055,-0.00016003005126483585,-0.00016003005126483585,-3.329435296432213e-05
208,07 CTX-MGE GABA,0.0010736930623094323,0.006745626376788666,0.010056395452641548,-0.0004034258783327236,-0.0006170219262072389,-0.0006170219262072389,-8.254792976214207e-05
208,09 CNU-LGE GABA,0.003480972059936797,0.018728552091075035,0.032603388084696545,-1.3809242813489555e-05,-0.0004814365357899571,-0.0004814365357899571,-0.000208816602160881
208,11 CNU-HYa GABA,0.004047668116383463,0.02012999452900846,0.037911161642273795,0.0001475171523964107,-0.0022330741610700868,-0.0023805913134664976,-0.0012006465637899172
208,12 HY GABA,0.0038317294307290512,0.02087825544894996,0.03588864245807273,-0.00047591087933343215,-0.0028537568444857017,-0.0028537568444857017,-0.0013625022956982144
208,13 CNU-HYa Glut,0.0009420103921337381,0.005924460506131998,0.008823032723540757,0.0005217473976871739,0.00015642206513771854,-0.00036532533254945537,-4.2880606963342796e-05
208,14 HY Glut,0.002464212950811441,0.014119778176905587,0.023080245912717668,0.0006209406532447195,0.0014491626211696497,0.0008282219679249302,0.000254302379099144
208,16 HY MM Glut,0.0027008411209386318,0.015124249102464581,0.025296546397062396,0.00016181820849902164,-0.00012675919102762143,-0.00028857739952664304,-9.71151073572705e-05
208,19 MB Glut,0.002056712327488495,0.011643736475597825,0.019263524394075263,-0.00013006585196549802,-0.0010437399869429635,-0.0010437399869429635,-0.00026748000037030145
208,20 MB GABA,0.0015145480854767781,0.009631854284391785,0.014185520065515872,0.0007330366130309038,0.0026461123967177393,0.0019130757836868357,0.00036102783124713215
208,21 MB Dopa,0.0013788683763640052,0.008560069258723036,0.01291472037644776,0.0002702486196092976,-1.1731212010120404e-05,-0.000281979831619418,-4.844693427943256e-05
208,22 MB-HB Sero,0.0014213814994543034,0.008460334577690647,0.013312905661172691,-0.00028012514570217644,-0.0016471378271410866,-0.0016471378271410866,-0.00029171989012155813
208,23 P Glut,0.0013950130446148989,0.008666132391971811,0.013065934139563147,0.0005771940990647445,0.002054714095941227,0.0014775199968764827,0.0002568248705560589
208,24 MY Glut,0.0014992770058772859,0.008816953387182542,0.014042488485232641,0.001407818738631772,0.008211831936355577,0.0068040131977238055,0.0012710787831885346
208,26 P GABA,0.0014512365189072742,0.00893914319495031,0.013592532951694249,0.0006173553679981871,0.0026869112389658993,0.0020695558709677123,0.0003742318923388374
208,30 Astro-Epen,0.0003643350169485043,0.002314963216227601,0.003412424962305574,0.0001804382962706152,-0.00035748747284807897,-0.0005379257691186942,-2.442017126706123e-05
208,31 OPC-Oligo,0.0005025614602495011,0.0032059489448385587,0.0047070778055092405,0.00042089031610326974,0.0012549634865107173,0.0008340731704074475,5.2229849484545435e-05
208,33 Vascular,0.0003499119837650584,0.0022517883693245534,0.0032773363318478847,0.00015757651825361384,-0.0005996327970478145,-0.0007572093153014283,-3.3014156552019855e-05
208,34 Immune,0.00021313681468747178,0.0013750203238748326,0.0019962763747428253,0.00019179956842508284,-0.0005292296505207644,-0.0007210292189458472,-1.9148588981328536e-05
209,01 IT-ET Glut,0.00016093879271089108,0.0010729252847392738,0.003153255912193037,-7.228941906844187e-05,1.628832110053377e-05,1.628832110053377e-05,4.2702074716260643e-07
209,02 NP-CT-L6b Glut,0.00025754186026588416,0.0017137590137344984,0.005045989098348915,-3.3827980940292075e-06,0.0002442787833423656,0.0002442787833423656,1.0248150422797459e-05
209,03 OB-CR Glut,0.0005149234859996181,0.0033683738713577082,0.010088838739284676,0.006943234709213392,0.02376213691518709,0.016818902205973697,0.0014107571526251594
209,04 DG-IMN Glut,0.00032218327795723717,0.002129990807026067,0.006312501224321914,-0.0002528298976033487,0.0008442151924457312,0.0008442151924457312,4.43065642480346e-05
209,05 OB-IMN GABA,0.0005820671307338567,0.003880447538225712,0.011404376722129872,0.0004708613340227091,0.005305096649023948,0.004834235315001239,0.000458366402238448
209,06 CTX-CGE GABA,0.000261069497139303,0.001734013428386957,0.005115105696279163,0.0032601242329866604,0.011653702749818046,0.008393578516831385,0.0003569564261044446
209,07 CTX-MGE GABA,0.00031331813223680797,0.0020820659290812175,0.006138807407657013,0.0006655392899191183,0.003014316055239437,0.0023487767653203187,0.00011987791638543772
209,09 CNU-LGE GABA,0.00027508408612929763,0.0018286389838945154,0.005389691983682483,0.0010060354342820161,0.0029553307010671613,0.0019492952667851452,8.734841117370002e-05
209,11 CNU-HYa GABA,0.00035151693531620243,0.002343446235441349,0.0068872323188912754,-0.0026385478247888078,-0.004373010556434578,-0.004373010556434578,-0.0002504025191285445
209,12 HY GABA,0.0008365308699032192,0.0055301821785315695,0.016390056535299243,-0.0042228064889108475,-0.005743438744141614,-0.005743438744141614,-0.0007826469197301411
209,13 CNU-HYa Glut,0.0008357421475281084,0.0048081294186567885,0.016374603185298882,-0.005111415528605669,-0.008077832108397163,-0.008077832108397163,-0.001099712197146132
209,14 HY Glut,0.0007549830006228747,0.005007685823581451,0.014792298178823202,-0.0026757447089974747,-0.0022960649047199327,-0.0022960649047199327,-0.0002823795542035013
209,16 HY MM Glut,0.0001421195696874585,0.0009474637979163899,0.0027845329631640903,-0.00016844494188095386,-0.00034154587249227944,-0.00034154587249227944,-7.907056461515316e-06
209,19 MB Glut,0.0005451046384419644,0.0036299440657644204,0.010680174711007717,0.0006286905922679812,0.0018973826285243111,0.00126869203625633,0.00011265436037079184
209,20 MB GABA,0.0005353081206565249,0.0035401874139119266,0.010488232624792784,0.0011214438646527296,0.002585253901523935,0.0014638100368712054,0.00012764401816915168
209,21 MB Dopa,0.0005688175359035854,0.003729899253314962,0.011144778880435066,6.102354307466272e-05,-0.00045053816683556235,-0.0005115617099102251,-4.740049988395044e-05
209,22 MB-HB Sero,0.0004319818068187694,0.0028775417021673633,0.0084637716200473,0.002213282017031529,0.0062646227525008265,0.004051340735469297,0.0002850861651920671
209,23 P Glut,0.0007067570615214582,0.004645862352784394,0.01384741270384777,0.0012205551529600124,0.0024669205680458877,0.0012463654150858753,0.00014349192457957773
209,24 MY Glut,3.404966219283507e-05,0.00022699774795223378,0.0006671312541197355,0.0002448002768262453,0.0012938032871767937,0.0010490030103505483,5.81837162871905e-06
209,26 P GABA,0.0008087113886933843,0.005354489014047922,0.015844992526047985,0.0012025564757373666,0.002364789549699185,0.0011622330739618184,0.00015310828925964792
209,30 Astro-Epen,0.0004967910228386326,0.003186049532937533,0.009733571400056458,0.0020033347102486492,0.006804311370068298,0.004800976659819649,0.00038852167176790667
209,31 OPC-Oligo,0.04104466369834388,0.14866491058121456,0.8041835426420428,0.038967268686036755,0.08058193245368607,0.041614663767649315,0.27823707965975764
209,33 Vascular,0.00016030272747021365,0.0010686848498014246,0.0031407935564929444,-0.0012748154906205623,-0.0024129723479801492,-0.0024129723479801492,-6.300937495767466e-05
209,34 Immune,9.841877372562132e-05,0.0006561251581708087,0.0019283081157356217,-0.0011359917016477408,-0.002424353300538664,-0.002424353300538664,-3.886742543227453e-05
210,01 IT-ET Glut,0.030379887845493198,0.10443366119778767,0.26016478237009494,0.009869834838779746,0.014143951081119181,0.004274116242339435,0.020125605069390644
210,02 NP-CT-L6b Glut,0.024105753334321918,0.08623858775487661,0.20643486578971731,0.010530724019706568,0.021567948269568808,0.01103722424986224,0.04123794596548184
210,03 OB-CR Glut,0.002636047811457753,0.012153991909276025,0.02257436922324944,0.002099416573950479,0.009618408733159655,0.007518992159209176,0.003072057679076359
210,04 DG-IMN Glut,0.004773679462893069,0.02004144805571684,0.04088044316965466,0.0024077171577716982,0.004378706356254284,0.001970989198482586,0.0014583237507983808
210,05 OB-IMN GABA,0.00024809989154996005,0.0015931170883419568,0.002124657425314193,-0.0009894568662641315,-0.004281473535891048,-0.004281473535891048,-0.00016464035312216578
210,06 CTX-CGE GABA,0.002727776864953389,0.014965394478383479,0.02335991093956777,0.001296635207202498,0.005865065345504405,0.0045684301383019064,0.0019314891823365929
210,07 CTX-MGE GABA,0.004215247521828852,0.021465515730002355,0.036098189688194414,0.0017026921696491368,0.005334503627385883,0.003631811457736746,0.002372809249755818
210,09 CNU-LGE GABA,0.005667030604180547,0.025789726020745626,0.048530850124254774,0.0030249798936551027,0.007018974158839609,0.003993994265184506,0.0035081604284082288
210,11 CNU-HYa GABA,0.0038149706648578034,0.0190425713722871,0.032670331695061394,0.000378649969387466,0.0033650055358438137,0.0029863555664563475,0.001765831128804227
210,12 HY GABA,0.004000657394429756,0.021761296571087177,0.034260500422273084,0.00031078198256646286,0.0016193420041442507,0.0013085600215777878,0.0008114120621875965
210,13 CNU-HYa Glut,0.0012064854195046322,0.0075101537549248625,0.01033200050620594,0.0004914455819981942,0.0039244190161658084,0.0034329734341676144,0.0006419614820006911
210,14 HY Glut,0.0034262687068541578,0.01891831401146297,0.02934159786874972,-0.0005978430302923201,-0.001594664516311917,-0.001594664516311917,-0.0008468513825125563
210,16 HY MM Glut,0.007110483220834024,0.02958096598839965,0.06089217080401186,-0.0023730760107552877,-0.007376843160939803,-0.007376843160939803,-0.008129917086758873
210,19 MB Glut,0.0028273345449949493,0.015523267247659515,0.024212494803373126,0.0006905961156310118,0.002481951688516568,0.0017913555728855562,0.000785010470055784
210,20 MB GABA,0.003094345079889314,0.01615530340392998,0.02649909763925622,0.0014382012906791614,0.004796040330048694,0.0033578390393695324,0.0016104419280646596
210,21 MB Dopa,0.0019488566908660982,0.011401012260308535,0.016689458480831684,0.000462641857395596,0.001532153788053297,0.001069511930657701,0.0003230591072183159
210,22 MB-HB Sero,0.0034108754172079534,0.014670678493298298,0.029209774082199474,0.0026866155350290287,0.00486370864139673,0.002177093106367701,0.0011509575606815355
210,23 P Glut,0.004873123158959412,0.02303652089072939,0.041732050906877295,0.0004092376133123559,0.0013274434578446285,0.0009182058445322726,0.0006935278261547775
210,24 MY Glut,0.0019637649413341,0.011884736325627804,0.01681712852880067,0.0013166506558253944,0.00717775254828914,0.005861101892463746,0.00178396045992651
210,26 P GABA,0.0027985390804189055,0.016038455515354193,0.023965898574553158,0.000911130138593086,0.004308056190656712,0.0033969260520636257,0.0014734449658976442
210,30 Astro-Epen,0.000366142532062538,0.002427821938183543,0.003135541271743601,-5.163119179960364e-06,-0.0003063529366433698,-0.0003063529366433698,-1.738555978765932e-05
210,31 OPC-Oligo,0.0005546667963573428,0.003620916678427855,0.00475000984520202,0.00035557010058260245,0.001976190444078335,0.0016206203434957324,0.00013932527391298814
210,33 Vascular,0.00036940637501738213,0.002418834755042792,0.0031634919013297192,0.00020015179989864935,0.00047634228185817877,0.0002761904819595294,1.5813556128447034e-05
210,34 Immune,0.00025227173788400307,0.0016481216630959891,0.002160383939483625,7.480350587417539e-05,3.1545018989260424e-06,-7.164900397524935e-05,-2.8015295455776673e-06
211,01 IT-ET Glut,8.124678060718355e-05,0.0005416452040478903,0.0070689551849124925,1.7407766580199737e-05,0.000211001777429422,0.00019359401084922227,8.902667740051068e-05
211,02 NP-CT-L6b Glut,8.457574039985145e-05,0.000563838269332343,0.0073585945701395835,0.00023230336339509077,0.0015878941979657027,0.0013555908345706119,0.0006489280077792593
211,03 OB-CR Glut,0.0005934960234449693,0.0039043563384221023,0.05163769888237664,-0.00035616915195394903,-0.0022394363158939673,-0.0022394363158939673,-0.007522784423061513
211,04 DG-IMN Glut,0.00020089800707403526,0.001339320047160235,0.017479326542312552,-0.000359490256384953,-0.0022527851001205683,-0.0022527851001205683,-0.002561636366364146
211,05 OB-IMN GABA,0.0004247007138574755,0.0027755613629376957,0.036951498764904854,-0.00044548772026655885,-0.002953591522183311,-0.002953591522183311,-0.007099953596004067
211,06 CTX-CGE GABA,0.00022915709515358983,0.0015218133211033907,0.01993803599157292,-0.00023713284755308344,-0.0014585559627122316,-0.0014585559627122316,-0.0018918142478247743
211,07 CTX-MGE GABA,0.00023101537198377407,0.0015247511931292532,0.020099717174944905,-0.0002685966278618353,-0.0016430336720416605,-0.0016430336720416605,-0.00214837173331175
211,09 CNU-LGE GABA,9.576693404206736e-05,0.0006384462269471158,0.008332295259955066,-0.0004641102527329892,-0.00297701235011155,-0.00297701235011155,-0.0016136833078486225
211,11 CNU-HYa GABA,0.00019477092376472908,0.001298472825098194,0.016946233698460458,-7.1740844266003e-05,-0.0004640302422580366,-0.0004640302422580366,-0.0005115551913540755
211,12 HY GABA,0.0003267462509528586,0.002176085626236793,0.02842887542820014,4.616394119909146e-06,7.436645015726162e-06,2.820250895817016e-06,5.2157941822682e-06
211,13 CNU-HYa Glut,0.00019480822815372278,0.0012987215210248186,0.01694947940311517,0.00014294569131729666,0.0009505599439953924,0.0008076142526780958,0.0008904988389095093
211,14 HY Glut,0.00033661995191592794,0.0022416405374200664,0.029287946385788258,-0.00014898771212694493,-0.000997903267161516,-0.000997903267161516,-0.0019012988462051828
211,16 HY MM Glut,0.00022138095575320433,0.0014659406074989726,0.019261465418287986,-0.00037035660337682747,-0.002412207323558096,-0.002412207323558096,-0.0030225742365306506
211,19 MB Glut,0.00027501543692526787,0.0018246428378244505,0.023927985629155612,-0.00013974912391626927,-0.0009347094340709403,-0.0009347094340709403,-0.0014549758488659845
211,20 MB GABA,0.00021029592038024258,0.001401839178917769,0.018297001131961445,-9.355043943052093e-05,-0.0006176959733309439,-0.0006176959733309439,-0.0007352375927631246
211,21 MB Dopa,0.00014004791804745375,0.0009336527869830254,0.012185005350602365,-0.00012214273778963928,-0.000816744722171279,-0.000816744722171279,-0.000647418462744819
211,22 MB-HB Sero,0.0001744775117540825,0.0011582496773775135,0.015180585644714166,-7.876913249445363e-05,-0.0004969157942860247,-0.0004969157942860247,-0.0004907319635767776
211,23 P Glut,0.0001962637344118896,0.001308424896079264,0.017076117141047044,-9.053234458597189e-05,-0.0005987151532201793,-0.0005987151532201793,-0.0006650930271936758
211,24 MY Glut,0.00025556889766019885,0.0017037926510679925,0.022236020562489824,-0.00017896882025541643,-0.0011451270051464357,-0.0011451270051464357,-0.0016564706407359586
211,26 P GABA,0.0005133889792914042,0.003374941733896666,0.04466790757636531,-0.00022072998570626771,-0.0014446381503995897,-0.0014446381503995897,-0.004197857652574658
211,30 Astro-Epen,0.0005434923254159584,0.003591044252484415,0.047287078490954974,1.1933501232504926e-05,0.00011636680590520184,0.00010443330467269692,0.00032125842313340396
211,31 OPC-Oligo,0.005027420633488226,0.032061752848217474,0.4374156229728867,-0.006232959177369542,-0.03985219810010424,-0.03985219810010424,-1.1340170656002224
211,33 Vascular,0.0005684413339798076,0.003758015749050673,0.049457791251852415,-2.0576358505101576e-05,-2.7310581416170937e-05,-2.7310581416170937e-05,-8.786960667732198e-05
211,34 Immune,0.0003738681436470522,0.0024902940407031996,0.032528761542999114,-0.00012076055497246488,-0.0007466201878466437,-0.0007466201878466437,-0.0015799388442104903
212,01 IT-ET Glut,9.766985150686662e-05,0.000651132343379111,0.005374783009351008,-0.0004028033274429244,-0.0021985843930851143,-0.0021985843930851143,-0.0007802514536157561
212,02 NP-CT-L6b Glut,0.00014960631472774865,0.0009969366191309903,0.008232852472738644,-0.000506670491244577,-0.0028275478408790987,-0.0028275478408790987,-0.0015370599442695557
212,03 OB-CR Glut,0.0013794958665248357,0.008033912293053884,0.07591381404267172,-0.0002563466062129275,-0.0030545035563252928,-0.0030545035563252928,-0.015310591062112392
212,04 DG-IMN Glut,0.0001520436154485231,0.001013624102990154,0.008366977407921703,6.85169142440033e-05,0.00014376715231476933,7.525023807076602e-05,4.157258066363768e-05
212,05 OB-IMN GABA,0.0035066555772596004,0.01685329476445136,0.19297165425684903,0.001072964239167142,0.003053433558175606,0.001980469319008464,0.025234351528860846
212,06 CTX-CGE GABA,0.0001646020833123931,0.0010973472220826212,0.0090580713192651,-0.0006304820812009893,-0.003780352993810197,-0.003780352993810197,-0.002260989784989093
212,07 CTX-MGE GABA,0.00020675874657132557,0.0013615946049034373,0.011377957281199957,-0.0004695516306388186,-0.0027667483748336466,-0.0027667483748336466,-0.0020785691271527403
212,09 CNU-LGE GABA,0.00012313519633994565,0.000820901308932971,0.006776143824632631,2.9704141220643048e-06,0.00019742852930839072,0.0001944581151863264,8.700399553315549e-05
212,11 CNU-HYa GABA,0.00044284588984362227,0.0029306548115364626,0.024369859560246086,-0.0005484135377256465,-0.002121906531972258,-0.002121906531972258,-0.003414363744494696
212,12 HY GABA,0.0007425521861819043,0.004821455096322139,0.04086273105029096,-9.00572634510292e-05,0.0013337781830315943,0.0013337781830315943,0.0035986657336393086
212,13 CNU-HYa Glut,0.0008978227169054927,0.005088123082883736,0.04940728597190241,-7.038244118100917e-05,0.00034723758633286114,0.00034723758633286114,0.0011327869490286857
212,14 HY Glut,0.0007569430740459732,0.0046353313392503695,0.041654663242138665,-0.0007673444962580055,-0.002467020778496081,-0.002467020778496081,-0.006785267052743094
212,16 HY MM Glut,0.0001536273415378601,0.0010241822769190675,0.008454130034296238,1.7037713230224013e-05,0.0004594644603598554,0.0004424267471296314,0.0002469680701736973
212,19 MB Glut,0.0002359302289727981,0.001572374519427865,0.012983267267342339,-0.0001619275919812421,-0.0004970203771619875,-0.0004970203771619875,-0.00042607759921446713
212,20 MB GABA,0.00032788860073251584,0.002183040760105217,0.01804374689822379,-9.161096196546991e-05,-0.00014614285675857867,-0.00014614285675857867,-0.0001741144555633756
212,21 MB Dopa,0.0004595187422060249,0.0029005961476057753,0.025287368517332598,9.825135682251219e-05,0.0007858566968218091,0.0006876053399992968,0.001148083270301775
212,22 MB-HB Sero,0.00022905956857624944,0.00150417923026568,0.012605174046223902,-0.00012112733257675728,-0.0005209016177446655,-0.0005209016177446655,-0.0004335458793953924
212,23 P Glut,0.00018361807841216752,0.0012234974246161053,0.010104523687025522,-2.749787844751832e-05,0.00027194124284520785,0.00027194124284520785,0.00018143515264387893
212,24 MY Glut,5.159506009456029e-05,0.00034396706729706867,0.0028392820106129743,0.00010875451679531335,0.0003866194739622636,0.00027786495716695025,5.209221450429371e-05
212,26 P GABA,0.00023244944664237851,0.0015488350294541357,0.012791719420794491,-4.875549483182091e-05,0.00016667622092091076,0.00016667622092091076,0.00014077744536662945
212,30 Astro-Epen,0.0012718659647951722,0.005982237487131455,0.0699909283395636,-0.0018250379507440196,-0.007009368526339182,-0.007009368526339182,-0.03239299903952103
212,31 OPC-Oligo,0.0003831052647520769,0.0025492702017890566,0.02108232618371103,-0.0005144538505160202,-0.002667784741216718,-0.002667784741216718,-0.003713640185750879
212,33 Vascular,0.0053218522988086854,0.0330443650916695,0.29286213578303183,-0.00038813527487631914,-0.00249156901223081,-0.00249156901223081,-0.04817998453188877
212,34 Immune,0.0007012270546318236,0.004535179210893338,0.038588604372633895,-0.00036570124567516696,-0.0017605035347413457,-0.0017605035347413457,-0.0044856613532552655
213,01 IT-ET Glut,0.0016194978666254488,0.010043656396351422,0.012135820277551874,-0.0003681916583834795,-0.0010497807805334583,-0.0010497807805334583,-0.0001126023993374543
213,02 NP-CT-L6b Glut,0.0013231571664339675,0.007730504577689949,0.009915170561018814,-0.0010452668792299352,-0.0017848167215541405,-0.0017848167215541405,-0.00015641330991640287
213,03 OB-CR Glut,0.001127167144262402,0.00698618358911632,0.008446505653034952,-6.5606193027155635e-06,-0.003365687973794134,-0.003365687973794134,-0.0002512643180146832
213,04 DG-IMN Glut,0.0012573992103255837,0.007404708192209995,0.009422408728109864,0.0004161747062035063,-0.0007020338021221272,-0.0011182085083256336,-9.31246433789652e-05
213,05 OB-IMN GABA,0.0001098062122741062,0.0007320414151607081,0.0008228405143218749,0.002882784309790029,0.006266242346475015,0.0033834580366849864,2.4606868728873714e-05
213,06 CTX-CGE GABA,0.002340310562535496,0.012777318897441988,0.01753728051508185,0.0002632695557209133,0.0006251167413917801,0.0003618471856708668,5.608766224515395e-05
213,07 CTX-MGE GABA,0.001871097053754148,0.010600396603938382,0.014021196343736102,0.00027148248622189616,0.00020382347178428005,-6.765901443761611e-05,-8.384759864866575e-06
213,09 CNU-LGE GABA,0.06906439564313806,0.1950323514550779,0.5175388682970739,-0.017143275295138632,-0.03210540574367691,-0.03210540574367691,-0.1468591551864765
213,11 CNU-HYa GABA,0.01646558943709839,0.0494691450016655,0.12338604347096495,-0.001888776524330165,-0.009494524690558096,-0.009494524690558096,-0.010354262176397231
213,12 HY GABA,0.00712874912652854,0.031287478950678786,0.05341977904767053,0.0001796889626245126,-0.0021739497540056345,-0.002353638716630147,-0.0011112755974433863
213,13 CNU-HYa Glut,0.0022012528832227305,0.0116623063925103,0.01649524209124028,0.003341100502703435,0.008220324591268532,0.004879224088565097,0.0007113598495986989
213,14 HY Glut,0.003378484050034017,0.01872366368156971,0.025316905990880743,0.0002907727994126177,0.0009713305700038901,0.0006805577705912724,0.0001522844352242561
213,16 HY MM Glut,0.0013445080116574297,0.00799457520751449,0.010075164609634434,-0.0001902204606402756,-0.0005439810872562603,-0.0005439810872562603,-4.844130585288546e-05
213,19 MB Glut,0.001991610003603196,0.011462765745703206,0.014924268543227868,-0.00037549754045435035,-0.00137125410926811,-0.00137125410926811,-0.0001808801410441323
213,20 MB GABA,0.004158921597336458,0.021029845605959496,0.031165169213141778,0.001169964842804683,0.00410043097760584,0.0029304661348011577,0.0008072091704088153
213,21 MB Dopa,0.005580000693571906,0.022535403755440882,0.04181412458844875,-0.0014746458571381715,-0.0034198138715170736,-0.0034198138715170736,-0.0012638786261491709
213,22 MB-HB Sero,0.002944446488168548,0.013723099548185054,0.022064415232444713,-0.0005266927301244421,-0.0006970227998378018,-0.0006970227998378018,-0.00013593124577232236
213,23 P Glut,0.002438856525697271,0.013238958697533254,0.018275741566902513,0.00029046422486082683,0.0015532699873620456,0.0012628057625012187,0.0002039818161080066
213,24 MY Glut,0.0005170752114964895,0.003437521914669404,0.003874739180591838,0.0006444549717166783,0.0029716047973712303,0.0023271498256545523,7.969786914264623e-05
213,26 P GABA,0.0038363574372022656,0.020054476945088277,0.028748012169567,0.00029245294052077694,0.0023565255447111954,0.0020640726041904183,0.0005244603743106578
213,30 Astro-Epen,0.0006264108762506599,0.0036559968119504586,0.004694053614236689,8.246551864270706e-05,-0.0008470192880577906,-0.0009294848067004976,-3.856294844949642e-05
213,31 OPC-Oligo,0.0006785022102849371,0.0039847429957483825,0.005084403660930587,0.0006800830564881464,0.002016720002866437,0.0013366369463782908,6.006664497600165e-05
213,33 Vascular,0.0009532897999173613,0.004367973099893839,0.007143543639440993,0.0003311004292906451,-0.00042016615200635393,-0.000751266581296999,-4.743377219970985e-05
213,34 Immune,0.0004908611779285689,0.0025754121623461274,0.0036783024907474223,0.0006325321077846026,0.0006170740982013596,-1.545800958324304e-05,-5.025518827520434e-07
214,01 IT-ET Glut,0.0007836354282616967,0.00501132886190399,0.0031802662068665722,0.0013551275393621808,0.002418863058185329,0.0010637355188231484,8.759266625241862e-06
214,02 NP-CT-L6b Glut,0.0007671627279089028,0.004875451226258245,0.0031134142367048373,0.0007124270407277042,-0.0008877079629136904,-0.0016001350036413944,-1.2899240601443345e-05
214,03 OB-CR Glut,0.001327867505078083,0.007547770993298294,0.005388950015906866,0.009716259721434885,0.0018514600025338916,-0.007864799718900993,-0.00010973936270196459
214,04 DG-IMN Glut,0.0011208239834851316,0.006445749172802197,0.004548695107405178,0.0009843705320225827,-0.0023245498589844053,-0.003308920391006988,-3.8971198052251076e-05
214,05 OB-IMN GABA,0.0008278331814857213,0.005500720857524167,0.003359636122937867,0.0016788545994670355,0.0069700875124858236,0.005291232913018788,4.602774855899145e-05
214,06 CTX-CGE GABA,0.1632913669525398,0.5319185372528233,0.6626933870820177,-0.0320686477570381,-0.007739937355357115,-0.007739937355357115,-0.013280691646362293
214,07 CTX-MGE GABA,0.04547013158426502,0.17095634014368705,0.1845336717611019,-0.008922585694645943,-0.03208626356723452,-0.03208626356723452,-0.015330819859090586
214,09 CNU-LGE GABA,0.0012714147574154028,0.008076124816115577,0.005159845053061271,0.00010727949932496573,-0.001772145746243665,-0.0018794252455686309,-2.5109168277497568e-05
214,11 CNU-HYa GABA,0.0035486990110160724,0.018426925808888786,0.014401859762913019,0.0020715703000740507,0.002868155361711686,0.0007965850616376354,2.9704438426764198e-05
214,12 HY GABA,0.003359439014518971,0.017415296686770103,0.013633776609109497,0.0022107850996676824,0.004622032371986695,0.0024112472723190124,8.511939612846482e-05
214,13 CNU-HYa Glut,0.00010857894292516117,0.0007238596195010744,0.0004406512652550305,0.0005607880048968969,-7.23514841729022e-05,-0.0006331394890697991,-7.22378869228564e-07
214,14 HY Glut,0.0023843976128362894,0.012825946358955327,0.009676718124724972,0.0029621577103861887,0.0045433215121499304,0.0015811638017637418,3.9616450775861836e-05
214,16 HY MM Glut,0.0009175965395316227,0.005889235619460198,0.0037239271745069537,0.001008744441764148,-0.0007733947462446111,-0.001782139188008759,-1.7183570545686367e-05
214,19 MB Glut,0.0027480742015971804,0.015498154874363323,0.011152644714759807,3.060412894657085e-05,-0.00022874267318979992,-0.00025934680213637076,-7.489095615209581e-06
214,20 MB GABA,0.003247410728139184,0.016006954481769708,0.01317912670363352,6.827378452894095e-05,-5.868293685927681e-05,-0.00012695672138821775,-4.332244334719228e-06
214,21 MB Dopa,0.0040245162947329825,0.020968291959218982,0.01633289245167832,0.000837853104625895,0.003064886765826007,0.002227033661200112,9.418039216173077e-05
214,22 MB-HB Sero,0.003944715803750958,0.018757223782611618,0.016009034193604846,0.002143388293673144,0.005154854148531123,0.0030114658548579787,0.0001248284811720721
214,23 P Glut,0.002070142133280802,0.011528691721409726,0.008401359653286377,0.0004914819671473381,0.0019216672914840669,0.0014301853243367287,3.1110894981612636e-05
214,24 MY Glut,0.0005469003691445833,0.003642529176645392,0.002219512671053628,3.964039658257974e-05,0.0019103048967523675,0.0018706645001697877,1.0750388128644547e-05
214,26 P GABA,0.00318236570804592,0.0163504137767985,0.012915151298914473,0.0005275819087739013,0.0025018237759200598,0.0019742418671461585,6.601923180836624e-05
214,30 Astro-Epen,0.00034586664699557757,0.0023056394122288703,0.0014036476272675045,0.0009150830665282339,0.000899214899683352,-1.5868166844881923e-05,-5.7670732132930705e-08
214,31 OPC-Oligo,0.0005672565498544672,0.0037300671194086484,0.0023021251605835086,0.0012956100284721578,0.0022068164965122834,0.0009112064680401257,5.431456879693412e-06
214,33 Vascular,0.0003210605060567045,0.0021390056288312018,0.0013029756452392469,3.618048120831082e-05,0.0005064383710106196,0.0004702578898023088,1.5865106784748464e-06
214,34 Immune,0.00022835180357678512,0.0015115220148917312,0.0009267313574671109,0.0002850192700086424,0.0012167522348986728,0.0009317329648900303,2.2357123728673486e-06
215,01 IT-ET Glut,0.000181916724116452,0.0012113309531972581,0.0050277844089223105,0.0001816221276714497,0.0016137486348844054,0.0014321265072129556,0.0001597731657811799
215,02 NP-CT-L6b Glut,0.0002203888327445427,0.0014382299136676154,0.006091070200144332,0.00010880258915881741,0.0012419436624140571,0.0011331410732552396,0.00015315225547782025
215,03 OB-CR Glut,0.0015266032402785506,0.008684294189362243,0.042192008499281425,-0.0006242855474645573,-0.002880108844414501,-0.002880108844414501,-0.002696403680033238
215,04 DG-IMN Glut,0.0007735534613200058,0.00453080983092629,0.021379342944868256,0.0006575799256879018,0.0028281320597444907,0.002170552134056589,0.0010296992248021808
215,05 OB-IMN GABA,0.004389813531516277,0.02318447134117169,0.12132494216257542,-0.0017346408623671802,-0.005616386612718493,-0.005616386612718493,-0.01512003856480678
215,06 CTX-CGE GABA,0.0005944698232904346,0.0037292375631691357,0.016429858901819045,4.2445095046435624e-05,0.00034475096655103913,0.0003023058715046035,0.00011021132571808078
215,07 CTX-MGE GABA,0.00043881693963892187,0.0028781427018019167,0.012127950182717945,0.00025763415548877194,0.0018230349486600844,0.0015654007931713125,0.0004212682846534409
215,09 CNU-LGE GABA,0.0004237953434318143,0.0026750358911867837,0.01171278578497475,0.00038435376270563317,0.001934463070205976,0.001550109307500343,0.0004028731599242201
215,11 CNU-HYa GABA,0.0004962269550838378,0.0033013054542910137,0.013714638718210504,-0.00026347924769928437,-0.001560846734667673,-0.001560846734667673,-0.00047499653566946055
215,12 HY GABA,0.0010246492100654916,0.006473756707201634,0.028319085823489357,-0.0001629930519110287,-0.0008540965753507886,-0.0008540965753507886,-0.0005367005255731502
215,13 CNU-HYa Glut,0.0009508901285880882,0.004979856763982786,0.02628054449822271,-0.0009274898028454072,-0.004511026699503341,-0.004511026699503341,-0.0026306045502250404
215,14 HY Glut,0.0008262387797021657,0.0051713866562099415,0.022835451082410158,8.100262551655458e-05,0.0002846698624919537,0.00020366723697539914,0.00010319925853097121
215,16 HY MM Glut,0.00032747469904099036,0.002132021452311021,0.009050691706062418,3.362180797175675e-05,-0.00017690850052854513,-0.0002105303085003019,-4.228070391012593e-05
215,19 MB Glut,0.0006806250039107227,0.004060827286115573,0.01881100157011644,-5.406241243262658e-05,0.00019781328236492175,0.00019781328236492175,8.256826891065833e-05
215,20 MB GABA,0.0004978803785407194,0.0032105945778606653,0.013760335762933751,-0.00034497861133908636,-0.0013558902358437187,-0.0013558902358437187,-0.00041399907887933234
215,21 MB Dopa,0.00046215343195223893,0.002980988482076824,0.012772920307271875,-0.00024002184769843742,-0.0011192904210770747,-0.0011192904210770747,-0.000317233322699724
215,22 MB-HB Sero,0.000393736148337733,0.0026200387144233697,0.010882014710062301,-0.0003698234995106173,-0.0009629196437807169,-0.0009629196437807169,-0.00023251188956387468
215,23 P Glut,0.0005770803848587107,0.0036822477744741077,0.01594925247131314,-0.00018501724548713615,9.553089967968017e-06,9.553089967968017e-06,3.380881983262243e-06
215,24 MY Glut,0.00024859353563729637,0.0016572902375819759,0.006870587125546401,-8.661629303402258e-05,-0.00032821376416388375,-0.00032821376416388375,-5.003759775938915e-05
215,26 P GABA,0.0007180130277070062,0.004668088313116863,0.01984432560360683,-0.00018693657177000888,5.6186983771735475e-05,5.6186983771735475e-05,2.4741035568747477e-05
215,30 Astro-Epen,0.0010989833236770853,0.006843587100967319,0.030373519792013262,6.534399028468669e-05,0.0005141251838023736,0.00044878119351768694,0.00030246531684937066
215,31 OPC-Oligo,0.0006088979134643949,0.003972455349363449,0.016828620077733395,9.877928093167099e-05,0.0005499883051478229,0.00045120902421615187,0.00016848920974024358
215,33 Vascular,0.017413107784179347,0.08359046561477287,0.48126060016415473,0.0028990283681501828,0.01438183547596423,0.011482807107814047,0.12262363561815529
215,34 Immune,0.0013083755465075873,0.008234480827073828,0.03616066750154908,-0.00010682046903349257,-0.0005589023101984742,-0.0005589023101984742,-0.0004484542599819127
216,01 IT-ET Glut,0.000814924421359436,0.00530466952033841,0.005132651006223822,6.523364892686198e-05,0.0007448873955037124,0.0006796537465768505,3.1771169173112176e-05
216,02 NP-CT-L6b Glut,0.0011743001247458724,0.006891066271386979,0.007396112521491403,0.0001773015585993231,0.0009665958002626034,0.0007892942416632803,5.3167493963372106e-05
216,03 OB-CR Glut,0.0011760889864160687,0.007465388726799151,0.007407379336438747,-0.0006840569860784337,-0.0026243832357713227,-0.0026243832357713227,-0.00017704985968106877
216,04 DG-IMN Glut,0.0006644663688700037,0.004238997438848709,0.004185018742097885,-0.000552556671934375,-0.0024091864373434113,-0.0024091864373434113,-9.182724677375112e-05
216,05 OB-IMN GABA,0.0014390530421546424,0.008150150840891584,0.009063609889740547,-0.0014706045236812688,-0.006551639085491474,-0.006551639085491474,-0.0005408227050857688
216,06 CTX-CGE GABA,0.002746009300413139,0.014427742620409608,0.017295232575499097,0.0003121242587814727,0.0015592689662969183,0.0012471447075154455,0.00019644772370065012
216,07 CTX-MGE GABA,0.0017961750191301837,0.010801910213776382,0.011312876725320732,7.71577721337405e-05,0.0004075908209696278,0.00033043304883588725,3.404554404535011e-05
216,09 CNU-LGE GABA,0.0009231431937502825,0.005875093041554892,0.0058142469634017875,-0.00028834893500243806,-0.0024233577983025713,-0.0024233577983025713,-0.00012832603083804436
216,11 CNU-HYa GABA,0.012164420425803213,0.04729283020348968,0.07661535610194967,-0.0026527273737449964,-0.0033410728087237026,-0.0033410728087237026,-0.002331339439252847
216,12 HY GABA,0.012182734190919937,0.05411851144724479,0.07673070197021718,-0.0003741722351336856,0.0016120622131797857,0.0016120622131797857,0.0011265610088399718
216,13 CNU-HYa Glut,0.00550814513650477,0.025853040274103824,0.03469203515848311,0.003002541781857008,0.008707621878555801,0.0057050800966987935,0.0018025829971030415
216,14 HY Glut,0.005239140676824088,0.026074030700881386,0.03299776023620812,0.0022210940714031215,0.007528285712294627,0.005307191640891506,0.001594971690438387
216,16 HY MM Glut,0.0032736719869735985,0.01849874450247336,0.02061861858300563,-0.00020322946988017844,-0.0006434938107425064,-0.0006434938107425064,-0.00012083915655323477
216,19 MB Glut,0.007060142454267472,0.03196910204993465,0.04446700371493275,0.0009920295597688393,0.0033484949980020725,0.002356465438233233,0.0009543390338556227
216,20 MB GABA,0.01536000236595849,0.0586695019976888,0.09674213894304748,-9.830317288875515e-05,-0.002377616772176349,-0.002377616772176349,-0.002094890307014538
216,21 MB Dopa,0.008010480826199479,0.03141290752686997,0.050452534486992544,0.0010519815418850063,0.0021807032975905004,0.0011287217557054941,0.0005186491019555375
216,22 MB-HB Sero,0.012629182104016874,0.04916273289496972,0.07954257172196785,0.0017629975270344292,0.0005949722184159174,-0.0011680253086185119,-0.0008461661106598687
216,23 P Glut,0.009070562218867208,0.03979444279129504,0.05712926141300439,0.0026609171051220288,0.007299532676898458,0.00463861557177643,0.0024135190845009057
216,24 MY Glut,0.0023672121260133704,0.014146696943525607,0.014909448510892969,0.0018127421183881183,0.010341997193534225,0.008529255075146108,0.0011581809796825154
216,26 P GABA,0.05331399902222818,0.2505588301267251,0.33578837933310735,-0.0007137302832590573,-0.005641901831374977,-0.005641901831374977,-0.0172542042149504
216,30 Astro-Epen,0.0006203199301408987,0.003994070529110963,0.0039069705486394655,-0.00012168054491685755,-0.0006585149965587659,-0.0006585149965587659,-2.3432010511726904e-05
216,31 OPC-Oligo,0.0006743791819051135,0.004331307570918107,0.004247452764769938,-3.416925282574915e-05,-0.00027329187449862965,-0.00027329187449862965,-1.0572045501086737e-05
216,33 Vascular,0.00037114128752970926,0.0023270698869464804,0.00233756487468224,6.1691009742352374e-06,-6.713219621172213e-05,-7.330129718595737e-05,-1.5605549993359287e-06
216,34 Immune,0.00019292045682512402,0.0012797850471554554,0.0012150738778852854,-0.00024041324050060048,-0.0015707652354660976,-0.0015707652354660976,-1.7382719072398983e-05
217,01 IT-ET Glut,0.0007031182024377199,0.004575793988316069,0.001738320525504344,0.0016958132403152055,0.0028238204710955357,0.0011280072307803303,5.310972883747813e-06
217,02 NP-CT-L6b Glut,0.0014577763487572484,0.008888387583302746,0.003604063356422586,0.0016881769790733536,0.00355110015058252,0.0018629231715091665,1.818526791829085e-05
217,03 OB-CR Glut,0.0011297806685861451,0.006911716612741073,0.002793158986230733,0.0009939822635181249,0.00023433732359560985,-0.000759644939922515,-5.746966266889845e-06
217,04 DG-IMN Glut,0.0002890467189830184,0.0019269781265534558,0.0007146107762476439,0.0018836541307760857,0.0006078772597444971,-0.0012757768710315886,-2.469315757045911e-06
217,05 OB-IMN GABA,0.00041591546618915086,0.0027727697745943388,0.001028268631425951,0.0012552978659048498,0.0014635826355312426,0.00020828476962639277,5.800914225261423e-07
217,06 CTX-CGE GABA,0.0015978341563393041,0.009567338861717203,0.003950328551709705,0.0017667681597832643,0.0035572861192998905,0.0017905179595166262,1.9157738524674334e-05
217,07 CTX-MGE GABA,0.0034871631525923595,0.015535148851287492,0.00862132037389641,0.001521024262081631,0.0014832903014116749,-3.773396066995621e-05,-8.811270191165781e-07
217,09 CNU-LGE GABA,0.001225742006254543,0.007774050733126728,0.0030304043915487743,0.000675165647865392,0.0031293622420236807,0.0024541965941582886,2.014384068615906e-05
217,11 CNU-HYa GABA,0.0020362082448555697,0.012034545375017115,0.005034121679629163,0.0013756799561249018,0.006381894691969286,0.005006214735844384,6.825988073860596e-05
217,12 HY GABA,0.011119996704168066,0.050467698087361484,0.02749198989213796,0.0016916775754765327,0.0019517518736370618,0.00026007429816052915,1.9365822769393457e-05
217,13 CNU-HYa Glut,0.014511419859795455,0.036748069046637064,0.03587661208177612,0.007913377375704606,0.007347089125797649,-0.0005662882499069561,-5.5027694492908976e-05
217,14 HY Glut,0.01765881756952133,0.05363064344835126,0.043657929677840594,0.004779841700827545,0.007611722675294395,0.0028318809744668494,0.00033486555318996275
217,16 HY MM Glut,0.001751488570646508,0.010572853362162977,0.004330208664752604,0.0002549853146686034,-0.0011788216767129852,-0.0014338069913815885,-1.6816354758911913e-05
217,19 MB Glut,0.017360181150754193,0.05667079907149679,0.04291961026780938,0.004544127298429521,0.011344148237654847,0.006800020939225326,0.0007904936069861406
217,20 MB GABA,0.010010635435000128,0.04315135798559961,0.024749313827561195,0.0016682293620880878,0.007580041617913014,0.005911812255824926,0.0003962927602710566
217,21 MB Dopa,0.010891500124366084,0.04383985507877708,0.026927077345001178,0.003445463355116504,0.008130764746308574,0.00468530139119207,0.00034171110516769245
217,22 MB-HB Sero,0.2755829633465802,0.5220560557055427,0.6813243065018,-0.06703338321050169,-0.030540119908046944,-0.030540119908046944,-0.05635818041156376
217,23 P Glut,0.007912218925564605,0.033408809797323406,0.01956139453211093,0.002072571104296281,0.0054507183197560205,0.0033781472154597396,0.0001789825644529171
217,24 MY Glut,0.01722746107470387,0.053976102268760776,0.04259148616073194,0.00726369764339965,0.014168540240657734,0.006904842597258084,0.0007965424388476067
217,26 P GABA,0.00629206314513783,0.029365578549173755,0.01555588018492713,0.0021227750488454983,0.006692533250253037,0.004569758201407538,0.00019253963875984822
217,30 Astro-Epen,0.0005157361965974002,0.0031962744764658874,0.0012750556210642478,0.0009442488051545064,0.0019149640469804075,0.0009707152418259011,3.352380619274925e-06
217,31 OPC-Oligo,0.00045786166800085586,0.0029932092400974863,0.001131972309304626,0.0006287388489970373,0.0013968119149435927,0.0007680730659465554,2.3548903029088904e-06
217,33 Vascular,0.0005163611297694643,0.003181408026883257,0.0012766006445841926,0.0009861759304004968,0.00123551491962989,0.00024933898922939327,8.621396051113434e-07
217,34 Immune,0.0003300426169238,0.0020199371898101956,0.0008159650159826823,0.0004544013435987798,-0.0005893206106466665,-0.0010437219542454464,-2.3066871700686873e-06
218,01 IT-ET Glut,2.226645583630571e-06,1.4844303890870473e-05,0.00015999633290351902,0.0002603426686086634,0.0011326395175496919,0.0008722968489410284,4.52157748304497e-06
218,02 NP-CT-L6b Glut,3.190231058312334e-06,2.126820705541556e-05,0.000229235076384555,0.00026454242006003026,0.0012391112600434572,0.000974568839983427,7.237844334329572e-06
218,03 OB-CR Glut,5.889028705790838e-05,0.00039260191371938923,0.004231580473412322,-0.0002899327564369669,-0.0014697499589145133,-0.0014697499589145133,-0.0002014938087077371
218,04 DG-IMN Glut,3.8721434564396565e-06,2.5814289709597706e-05,0.0002782341105657926,0.00018314481142897094,0.0006687917422096151,0.0004856469307806442,4.37770674287212e-06
218,05 OB-IMN GABA,0.0009315226349833534,0.005715267611410579,0.06693485784610055,0.0016829404675790648,0.009951505822020593,0.008268565354441529,0.017930737545653577
218,06 CTX-CGE GABA,1.2309528557399484e-06,8.206352371599656e-06,8.84505124405027e-05,0.00010044920433952382,0.0004638051026202416,0.00036335589828071776,1.0412336926691572e-06
218,07 CTX-MGE GABA,3.607887266600508e-07,2.405258177733672e-06,2.592458972496968e-05,0.0002041571264847576,0.0008614794627335291,0.0006573223362487715,5.520849740689679e-07
218,09 CNU-LGE GABA,4.5924275054070175e-06,3.061618336938012e-05,0.0003299903520309349,0.0001001155963082734,0.0005826765798055171,0.00048256098349724376,5.159042344721528e-06
218,11 CNU-HYa GABA,6.623245277814833e-07,4.4154968518765555e-06,4.7591541472131264e-05,0.00010673493454457633,0.0004679113073766692,0.0003611763728320929,5.568840110903448e-07
218,12 HY GABA,2.885773665526671e-05,0.0001923849110351114,0.002073581927308723,1.7784668983562953e-06,1.821526435090822e-05,1.6436797452551923e-05,1.104216029869258e-06
218,13 CNU-HYa Glut,1.1205351826909974e-05,7.470234551273315e-05,0.0008051641511246428,-7.43408350945894e-05,-0.0005056514081444278,-0.0005056514081444278,-1.3190197435257014e-05
218,14 HY Glut,4.724772239214002e-06,3.149848159476002e-05,0.0003395000253457533,-2.2863581163631407e-06,-0.00020922903467231158,-0.00020922903467231158,-2.3013220961900628e-06
218,16 HY MM Glut,4.793239337371279e-07,3.1954928915808523e-06,3.4441975065374245e-05,0.00018966027466197678,0.0009408651387835601,0.0007512048641215833,8.382278466060278e-07
218,19 MB Glut,4.006892333042656e-05,0.00026712615553617695,0.0028791653433266617,0.00021221149271030806,0.001180429766277054,0.0009682182735667459,9.031409326128467e-05
218,20 MB GABA,1.1448563434827438e-05,7.632375623218291e-05,0.0008226401992539165,0.00012266669783530157,0.0006377721747569374,0.0005151054769216358,1.3728457405019583e-05
218,21 MB Dopa,6.228260820771837e-05,0.00041521738805145583,0.004475336798168628,4.5747662992814424e-05,0.00013805638343206752,9.230872043925309e-05,1.3383943675358356e-05
218,22 MB-HB Sero,6.087293397942811e-05,0.00040581955986285413,0.00437404420415495,0.00021877160935092856,0.001417838966732035,0.0011990673573811063,0.0001699191758223277
218,23 P Glut,1.59519864884203e-05,0.00010634657658946869,0.0011462351078397686,0.00011328734237877712,0.0006497755517773542,0.000536488209398577,1.9922761365056948e-05
218,24 MY Glut,2.364037867093109e-05,0.00015760252447287394,0.0016986869951850791,5.386558076980317e-05,0.00023168664770454637,0.0001778210669347432,9.786157895240354e-06
218,26 P GABA,4.204337498662305e-05,0.00028028916657748697,0.0030210402006497707,0.00016859877126330398,0.0010047110504131812,0.0008361122791498772,8.183455986101023e-05
218,30 Astro-Epen,0.0009359165643026878,0.006123176306686904,0.06725058504727663,0.0009513458445024758,0.006214108817393978,0.005262762972891502,0.011466358665769493
218,31 OPC-Oligo,0.0002373041161592834,0.0015806801684756918,0.017051563413378587,0.0003613833793094297,0.002202966110441377,0.0018415827311319475,0.0010173516254884676
218,33 Vascular,0.008188052562340004,0.04324595527650138,0.5883551442702427,-0.0014512497468623365,-0.0036757467456145186,-0.0036757467456145186,-0.07006494435666345
218,34 Immune,0.0032474562306667766,0.019683796536420085,0.23334700950664353,0.0019454687436556474,0.010507349542873707,0.008561880799218059,0.06472723594203447
219,01 IT-ET Glut,0.021018844551690997,0.09298868320710484,0.3267156593430655,0.006513502233240441,0.03233447131676252,0.02582096908352208,0.2173110728875801
219,02 NP-CT-L6b Glut,0.002769552073864732,0.013851365925835843,0.04304975136346747,-0.0021821654652216973,-0.0076838357649181895,-0.0076838357649181895,-0.008520951412003729
219,03 OB-CR Glut,0.001172300419009612,0.007302385040495901,0.018222167417574042,-0.002436717514846784,-0.011723608303272027,-0.011723608303272027,-0.005503015043159725
219,04 DG-IMN Glut,0.001931149535646409,0.009303193415789222,0.03001767258314927,-0.002552920582692129,-0.011723787940615784,-0.011723787940615784,-0.009065345033993047
219,05 OB-IMN GABA,0.0011624023852615823,0.004121581377277615,0.018068312974517737,-0.0020447248955683304,-0.006488828275138093,-0.006488828275138093,-0.0030201134209624993
219,06 CTX-CGE GABA,0.002418956433167266,0.012977170105179287,0.03760011374749006,-0.0012721429968331798,-0.005388408172885361,-0.005388408172885361,-0.0052190206195092655
219,07 CTX-MGE GABA,0.00230734787543802,0.012420754223899547,0.03586527701861262,-0.001778015171749797,-0.007243207759172215,-0.007243207759172215,-0.00669182383946966
219,09 CNU-LGE GABA,0.0019750661775042792,0.010698356462643355,0.030700310230782145,-0.0010421460853676358,-0.004348983863664194,-0.004348983863664194,-0.0034392989580526103
219,11 CNU-HYa GABA,0.0018245213480529306,0.011048321329623963,0.0283602504290206,2.5403081407758766e-05,4.7143455461955e-05,2.1740374054196236e-05,1.588241139967974e-05
219,12 HY GABA,0.0028961335255850355,0.015383318562899945,0.04501732585871128,-0.0011939101127333381,-0.002784895353610928,-0.002784895353610928,-0.003229445364590485
219,13 CNU-HYa Glut,0.0032567267668501846,0.01415589464935115,0.05062236557841928,0.0009253695804121121,0.001839524084586307,0.0009141545041741949,0.0011920690351834317
219,14 HY Glut,0.003991189172122738,0.019657872768422006,0.062038805164867004,-0.00028174981613767657,-0.0009364174165636628,-0.0009364174165636628,-0.0014964846803732627
219,16 HY MM Glut,0.0017251412480170994,0.010027055159874999,0.026815492113265598,-9.256617230250125e-05,0.00010742375325235603,0.00010742375325235603,7.420368296548837e-05
219,19 MB Glut,0.003075601493050718,0.016008078999350993,0.04780696518342825,-0.00040216981031514465,-0.0010987514673257892,-0.0010987514673257892,-0.0013531003646824957
219,20 MB GABA,0.0027264015367068823,0.014613024726566339,0.04237902200135322,-0.0004267017380852245,-0.001729661476227954,-0.001729661476227954,-0.001888214857489401
219,21 MB Dopa,0.0017711697044100476,0.009560636830630903,0.027530955679399435,-0.0007256533451745936,-0.002532151511957192,-0.002532151511957192,-0.0017957684753915622
219,22 MB-HB Sero,0.0012147998975282582,0.00730835679213729,0.018882776763240423,-0.000399754724084255,-0.0018153298527736575,-0.0018153298527736575,-0.0008830001476342062
219,23 P Glut,0.002577185634285942,0.014138386148642794,0.04005961896166492,-0.00032081260959173236,-0.0012735190065150163,-0.0012735190065150163,-0.0013141701933564937
219,24 MY Glut,0.001100380248985206,0.007272221789623538,0.01710424460731667,0.0005035994641357799,0.002589091327278341,0.002085491863142561,0.0009188651202894735
219,26 P GABA,0.0019434832284775194,0.011587977278957693,0.030209386764941767,-0.000557125654060397,-0.00245449804518832,-0.00245449804518832,-0.0019100466207578816
219,30 Astro-Epen,0.0003818293486687271,0.0024815001692709824,0.005935132499792913,-0.00029532424401160554,-0.0010300144389580493,-0.0010300144389580493,-0.00015747553751209675
219,31 OPC-Oligo,0.000488900307645264,0.0031621697122505947,0.007599437065749619,9.151187856010543e-05,0.0008943399161868479,0.0008028280376267424,0.00015716047100802256
219,33 Vascular,0.00034135490378537763,0.002201279339031896,0.005306000155525005,-5.2115831013844406e-05,0.00012594858101991674,0.00012594858101991674,1.721471769481664e-05
219,34 Immune,0.00026331525244538303,0.0016347901357115578,0.004092956494645082,-0.0001979227178877496,-0.000548723041460791,-0.000548723041460791,-5.785350737418342e-05
220,01 IT-ET Glut,3.5183542162301414e-05,0.00023455694774867606,0.000510288222103381,-0.0007994194629898342,-0.0011211924634261098,-0.0011211924634261098,-3.896619515416404e-06
220,02 NP-CT-L6b Glut,4.645318630627338e-05,0.0003096879087084892,0.0006737386969713458,0.0002656321652407351,0.0005002242598841155,0.00023459209464338037,1.0764581550293113e-06
220,03 OB-CR Glut,0.0017354167331959905,0.008698596339182787,0.025169799996428592,-0.0012182286383825753,0.0035559071729387697,0.0035559071729387697,0.0006095684302710791
220,04 DG-IMN Glut,0.00016028805942450226,0.001068587062830015,0.0023247548098147518,-0.0024376091433834456,-0.004050029854872679,-0.004050029854872679,-6.412504257624883e-05
220,05 OB-IMN GABA,0.0005093226194691693,0.0033569921119933946,0.0073870144389395565,-0.003571467593206097,-0.008317395843046178,-0.008317395843046178,-0.0004184548500148037
220,06 CTX-CGE GABA,9.197629050674305e-05,0.0006131752700449536,0.0013339878498259746,-0.0018975158442441254,-0.0023676245082042352,-0.0023676245082042352,-2.151082107006598e-05
220,07 CTX-MGE GABA,5.541980947747866e-05,0.0003694653965165244,0.0008037870637673406,-0.0017076213032680124,-0.002523643389342006,-0.002523643389342006,-1.381533069263959e-05
220,09 CNU-LGE GABA,6.993578911607144e-05,0.00046623859410714293,0.0010143211085686405,-0.00028598437261155883,6.523966739365861e-05,6.523966739365861e-05,4.506916258242317e-07
220,11 CNU-HYa GABA,0.00014588147761581741,0.0009725431841054496,0.0021158074280011687,0.0002907803780071156,0.0010104992742546875,0.0007197188962475719,1.037125541028328e-05
220,12 HY GABA,0.00016651641090614097,0.0010884633800236725,0.0024150883637684474,0.0011895799935635865,0.001419263141613403,0.0002296831480498164,3.777934676437687e-06
220,13 CNU-HYa Glut,3.693574692853974e-05,0.0002462383128569316,0.0005357015091112726,0.0011833934424459527,0.0021261633696745908,0.000942769927228638,3.4397024642948046e-06
220,14 HY Glut,0.00012288138697812828,0.0007902693802942567,0.0017822231826860775,-0.0007692655367484933,-0.0016312279137661431,-0.0016312279137661431,-1.9800174603261442e-05
220,16 HY MM Glut,3.898568111754045e-05,0.00025990454078360294,0.0005654329462675616,-0.0010415428385506828,-0.0011473843242917827,-0.0011473843242917827,-4.418575795294049e-06
220,19 MB Glut,3.6856286145237964e-05,0.00024570857430158646,0.0005345490412428881,-0.00013372335804327724,-0.00015579508361791616,-0.00015579508361791616,-5.671965629722794e-07
220,20 MB GABA,3.1958385852217054e-05,0.00021305590568144707,0.00046351182671128043,-0.0002978777018290044,-0.0004093873393863451,-0.0004093873393863451,-1.292371923228128e-06
220,21 MB Dopa,4.2374318372881435e-05,0.00028249545581920954,0.0006145804048265813,-0.00040638955555972453,-0.0006049137128161618,-0.0006049137128161618,-2.5320042233752778e-06
220,22 MB-HB Sero,4.461908359880301e-05,0.00029746055732535344,0.0006471375945174584,-9.839359043316143e-05,-7.917721423296908e-05,-7.917721423296908e-05,-3.489708366528968e-07
220,23 P Glut,6.077202377621421e-05,0.00040514682517476137,0.0008814134694947453,-0.00026411237504475214,-0.00036430576545014716,-0.00036430576545014716,-2.186945771837017e-06
220,24 MY Glut,2.3195888487771342e-05,0.0001546392565851423,0.0003364240201265417,-0.0006191428408138458,-0.0012917696149304463,-0.0012917696149304463,-2.9598135080888274e-06
220,26 P GABA,6.34912327014665e-05,0.0004232748846764434,0.0009208518035201751,-0.00027489863908830515,-0.0003471353134879655,-0.0003471353134879655,-2.1771122722230288e-06
220,30 Astro-Epen,0.0003814372616255616,0.0023838513839761727,0.005532215635964212,-0.00018497320750658297,-0.0010788102620250778,-0.0010788102620250778,-4.0647744838294936e-05
220,31 OPC-Oligo,0.00018598229912904473,0.0012398819941936317,0.002697413930850547,-0.00031396757346984747,-0.00012794172767558904,-0.00012794172767558904,-2.350455828281611e-06
220,33 Vascular,0.0011987482859668374,0.00768628851575569,0.017386172454544012,0.00010045749904148876,-7.35027454565228e-05,-0.00017396024449801157,-2.0599006726002544e-05
220,34 Immune,0.06366374019623788,0.1585757593592372,0.9233537842019474,-0.023409012643079118,-0.033842144927455346,-0.033842144927455346,-0.2128228728312043
221,01 IT-ET Glut,0.0046665571617053045,0.02073248282310678,0.027582455540285166,0.002051434776049514,0.007231096683982673,0.005179661907933159,0.004841568933270049
221,02 NP-CT-L6b Glut,0.004350492862924851,0.019780236158368093,0.025714305388708,0.0011359337794863077,0.004377367986315024,0.003241434206828716,0.002824644443684946
221,03 OB-CR Glut,0.01030399353396607,0.03596967084215742,0.06090345273605221,0.007267391318339531,0.017187499111158085,0.009920107792818555,0.020474348225328436
221,04 DG-IMN Glut,0.0064773495166403315,0.023942414302615435,0.038285442323036115,-0.001782108600714143,-0.0038961476204201297,-0.0038961476204201297,-0.005054996418854765
221,05 OB-IMN GABA,0.012873380548974734,0.05248798499524406,0.07609023833654496,-0.000531522775465437,0.0001472198328670178,0.0001472198328670178,0.00037961821664767275
221,06 CTX-CGE GABA,0.006169373303839428,0.026200139549372465,0.036465098137229104,0.00047845532709739146,0.003742641258202473,0.0032641859311050817,0.00403370427278521
221,07 CTX-MGE GABA,0.004710681574870577,0.021149618022563065,0.027843260159664894,0.0011821327283105853,0.004703433630741087,0.0035213009024305016,0.0033225766081768694
221,09 CNU-LGE GABA,0.005513772540302726,0.023783425534708066,0.03259006172691328,0.001598025864881318,0.005087787142557364,0.0034897612776760463,0.003854186113218142
221,11 CNU-HYa GABA,0.008843021796067607,0.03364186659670112,0.052268138389774774,-0.0010463732970633108,-0.0033164686127801755,-0.0033164686127801755,-0.005874416074954858
221,12 HY GABA,0.008206479824688036,0.032679174709635495,0.04850575211297484,-0.0013447515318183781,-0.002874062149386367,-0.002874062149386367,-0.004724340356432025
221,13 CNU-HYa Glut,0.0033865626916521653,0.01596666272306839,0.020016837175685535,0.0018820837720447243,0.007616684183101487,0.005734600411056763,0.0038900071342681097
221,14 HY Glut,0.00536119589196618,0.023104824315315634,0.031688232289621955,0.001819452783305257,0.00832879063241505,0.006509337849109793,0.006990151779192421
221,16 HY MM Glut,0.008892455315171962,0.03150329723376681,0.05256032335518886,0.0020142127046749833,0.005288231441627773,0.00327401873695279,0.0058316435255087356
221,19 MB Glut,0.00787284952474323,0.02825260424792428,0.04653377521518049,0.0012627020121555308,0.004124275743232182,0.0028615737310766507,0.004512580972559579
221,20 MB GABA,0.008873050865651471,0.029996949677505706,0.05244563015683381,0.003003512707023512,0.007883936291868109,0.004880423584844596,0.008673983767221305
221,21 MB Dopa,0.008064953523507628,0.0267565313430228,0.04766923757456445,0.004065448267457463,0.008810468262998422,0.004745019995540959,0.007665280159452278
221,22 MB-HB Sero,0.009733959407928844,0.029001515487197954,0.057534172045162424,-0.0004038971340388441,0.0019703055767992437,0.0019703055767992437,0.0038415919628954085
221,23 P Glut,0.007757891908109394,0.028561201422069533,0.045854299267507496,0.002184005466473818,0.00586691885015711,0.003682913383683292,0.005722994729649172
221,24 MY Glut,0.004839790294687688,0.022288147631911528,0.028606378535979235,0.0032530710824668326,0.009435221377994362,0.0061821502955275295,0.00599313720065156
221,26 P GABA,0.007766193792415666,0.028695696493836735,0.04590336892353945,0.002464278125457922,0.00674451134769925,0.004280233222241328,0.006658306357131872
221,30 Astro-Epen,0.006722425254779198,0.02781436850421986,0.03973400288213309,-0.0013357270053784645,-0.0022157300938714466,-0.0022157300938714466,-0.0029835337506420602
221,31 OPC-Oligo,0.005862201939933387,0.024021949391908094,0.03464951114352109,-0.001106675357056433,-0.0010891726985346934,-0.0010891726985346934,-0.0012789266530041418
221,33 Vascular,0.006880699595901598,0.029868372572621718,0.040669509472087986,-4.690019445344053e-05,0.0015242809828884994,0.0015242809828884994,0.0021008050149208934
221,34 Immune,0.005056371440999946,0.02368274935966488,0.029886517111810763,-0.0024953377915441716,-0.00579405249641531,-0.00579405249641531,-0.005868262224945762
222,01 IT-ET Glut,2.9006610599142472e-05,0.0001933774039942831,0.0015165329428986002,1.0148969546366374e-05,-3.1135262176095286e-05,-4.128423172246166e-05,-1.4074936635432466e-06
222,02 NP-CT-L6b Glut,4.1150251193214176e-05,0.0002743350079547612,0.0021514306654258544,-1.778552627960278e-05,-8.850495739369021e-05,-8.850495739369021e-05,-4.280606873633074e-06
222,03 OB-CR Glut,0.00020105491235770766,0.0013403660823847177,0.01051161758041005,0.0005825898048041753,0.001944872909624267,0.0013622831048200916,0.0003219195231233137
222,04 DG-IMN Glut,4.889193232087387e-05,0.00032594621547249247,0.002556183727607459,8.695856733795276e-05,-6.469519138833955e-05,-0.00015165375872629232,-8.714764130539903e-06
222,05 OB-IMN GABA,0.000312858283409025,0.002074038909621472,0.01635695737793369,-0.0002771285543289356,-0.001701228773502124,-0.001701228773502124,-0.0006255695977190316
222,06 CTX-CGE GABA,6.723328063706488e-05,0.0004482218709137659,0.0035151119982377325,0.00023285318899979456,0.0008180167444346122,0.0005851635554348177,4.624095870665215e-05
222,07 CTX-MGE GABA,7.901892183732985e-05,0.0005267928122488657,0.004131292681337371,5.561671376167723e-05,0.00010679159748823958,5.117488372656235e-05,4.752840289393712e-06
222,09 CNU-LGE GABA,6.780567120037353e-05,0.00045203780800249024,0.0035450379057302647,0.00037916457380580103,0.001626694166732902,0.001247529592927101,9.942191691095975e-05
222,11 CNU-HYa GABA,0.00010192066635221283,0.0006794711090147523,0.0053286490524982995,-0.00013147956399630278,-7.965265632451407e-05,-7.965265632451407e-05,-9.541744309146603e-06
222,12 HY GABA,0.00017393615602820197,0.0011595743735213463,0.00909378604150729,-0.00022210377379759197,-9.142746498725676e-05,-9.142746498725676e-05,-1.8690968379769638e-05
222,13 CNU-HYa Glut,7.142489234916077e-06,4.761659489944051e-05,0.0003734259189651435,-0.0002529010545480595,-0.0005668121075149796,-0.0005668121075149796,-4.75832355327637e-06
222,14 HY Glut,0.00015362614695114382,0.0010241743130076253,0.008031931615922012,0.0012848959201420525,0.0036277460417888673,0.0023428501216468146,0.00042303363721441585
222,16 HY MM Glut,0.00014937351639775042,0.0009958234426516695,0.007809594217825977,-0.00013311046718924747,-0.0007311577861085048,-0.0007311577861085048,-0.0001283659888108614
222,19 MB Glut,9.399249136189754e-05,0.0006266166090793171,0.004914145658219156,0.00014972743342903355,0.0011664323159562974,0.0010167048825272637,0.00011231902552600626
222,20 MB GABA,0.000146795744550714,0.0009786382970047602,0.00767482232119415,-1.999404249577659e-05,0.0006403076266199135,0.0006403076266199135,0.00011047586159259817
222,21 MB Dopa,4.2416813005216306e-05,0.0002827787533681088,0.0022176494573647983,3.592759967502516e-05,0.00027332409808431473,0.00023739649840928958,1.1835254466486065e-05
222,22 MB-HB Sero,6.079434980078776e-05,0.000405295665338585,0.003178469745711042,-9.939067244142154e-05,0.002529924241140106,0.002529924241140106,0.00018077400963830039
222,23 P Glut,0.00028754222572807757,0.0019132168389920975,0.015033375109462345,-6.0583715852887404e-05,0.0011035405391472163,0.0011035405391472163,0.00037295392191436693
222,24 MY Glut,2.6036055651297724e-05,0.00017357370434198483,0.001361225433884425,4.035467163366754e-06,-0.0003679003155630615,-0.00037193578272642826,-1.1381733437961433e-05
222,26 P GABA,0.000165976701469158,0.0011065113431277202,0.008677647278757413,4.1903473164877236e-05,0.0010148140939471196,0.0009729106207822424,0.000189795246157564
222,30 Astro-Epen,0.016248098903106255,0.05213902062390588,0.8494883316964895,-0.0010285526936353248,-0.003234257953847753,-0.003234257953847753,-0.061765002793899904
222,31 OPC-Oligo,0.00033978703838138296,0.002265166465279791,0.01776485520478398,0.001412431639109673,0.0046629455729435675,0.0032505139338338948,0.001298147665670846
222,33 Vascular,0.00016882257616896392,0.001125483841126426,0.008826436214950632,-0.0011529425247993213,-0.002772492994353713,-0.002772492994353713,-0.000550131150635821
222,34 Immune,0.0001136424316071287,0.0007576162107141912,0.005941490152882833,-0.00036187692280420216,-0.0008221377751183913,-0.0008221377751183913,-0.000109812145715885
223,01 IT-ET Glut,0.028812361880683302,0.09043267312476848,0.33569187464122546,0.010236846512937065,0.02449607845344071,0.014259231940503644,0.1110001211279899
223,02 NP-CT-L6b Glut,0.003453961811284644,0.01824167456259719,0.04024199474416178,0.00025029584045262773,0.0011164980226870832,0.0008662021822344554,0.0008083236089805104
223,03 OB-CR Glut,0.0032632236343726213,0.012942370680376635,0.03801971055800578,-0.001835961861578888,-0.0054044254399107945,-0.0054044254399107945,-0.004764801644594325
223,04 DG-IMN Glut,0.0024690345754713144,0.012338107795828467,0.028766640118790272,-0.003168928154092444,-0.010004419157171788,-0.010004419157171788,-0.00667371274377268
223,05 OB-IMN GABA,0.00014708317710256374,0.0009805545140170917,0.001713661228267762,-0.0008009336974234998,-0.0017058095309844309,-0.0017058095309844309,-6.778631065318561e-05
223,06 CTX-CGE GABA,0.0014259325336356352,0.008851778728393683,0.0166134927539202,-0.0005408981227305751,-0.0008465524470502909,-0.0008465524470502909,-0.0003261379265802512
223,07 CTX-MGE GABA,0.0015795631463306613,0.009877700602346672,0.01840343793756893,-0.0009704619496210458,-0.0030763645720216725,-0.0030763645720216725,-0.001312874618458966
223,09 CNU-LGE GABA,0.00236437035496364,0.012107691370184743,0.02754720074982832,0.0006235614762175936,0.0015241205107543031,0.0009005590345367095,0.0005752758615132464
223,11 CNU-HYa GABA,0.002994693234716285,0.017175697034468276,0.03489107175942023,0.0004499256326746331,0.0008350173785380801,0.00038509174586344696,0.00031157672636868784
223,12 HY GABA,0.0036132150139412066,0.02149590549789801,0.04209744853735607,-0.0003501118169402418,-0.002443616782776752,-0.002443616782776752,-0.0023854777160883895
223,13 CNU-HYa Glut,0.0017455689533769437,0.010084662604606403,0.020337566101010368,-0.00035316402784232203,-0.001451871101282065,-0.001451871101282065,-0.0006847208121192202
223,14 HY Glut,0.0028345074720026423,0.016138431638306003,0.033024752739866735,0.0005405229796568862,0.0021715616732971635,0.0016310386936402772,0.0012490802134524223
223,16 HY MM Glut,0.0020142976233615078,0.011625798349166269,0.023468514940627752,-0.0002569316387420752,-0.0024918487628216505,-0.0024918487628216505,-0.0013561064423467336
223,19 MB Glut,0.0028964883679957884,0.016613277572395675,0.0337468901076412,-0.0005903865341122802,-0.002624536709341933,-0.002624536709341933,-0.0020538697519030718
223,20 MB GABA,0.0021793010932215527,0.012694629264218943,0.02539096490668766,-3.4073171028726416e-05,0.0004261186000635057,0.0004261186000635057,0.00025089741502343156
223,21 MB Dopa,0.0032732343085324638,0.018419464580261186,0.038136344591309136,0.00015975279980750854,0.001599250084548445,0.0014394972847409364,0.0012730234483973534
223,22 MB-HB Sero,0.003368944499310152,0.017859214281591568,0.0392514608562472,0.0009515203661155631,0.0032596098121754316,0.0023080894460598684,0.002100849540790565
223,23 P Glut,0.0021765629801885566,0.012825355785922136,0.0253590632423662,0.00017886581205142722,-0.00013191124902182323,-0.00031077706107325044,-0.00018275474100416992
223,24 MY Glut,0.01046298259332423,0.03806996643850413,0.12190386389136329,-0.0011719566860882472,0.0006861830681627573,0.0006861830681627573,0.0019397419528384915
223,26 P GABA,0.003454284860215551,0.01782699220939489,0.04024575857656351,0.00021132963440337904,0.0009879532009007348,0.0007766235664973558,0.0007247983111037033
223,30 Astro-Epen,0.0003123010814644308,0.002058177105565283,0.003638609563611054,0.0005390894415863179,0.0009786776581158774,0.00043958821652955945,3.7090952743322894e-05
223,31 OPC-Oligo,0.0005186483610344822,0.003241177350220476,0.00604275488820618,0.0006596131315112384,0.002088123414286232,0.0014285102827749935,0.00020017269638659277
223,33 Vascular,0.00029141015255592376,0.0018509987186639944,0.0033952100423453235,0.0008808770893965438,0.0016553417192560372,0.0007744646298594933,6.097540940367327e-05
223,34 Immune,0.00017781464328495838,0.001129947497420323,0.0020717125236097743,0.0005788224665170843,0.0011461363704521387,0.0005673139039350544,2.72545746750552e-05
224,01 IT-ET Glut,0.0021870089484594844,0.010665647852279206,0.007098486888183899,-0.001728324451361064,-0.004738346135180143,-0.004738346135180143,-0.00016794640583718613
224,02 NP-CT-L6b Glut,0.0019632189093377514,0.009625515358013986,0.006372120103296822,-0.0010417450359398916,-0.0030639249423543313,-0.0030639249423543313,-9.748554453932257e-05
224,03 OB-CR Glut,0.0035678818796605356,0.01721605034815638,0.011580456842300125,-0.0018425967044955157,-0.007887774977577384,-0.007887774977577384,-0.0004560981932916766
224,04 DG-IMN Glut,0.0032387278153476196,0.013383096179208898,0.010512104647690456,-0.0018500099160623635,-0.008184087687032156,-0.008184087687032156,-0.0004295741075220711
224,05 OB-IMN GABA,0.001498392779337175,0.006990302241527914,0.004863410140578769,-0.005040884472563353,-0.01569972492773765,-0.01569972492773765,-0.00038125108315908654
224,06 CTX-CGE GABA,0.002792716003177295,0.013255141159742967,0.009064461279383113,-0.0006873266174225438,-0.0036883972249603545,-0.0036883972249603545,-0.0001669390092371044
224,07 CTX-MGE GABA,0.0035963565368464464,0.015360247730574744,0.011672878494631313,-0.0013702796743198214,-0.00319265465871147,-0.00319265465871147,-0.00018608358157895427
224,09 CNU-LGE GABA,0.0020520462353637078,0.01043445132684708,0.006660431502091891,0.007108403915390194,0.00939214761631426,0.0022837437009240657,7.595001704714073e-05
224,11 CNU-HYa GABA,0.005009600947183853,0.020396190102350692,0.01625991821554589,0.008143203713606675,0.0007814142284897457,-0.00736178948511693,-0.0005976953790088303
224,12 HY GABA,0.008008558542377791,0.03245194232973554,0.025993788386812842,0.011391938716009568,0.006906575717999881,-0.004485362998009688,-0.0005821639679770938
224,13 CNU-HYa Glut,0.21901355087699867,0.27284394537190787,0.7108634925019711,-0.19453595451098457,-0.23027367315341596,-0.23027367315341596,-0.8173510906053743
224,14 HY Glut,0.004837793128297405,0.020562505220562004,0.015702272783636707,0.003607198220529503,-0.001115477266823317,-0.00472267548735282,-0.0003702787332588155
224,16 HY MM Glut,0.007286984156767502,0.025069860473734717,0.02365173746895448,-0.0026747004951329654,-0.006890660327807053,-0.006890660327807053,-0.0008137706809807475
224,19 MB Glut,0.00475115169203431,0.021688038047938504,0.015421056239131842,0.0018447401557388575,0.001583983523426279,-0.0002607566323125784,-2.0078332013808712e-05
224,20 MB GABA,0.004096312605817691,0.018832554021448743,0.013295611498426375,2.0250221715480686e-05,-0.001248235877959996,-0.0012684860996754767,-8.421164982271597e-05
224,21 MB Dopa,0.006210636896084231,0.02425252682783257,0.020158182071078886,-0.00014104301541301303,-0.0020975671003673974,-0.0020975671003673974,-0.0002111277760791998
224,22 MB-HB Sero,0.009775556089676112,0.036318596036825086,0.03172902277155802,-0.005475952908515671,-0.015701533892269446,-0.015701533892269446,-0.002487579243091539
224,23 P Glut,0.005126502195424003,0.021711235320942008,0.016639350580662432,3.7186831789516326e-05,-0.00204605398042032,-0.0020832408122098364,-0.00017308283266282098
224,24 MY Glut,0.004237703623204852,0.019625713186058057,0.013754531560795907,-0.0013683186370891376,0.0006748194285724217,0.0006748194285724217,4.634592226863525e-05
224,26 P GABA,0.005421958147388747,0.02442294413488925,0.017598327087153157,0.0011021934473604304,0.001678968965738093,0.0005767755183776627,5.068230411085725e-05
224,30 Astro-Epen,0.0008851649336714416,0.005095565961019283,0.002873025133240922,-0.00010419927272631208,-0.002600499889197459,-0.002600499889197459,-3.73056328543637e-05
224,31 OPC-Oligo,0.0009145173635618747,0.005500409156763232,0.0029682958173688234,0.003509600408052268,0.004147567733146833,0.0006379673250945647,9.455483976631061e-06
224,33 Vascular,0.0010666564945924798,0.006464642037869531,0.003462101582343474,0.004161704777478045,0.0029130680548316488,-0.0012486367226463963,-2.1585099596246778e-05
224,34 Immune,0.0005560920414867222,0.0035752374887022898,0.0018049364031626149,0.003609131056835339,0.002403672132554809,-0.0012054589242805301,-1.0864067808434152e-05
225,01 IT-ET Glut,4.340204000263e-06,2.8934693335086668e-05,7.01722396904202e-05,4.745257771943887e-05,-0.0003819382821621127,-0.0004293908598815516,-1.678452554031406e-07
225,02 NP-CT-L6b Glut,3.4762000854383316e-06,2.3174667236255544e-05,5.620305994659614e-05,0.0002051853304507083,0.00015393576610527455,-5.124956434543376e-05,-1.604504998996193e-08
225,03 OB-CR Glut,5.4271724165794803e-05,0.00036181149443863204,0.0008774630032007137,0.006201459187050801,0.00847114547343641,0.002269686286385608,1.1093934137690352e-05
225,04 DG-IMN Glut,1.2162137091318068e-06,8.108091394212044e-06,1.9663693205849444e-05,-0.000313634505514754,-0.0012920987534115397,-0.0012920987534115397,-1.415310512865459e-07
225,05 OB-IMN GABA,5.711508917248384e-05,0.0003807672611498923,0.0009234344116332772,-0.0010906895739713066,-0.002577328519194979,-0.002577328519194979,-1.3257656708179151e-05
225,06 CTX-CGE GABA,5.406267024016061e-06,3.6041780160107065e-05,8.740830279329757e-05,0.002808195327872384,0.003670271838683653,0.000862076510811269,4.197487726902144e-07
225,07 CTX-MGE GABA,1.966074996345972e-06,1.310716664230648e-05,3.1787419643079325e-05,0.001056570131456498,0.0010639548710723486,7.384739615850589e-06,1.3076195274211863e-09
225,09 CNU-LGE GABA,5.227849691319111e-06,3.4852331275460735e-05,8.4523658699569e-05,0.001971713750413291,0.0030342758984249294,0.0010625621480116385,5.002920065310012e-07
225,11 CNU-HYa GABA,5.743363107440174e-06,3.828908738293449e-05,9.28584583996482e-05,0.0013163909551641055,0.0018205745968395794,0.0005041836416754739,2.6079613785888767e-07
225,12 HY GABA,1.0162073284913132e-05,6.774715523275421e-05,0.0001642999827329151,0.0012672140363572597,0.0016446888918199756,0.0003774748554627159,3.454748848115284e-07
225,13 CNU-HYa Glut,1.5349360710830093e-05,0.00010232907140553394,0.0002481678323944726,0.0017923761286754096,0.0023653849205816802,0.0005730087919062707,7.921322743497099e-07
225,14 HY Glut,1.0670076070188657e-05,7.11338404679244e-05,0.00017251335086252264,0.00029227664595045567,-0.0003604015420237856,-0.0006526781879742413,-6.272096699771789e-07
225,16 HY MM Glut,1.5208640006481352e-06,1.0139093337654233e-05,2.458926658367794e-05,0.00013985565684284832,4.345678745707942e-05,-9.63988693857689e-05,-1.3204089247146827e-08
225,19 MB Glut,5.234494068640551e-06,3.4896627124270346e-05,8.463108471870668e-05,-0.00011179539263737816,-0.0003173178567367099,-0.0003173178567367099,-1.4959440645442423e-07
225,20 MB GABA,5.358882946892267e-06,3.572588631261512e-05,8.664219898406679e-05,-0.00045708162038545446,-0.000804454033803643,-0.000804454033803643,-3.8825909268335765e-07
225,21 MB Dopa,1.1998202962476467e-05,7.998801974984311e-05,0.00019398645180876057,-0.0004820281964357476,-0.0009081163164043852,-0.0009081163164043852,-9.813045526876387e-07
225,22 MB-HB Sero,3.855390594143308e-07,2.5702603960955386e-06,6.233379648883369e-06,-0.0006467994182341192,-0.0011167004506400732,-0.0011167004506400732,-3.877494634698993e-08
225,23 P Glut,7.931430264219074e-06,5.287620176146049e-05,0.00012823503815832338,-0.0004774418276290857,-0.0007346935833108375,-0.0007346935833108375,-5.24812158083566e-07
225,24 MY Glut,0.0,0.0,0.0,0.0001339063978691561,-1.8145713396728488e-05,-0.0001520521112658846,-0.0
225,26 P GABA,4.578593565227842e-06,3.0523957101518956e-05,7.40265123677861e-05,-0.00041602887309371027,-0.0006474575648280405,-0.0006474575648280405,-2.6698664239239996e-07
225,30 Astro-Epen,4.489925226086313e-05,0.0002993283484057542,0.0007259292630897094,0.0008120247360884481,0.0013737954467374902,0.0005617707106490422,2.271665233756934e-06
225,31 OPC-Oligo,2.989281216243577e-05,0.00019928541441623852,0.00048330575704645255,0.0015133638899914733,0.0023740265274828976,0.0008606626374914243,2.3171057444183435e-06
225,33 Vascular,0.0004239868169813877,0.002826416251853966,0.006855001411222466,-2.4082327516512e-05,0.0001535700238045937,0.0001535700238045937,5.864148175411296e-06
225,34 Immune,0.06113999504842342,0.18158459085830753,0.9885089242231688,0.03560029469950953,0.07428373829577793,0.0386834435962684,0.21300836451430316
226,01 IT-ET Glut,0.0009187978685524803,0.005855831967845549,0.004901028204442627,-0.00041866033887793126,-0.000753157532317967,-0.000753157532317967,-3.6896914112990706e-05
226,02 NP-CT-L6b Glut,0.0007496832050707905,0.004898447465379828,0.0039989410709424435,-5.5475139259631265e-05,0.0008776429980080161,0.0008776429980080161,3.5081642319350416e-05
226,03 OB-CR Glut,0.00150646288841913,0.008730920447662053,0.008035735995687656,0.00032898133657490434,0.0027557004689924705,0.0024267191324175664,0.00019492259923103205
226,04 DG-IMN Glut,0.0009043236960789876,0.005760772618115898,0.004823820442042923,-0.0003527557098024046,0.0005069621198000447,0.0005069621198000447,2.4444640992356604e-05
226,05 OB-IMN GABA,0.0003401416093478362,0.002266909957441124,0.00181437471502257,-0.0005385086502123949,-0.0021835051363540687,-0.0021835051363540687,-3.9600276883651424e-05
226,06 CTX-CGE GABA,0.0015477664447779119,0.009324276098713148,0.008256056374724988,-0.0006948127403337405,-0.0019114209012362402,-0.0019114209012362402,-0.00015774151228238438
226,07 CTX-MGE GABA,0.0018920695724064607,0.011211926553510962,0.010092629354638191,-0.00023413842065859243,0.00040820736962591007,0.00040820736962591007,4.1181502248566546e-05
226,09 CNU-LGE GABA,0.0007155446239140288,0.004722440969216645,0.0038168399202589552,-0.0002918232305698353,-0.0014497740695649931,-0.0014497740695649931,-5.531224594554125e-05
226,11 CNU-HYa GABA,0.008717451131700828,0.041146430555931715,0.0465004059430681,0.0030126200818401437,0.011660674470374837,0.008648054388534693,0.0040196864345061175
226,12 HY GABA,0.0078458618563278,0.03539422045070412,0.041851196614771824,0.0002185342757986223,-0.0001785536501577709,-0.00039708792595639323,-0.00016611604457716917
226,13 CNU-HYa Glut,0.003643020963442972,0.01777028683896941,0.01943250969806743,0.0005866839327001316,0.0018676297125335432,0.0012809457798334117,0.0002488150581127981
226,14 HY Glut,0.004038462839660924,0.021254365531990525,0.021541865689081237,0.0002709192618217087,0.0012111451846079332,0.0009402259227862244,0.00020245688678027465
226,16 HY MM Glut,0.007005226981160946,0.02893357666472041,0.037367103460178776,0.0005095122950665265,0.003170595649207075,0.0026610833541405483,0.000993950902755221
226,19 MB Glut,0.016969709736636716,0.05999708615463686,0.09051939375032489,0.005751362888343097,0.01104348673220313,0.005292123843860032,0.004788380517239773
226,20 MB GABA,0.017843266457794736,0.058150847007534034,0.09517909777785043,3.0122745010440994e-05,0.0017157836008324819,0.001685660855822041,0.0016037209596315813
226,21 MB Dopa,0.00859997859040884,0.03944498292530566,0.04587378690331496,0.0005852501694711343,0.003480651869527833,0.0028954017000566985,0.0013276709034036637
226,22 MB-HB Sero,0.0032487545110144,0.01788459098913902,0.01732942362271309,0.001449323984008888,0.00616630300658722,0.004716979022578332,0.0008170809455940055
226,23 P Glut,0.005708745572151511,0.026571147857157935,0.030451445327339066,0.0006031569921879692,-0.00023349975414395605,-0.0008366567463319253,-0.00025466675090632835
226,24 MY Glut,0.03538546878143225,0.06558194514772285,0.1887522669142084,-0.00943035352304253,-0.008555408549764765,-0.008555408549764765,-0.016141725191510442
226,26 P GABA,0.05817554772410114,0.21946008669555117,0.31031852593858317,-0.010538699115426145,-0.01153264830420527,-0.01153264830420527,-0.03577286894071856
226,30 Astro-Epen,0.0005534949145637124,0.0033075327040757714,0.00295243848526339,-0.0005926582939893743,-0.0029630444097563206,-0.0029630444097563206,-8.74452126303468e-05
226,31 OPC-Oligo,0.0006622276434365887,0.004275737548604555,0.0035324378400633095,4.158837940189328e-05,0.0003242718485184907,0.00028268346911659745,9.98141149880328e-06
226,33 Vascular,0.0003364835507876465,0.001895717007020591,0.001794861992158685,-0.00040563740058925207,-0.001073427680642017,-0.001073427680642017,-1.925842963241703e-05
226,34 Immune,0.00016193957614462972,0.0010758517217192261,0.0008638139652529913,-0.0007015666454250543,-0.002776587559372534,-0.002776587559372534,-2.3974447866524192e-05
227,01 IT-ET Glut,5.739080269278746e-05,0.0003826053512852498,0.0016595632931573978,0.0004029470849409574,0.0011417430762924233,0.000738795991351466,1.7592627930924448e-05
227,02 NP-CT-L6b Glut,0.0001080429728145905,0.0007202864854306032,0.0031242663171398874,0.0003943584778960369,0.001081549555611715,0.0006871910777156782,3.080618548120703e-05
227,03 OB-CR Glut,0.0008342884922637334,0.005438939948412301,0.024125025138192122,0.0032398323252469914,0.006545216216941085,0.003305383891694094,0.0011442002754320172
227,04 DG-IMN Glut,7.689692529017547e-05,0.0005126461686011698,0.002223619614650902,0.0002959270747863746,0.001006290642719441,0.0007103635679330663,2.2664886227471635e-05
227,05 OB-IMN GABA,0.0007854560184514734,0.00517610848734292,0.022712942064764728,0.0003363766953068485,0.003142155360816384,0.0028057786655095356,0.0009144062143443389
227,06 CTX-CGE GABA,4.6816522317667376e-05,0.0003121101487844492,0.0013537880340790064,0.002044341108591272,0.005952919244984913,0.0039085781363936405,7.592448182776353e-05
227,07 CTX-MGE GABA,6.530914339418465e-05,0.00043539428929456424,0.0018885370477343566,0.000926585191351964,0.002742626266793817,0.0018160410754418529,4.9211153306658154e-05
227,09 CNU-LGE GABA,0.00031107840232275384,0.0020298315490707578,0.008995418665816485,0.0013845801288778139,0.004805442865314509,0.0034208627364366957,0.0004415393322871882
227,11 CNU-HYa GABA,0.00044953684306344165,0.002994981533007096,0.012999205598560182,0.0005833024781198369,0.0008721316465297297,0.0002888291684098928,5.387288452669213e-05
227,12 HY GABA,0.00047580896214099565,0.0031356954308503415,0.013758913468268167,0.0006523227619927167,0.002183576807739202,0.0015312540457464853,0.0003023039039025345
227,13 CNU-HYa Glut,0.0006706535571923745,0.0038721915761795803,0.019393212391534898,0.0014520652267886736,0.005526543026202512,0.004074477799413838,0.0011337937973158775
227,14 HY Glut,0.0011627701662804079,0.004101689809201652,0.03362369222586254,-0.0014521332041299527,-0.003699499796527434,-0.003699499796527434,-0.0017848461081722059
227,16 HY MM Glut,5.428099542641648e-05,0.00036187330284277654,0.0015696373512658058,0.000372668548358025,0.0012208098459589782,0.0008481412976009532,1.9102046685730586e-05
227,19 MB Glut,0.0002618019854631472,0.0017286832872769292,0.007570498141943017,4.1959012212383085e-05,0.0004458595884346478,0.00040390057622226473,4.3874410781506054e-05
227,20 MB GABA,0.0001303719019266894,0.0008691460128445962,0.003769949412536111,-0.00015985436343802625,-0.0001536909537703184,-0.0001536909537703184,-8.313735348706077e-06
227,21 MB Dopa,0.0002495956062970696,0.0016639707086471304,0.007217527668349529,-2.383035158029926e-05,0.0005261300044536645,0.0005261300044536645,5.448712514991684e-05
227,22 MB-HB Sero,0.00023525619074469983,0.0015683746049646656,0.006802876424953802,-0.00013014271132509513,0.0011697952974296763,0.0011697952974296763,0.00011418651550969206
227,23 P Glut,0.00021517140150703818,0.0014344760100469215,0.006222086866249564,-0.0003248725756371092,-0.0008371995540369032,-0.0008371995540369032,-7.474418752461435e-05
227,24 MY Glut,0.00026306454786067287,0.001753763652404486,0.007607007514733472,0.00020482393381205148,0.0009213163756248843,0.0007164924418128328,7.820559523451202e-05
227,26 P GABA,0.00011363302520355238,0.0007575535013570159,0.003285913224244636,-0.00018169833848678593,-0.0001333554736460594,-0.0001333554736460594,-6.287518900834324e-06
227,30 Astro-Epen,0.000401675734609162,0.0025636427137532285,0.01161521138635639,0.00024494013056383765,0.0002993497310562373,5.4409600492399675e-05,9.068073303635035e-06
227,31 OPC-Oligo,0.0002706723659691586,0.001804473325959529,0.007827001922921942,0.0009438552721790244,0.002969580932288951,0.0020257256601099267,0.000227503685779544
227,33 Vascular,0.0024042322531504187,0.014584058207774328,0.06952290974063996,0.0003442573523621601,0.002440793941796039,0.002096536589433879,0.002091427208659598
227,34 Immune,0.02493806556446845,0.09430068911076002,0.7211311964860452,0.010487215389220908,0.03950295732558294,0.029015741936362034,0.30023431698721054
228,01 IT-ET Glut,2.846092130856919e-05,0.00018973947539046126,0.0014469959968059127,9.303463221733681e-05,0.00020092846136033035,0.00010789382914299354,2.9163634549175513e-06
228,02 NP-CT-L6b Glut,4.284376163806369e-05,0.00028562507758709134,0.0021782412068199327,0.00010118467506037466,0.00026850529716228045,0.0001673206221019058,6.8082132668006265e-06
228,03 OB-CR Glut,0.00017346019891709876,0.0011564013261139918,0.008818977106079406,0.0018703016507204899,0.005287519726753706,0.003417218076033216,0.0005629484420021977
228,04 DG-IMN Glut,7.158624568829233e-05,0.000477241637921949,0.003639552276409812,9.172943694830031e-05,-4.2270412685203224e-05,-0.00013399984963350354,-9.110243480877508e-06
228,05 OB-IMN GABA,0.0001654258700128042,0.0011028391334186945,0.008410499754433169,-0.00010708025811233104,0.001102737702423937,0.001102737702423937,0.00017324939916056882
228,06 CTX-CGE GABA,7.247327748144897e-05,0.0004831551832096598,0.003684650305381586,0.0009022378425203784,0.0029336834117265178,0.0020314455692061395,0.00013982318118201925
228,07 CTX-MGE GABA,0.00010843328351319999,0.0007228885567546665,0.005512911035556666,0.0002956780687795518,0.000706894638527073,0.00041121656974752124,4.234764868112569e-05
228,09 CNU-LGE GABA,4.289361967431516e-05,0.0002859574644954344,0.0021807760642857995,0.0008296067366024893,0.002954381170775074,0.002124774434172585,8.65568843305578e-05
228,11 CNU-HYa GABA,4.1793841559793624e-05,0.0002786256103986241,0.0021248616927222806,-4.244249423180315e-05,0.000376030160106143,0.000376030160106143,1.4925574551899662e-05
228,12 HY GABA,0.0001210997572269311,0.0008073317148462074,0.0061568935882893435,-0.00014215318137128242,0.0006319135681870367,0.0006319135681870367,7.2677007940733e-05
228,13 CNU-HYa Glut,0.0,0.0,0.0,-0.00016982446004701587,0.000283007143422224,0.000283007143422224,0.0
228,14 HY Glut,0.0001011662447125583,0.0006744416314170553,0.005143443865497215,0.0005789146336617301,0.001693778814585212,0.0011148641809234818,0.00010711583513623723
228,16 HY MM Glut,0.0001191266841661632,0.000794177894441088,0.006056579589688141,8.284402228448881e-05,0.00016343321300412214,8.058919071963333e-05,9.117629378296063e-06
228,19 MB Glut,0.00011254662187775073,0.0007503108125183381,0.005722039337570594,0.000650850959166345,0.0017877243142411028,0.0011368733550747578,0.00012151800712170553
228,20 MB GABA,0.0001417386112820878,0.0009410794388972749,0.0072062039346652874,0.0005975519367511401,0.0019447482166788,0.0013471962799276598,0.00018134898730730136
228,21 MB Dopa,9.20330996300766e-05,0.0006135539975338441,0.004679101048575839,8.233913970206545e-05,0.00034706690606050526,0.0002647277663584398,2.31387359899551e-05
228,22 MB-HB Sero,4.9066769826381685e-05,0.00032711179884254457,0.0024946282920783208,0.0015847491184782284,0.004113203955074619,0.002528454836596391,0.00011782535460223799
228,23 P Glut,0.00014974634703407815,0.0009983089802271877,0.00761332925049689,0.0009096618729984402,0.0025732969299351012,0.001663635056936661,0.00023659762825289828
228,24 MY Glut,3.301031711778664e-05,0.00022006878078524426,0.0016782941144055422,-1.9840474421423624e-05,-2.551593926047732e-05,-2.551593926047732e-05,-7.99939869032347e-07
228,26 P GABA,0.0001665670870980663,0.001110447247320442,0.00846852094552383,0.0008205529692771534,0.0023040494767864283,0.001483496507509275,0.00023467769050523055
228,30 Astro-Epen,0.01723308644101372,0.060952709940144026,0.8761560043121006,0.0018073307864566778,0.002687500305715292,0.0008801695192586141,0.014405405159195743
228,31 OPC-Oligo,0.00035652288063085346,0.0023754026238100964,0.018126158863565344,0.001409539306971811,0.005025838979183999,0.0036162996722121877,0.0012244693124689914
228,33 Vascular,0.00016549516966253601,0.0011033011310835734,0.008414023052735947,-0.0006435581953252834,-0.0013073105403878557,-0.0013073105403878557,-0.00020547555950166553
228,34 Immune,8.039326494322367e-05,0.0005359550996214912,0.0040873143663124065,-0.00032128154559541165,-0.00022280281560358857,-0.00022280281560358857,-1.7011257866654035e-05
229,01 IT-ET Glut,5.909964215848778e-05,0.0003939976143899186,0.0027962621293506854,2.5913588596578416e-05,0.00045925560627491096,0.00043334201767833257,1.730850962517972e-05
229,02 NP-CT-L6b Glut,8.150235506908296e-05,0.0005433490337938864,0.0038562322986897936,0.0003744279263599662,0.002392108623216598,0.002017680696856632,0.00011113903429700238
229,03 OB-CR Glut,0.0003686829747796325,0.0024525519826500033,0.017444001392563076,-0.000836089222459764,-0.004596015865658136,-0.004596015865658136,-0.0011451928392169613
229,04 DG-IMN Glut,0.0001658898456253231,0.0011058543304370422,0.007848972955233065,-0.0005004576315785455,-0.0027917415014401007,-0.0027917415014401007,-0.0003129961728548092
229,05 OB-IMN GABA,0.00040941334318998887,0.0027294222879332593,0.019371132971379646,-0.0013368593150104046,-0.00829056914102634,-0.00829056914102634,-0.0022939838692406793
229,06 CTX-CGE GABA,0.00019068134236437996,0.0012712089490958664,0.00902196691813119,-0.0005253204138781834,-0.002439701123418425,-0.002439701123418425,-0.00031440456874086545
229,07 CTX-MGE GABA,0.0001331706150203738,0.0008878041001358254,0.006300883286656758,-0.00033114337675947203,-0.0015004652184863745,-0.0015004652184863745,-0.00013504495350957343
229,09 CNU-LGE GABA,0.00010146423722972542,0.0006764282481981697,0.004800716107351044,-0.0008520952682913405,-0.005063824035835105,-0.005063824035835105,-0.0003472446971342628
229,11 CNU-HYa GABA,0.00032387731459619087,0.0021591820973079394,0.015324049965183408,9.863520693302134e-05,0.00021768550440001954,0.0001190502974669982,2.605883740668694e-05
229,12 HY GABA,0.0001552851994017405,0.0010352346626782698,0.007347220837163649,0.0004786349880347744,0.002221932939427076,0.0017432979513923015,0.00018295559926766633
229,13 CNU-HYa Glut,0.0001414218233802814,0.0009428121558685428,0.006691283983099517,0.00035992301476210316,0.0015582294652591194,0.001198306450497016,0.00011453239728231746
229,14 HY Glut,0.00026484682522393585,0.001765645501492906,0.012531059756105323,-3.3920145846618684e-05,-0.0006954216838169335,-0.0006954216838169335,-0.00012447640043746126
229,16 HY MM Glut,0.00010768873465510547,0.0007178880243660041,0.005095224259839601,-0.00038186627097871106,-0.0025118133746967375,-0.0025118133746967375,-0.00018281072211536668
229,19 MB Glut,0.00013889980740693588,0.0009217637500483687,0.006571956395007331,1.7712285195822873e-05,5.6652301695080484e-05,3.894001649925761e-05,3.6554579824480544e-06
229,20 MB GABA,0.00011888745845104487,0.0007925830563402992,0.005625084781899401,-0.00013233764333855626,-0.0006137819040617325,-0.0006137819040617325,-4.931671546938738e-05
229,21 MB Dopa,9.224216822353078e-05,0.0006149477881568719,0.0043643797544654075,-0.00018615651545560773,-0.0011721934373399355,-0.0011721934373399355,-7.30756706817461e-05
229,22 MB-HB Sero,0.00030644442396223046,0.0020007184616210255,0.014499223788501476,2.3082179494766893e-05,-9.208851147320776e-05,-0.00011517069096797465,-2.3852709407727502e-05
229,23 P Glut,0.00014771834378492465,0.0009847889585661643,0.006989199857225654,-0.0002051503833690156,-0.0012468249458529182,-0.0012468249458529182,-0.00012447551565472156
229,24 MY Glut,0.0004802978318100872,0.003048733765772435,0.022724987645410085,-0.0003455226232756478,-0.0018320211564305546,-0.0018320211564305546,-0.0005946824641243041
229,26 P GABA,0.0001700079481386177,0.0011333863209241181,0.008043818366848738,-0.00017991116340475893,-0.0009799872161878336,-0.0009799872161878336,-0.00011259877293411047
229,30 Astro-Epen,0.00033035122662282657,0.0021825946729447264,0.01563035901152726,-0.00015920656330812267,-0.0006483935411931226,-0.0006483935411931226,-0.00014476335022434273
229,31 OPC-Oligo,0.016213822963781033,0.09070019409639864,0.7671467621417065,-0.022629368645617595,-0.12242081715036407,-0.12242081715036407,-1.3414816065044726
229,33 Vascular,0.00037769542125317345,0.002517866716754807,0.017870419588111208,0.00025477288961749106,0.0014424017390448267,0.0011876288494273356,0.0003031562178873438
229,34 Immune,0.00025583776562852,0.001704095878998748,0.012104801808550107,4.378481758102044e-06,0.0002344246858240474,0.00023004620406594535,3.9776241748599376e-05
230,01 IT-ET Glut,5.339965201701728e-05,0.0003559976801134485,0.0020967009578792286,0.0006392810198199819,0.0018142501425408317,0.0011749691227208496,3.910075742290675e-05
230,02 NP-CT-L6b Glut,3.388613625791802e-05,0.00022590757505278682,0.0013305160552012775,0.00046379439488602336,0.001284994567588578,0.0008212001727025545,1.7341688235563326e-05
230,03 OB-CR Glut,0.0002847237167449705,0.0018981581116331366,0.011179482769660548,0.0013541839031212465,0.0037250029976654262,0.0023708190945441795,0.00042067078323731766
230,04 DG-IMN Glut,8.787491403106289e-05,0.0005858327602070859,0.0034503486345523167,0.0009591537580402955,0.0026412735770591973,0.001682119819018902,9.211749732063109e-05
230,05 OB-IMN GABA,0.00031007427650498636,0.002067161843366576,0.01217485522854214,0.00019604912701969937,0.002777500533329366,0.0025814514063096667,0.000498827034720788
230,06 CTX-CGE GABA,7.596281657449035e-05,0.000506418777163269,0.002982628243048884,0.0013047577732433842,0.004467754643044378,0.0031629968698009938,0.0001497338911761619
230,07 CTX-MGE GABA,0.0001367196330225271,0.0009114642201501806,0.0053682032502361055,0.0009669739517984017,0.002882610408060082,0.0019156364562616804,0.0001632165775201598
230,09 CNU-LGE GABA,5.4625524038597035e-05,0.0003641701602573136,0.002144833987679957,0.001017953018034256,0.003385062273963381,0.002367109255929125,8.058128885046334e-05
230,11 CNU-HYa GABA,3.0983276440814445e-05,0.0002065551762720963,0.001216537242059001,0.0011557164799980463,0.0030815138787830864,0.00192579739878504,3.7184181579245124e-05
230,12 HY GABA,0.0001835173454758824,0.0012234489698392161,0.0072056835487263994,0.000652823974838361,0.0028661071827187213,0.0022132832078803604,0.0002531246250084841
230,13 CNU-HYa Glut,9.184007761470427e-06,6.122671840980285e-05,0.00036060380813921443,0.0011651065937532768,0.003526394810251433,0.0023612882164981567,1.3514548196051693e-05
230,14 HY Glut,0.00011254652500075972,0.0007503101666717316,0.0044190626317166075,0.0012920769854706446,0.0042082953291533,0.002916218343682655,0.00020453725214550567
230,16 HY MM Glut,8.795016932883634e-05,0.0005863344621922421,0.00345330348255164,0.0006053557722777908,0.0012530154191565343,0.0006476596468787435,3.549799370962294e-05
230,19 MB Glut,0.00014460704291327755,0.0009640469527551836,0.00567789702629016,-0.00031018526722088435,-5.912367859981848e-05,-5.912367859981848e-05,-5.328085461291951e-06
230,20 MB GABA,0.0002638778894676826,0.0017541542988896007,0.010360985562859538,-0.000985596971262029,-0.0017543084227705204,-0.0017543084227705204,-0.0002884889877505651
230,21 MB Dopa,0.00022243054849959115,0.0014828703233306078,0.008733583955791942,-0.00034837720937866423,-0.000988948072190414,-0.000988948072190414,-0.00013708445521361218
230,22 MB-HB Sero,5.5151321026708066e-05,0.00036767547351138725,0.002165479048218387,-0.0032103502991898984,-0.0056466809842235345,-0.0056466809842235345,-0.00019407494036054212
230,23 P Glut,0.0002378706044804151,0.0015858040298694343,0.009339827235324661,-0.0016095950283433096,-0.0035232182955927793,-0.0035232182955927793,-0.00052227666011526
230,24 MY Glut,0.0003895125453719014,0.002596750302479343,0.015293944738197559,0.0004265657463200806,0.001092936017761199,0.0006663702714411184,0.00016175486561445802
230,26 P GABA,0.00023398420053982467,0.0015598946702654979,0.00918723023221414,-0.0011840948005737754,-0.002042352898350774,-0.002042352898350774,-0.00029780885629966685
230,30 Astro-Epen,0.021751861714114588,0.0734955519366572,0.8540720317260979,0.008720580195637888,0.018402127187692775,0.009681546992054887,0.13123856735089048
230,31 OPC-Oligo,0.0004128537646385467,0.0027523584309236443,0.016210421811472274,0.001665409818215827,0.0057809266237920836,0.004115516805576256,0.0010588657917917248
230,33 Vascular,0.00020252473452771658,0.001350164896851444,0.007951995731042938,-0.0012245126059164005,-0.002517717008750829,-0.002517717008750829,-0.00031776442520428964
230,34 Immune,9.229354304266469e-05,0.0006151817777315676,0.0036238430924972116,-0.00030664666540017365,9.298527850589271e-05,9.298527850589271e-05,5.348177394685973e-06
231,01 IT-ET Glut,0.01751445014402354,0.08434441791801978,0.2664469932544185,-0.004955029269262944,-0.019754025970367448,-0.019754025970367448,-0.11321673707090259
231,02 NP-CT-L6b Glut,0.01317108268568373,0.06772570478932942,0.20037142762961774,-0.0029588137246192537,-0.012168266955872057,-0.012168266955872057,-0.05244555813621612
231,03 OB-CR Glut,0.0013433508601755398,0.007952220566250227,0.020436370804460938,7.669851470373172e-05,0.00012028078904625316,4.358227434252144e-05,1.9158339029868312e-05
231,04 DG-IMN Glut,0.0077909002460667415,0.04044889448537001,0.11852281563163655,0.0035023496880490584,0.014678542167488925,0.011176192479439866,0.028493121031601735
231,05 OB-IMN GABA,0.0009576226464190826,0.006285823843938261,0.014568294905779301,-0.001182512062461935,-0.004296345178074576,-0.004296345178074576,-0.0013463317282750385
231,06 CTX-CGE GABA,0.0015363923674348884,0.009054675477419094,0.02337310754238849,-0.0003495488769850737,-0.0019654790889296232,-0.0019654790889296232,-0.0009881641071653327
231,07 CTX-MGE GABA,0.0013796168152202493,0.008303440245087688,0.020988084081195464,0.0001591409132244562,0.0007230314209227516,0.0005638905076982953,0.00025457266523041123
231,09 CNU-LGE GABA,0.005728534141073868,0.03375772187819017,0.08714807973376498,0.0016789582691974956,0.010045640547973604,0.008366682278776108,0.015683944230125778
231,11 CNU-HYa GABA,0.002616284374481615,0.015590409547398373,0.039801483880269876,-0.0007475940579970609,-0.0033970328169656452,-0.0033970328169656452,-0.002908326739386348
231,12 HY GABA,0.001022893717914304,0.00667157798536982,0.015561262461334012,0.0003016880836937528,0.00178601345458946,0.0014843253708957073,0.0004968418023323981
231,13 CNU-HYa Glut,0.00035799794612494497,0.0023866529741662997,0.005446215870430735,-0.00045060564197282535,-0.0028288517327750367,-0.0028288517327750367,-0.00033139749940314794
231,14 HY Glut,0.0012631104596418272,0.008146575147442471,0.019215675134089956,-5.514486527156367e-05,-0.0002693226335499855,-0.0002693226335499855,-0.00011131986999008096
231,16 HY MM Glut,0.0013260669381585171,0.008259972867047695,0.02017343083116974,-0.0010449017453568127,-0.005781157189945822,-0.005781157189945822,-0.0025086422466617086
231,19 MB Glut,0.001372435769034939,0.008794803161346709,0.020878838963663188,0.0001940264275529311,0.0007002995566746679,0.0005062731291217367,0.0002273711781783018
231,20 MB GABA,0.000762617188464479,0.004952798350976975,0.011601680623689782,7.275803237963646e-05,0.0002046601939098297,0.00013190216153019323,3.291675450571211e-05
231,21 MB Dopa,0.0013785854327856434,0.008404595175412312,0.02097239368005033,0.00046328941906755483,0.0019297497941232345,0.0014664603750556798,0.0006615497718661709
231,22 MB-HB Sero,0.001039344930716706,0.006530920388507554,0.015811534445355407,-0.00010537266984078834,-0.0008631964366359869,-0.0008631964366359869,-0.00029358093377184987
231,23 P Glut,0.0014392247063522738,0.00892206827132003,0.02189489778278256,0.0002287155984277881,0.0014818299163254834,0.0012531143178976952,0.0005901709172758845
231,24 MY Glut,0.000994865070084681,0.0064576634663544375,0.015134863180866827,0.0005309020946976091,0.0034613721342199597,0.002930470039522351,0.0009540254823409079
231,26 P GABA,0.0011522789952405563,0.007537838408215118,0.01752959819733956,0.00014181097041997593,0.0007484158703875828,0.0006066048999676068,0.0002287294395173971
231,30 Astro-Epen,0.00032426065401688616,0.0021441701670284583,0.004932971094327634,-0.00012986337117276809,-0.00048043860027795524,-0.00048043860027795524,-5.097892271894929e-05
231,31 OPC-Oligo,0.0004683612060975077,0.0030303357711746405,0.007125170022210331,0.00027298016241444895,0.0017837947927973243,0.0015108146303828753,0.0002315531022813929
231,33 Vascular,0.0004484905546877658,0.0028689970187837496,0.006822878184408101,-0.0002342764543333423,-0.0009927398524593265,-0.0009927398524593265,-0.00014569587770241148
231,34 Immune,0.0003445696897722443,0.0022632244877956336,0.005241932064749999,-0.00023094578003904744,-0.000772231952649631,-0.000772231952649631,-8.707296751039161e-05
232,01 IT-ET Glut,0.0014209122695945063,0.008781509903571239,0.00862716700965546,-0.0006835398745512687,-0.000443032742208635,-0.000443032742208635,-3.009264999310484e-05
232,02 NP-CT-L6b Glut,0.001100387381079284,0.00685882919910927,0.006681078005327877,-0.00015223220056624628,0.00013875178037666712,0.00013875178037666712,7.298632749128197e-06
232,03 OB-CR Glut,0.003082393943127354,0.014775133970499971,0.018714967775244083,0.005917160727510697,0.00588871107619739,-2.8449651313306942e-05,-4.192011218460882e-06
232,04 DG-IMN Glut,0.003153851403783541,0.013495373158749852,0.01914882668431152,-0.000694994031074936,0.00020151555346975753,0.00020151555346975753,3.0381355372862288e-05
232,05 OB-IMN GABA,0.0010453372381305736,0.0067700291732353665,0.006346837259233493,-0.0014730905672502767,-0.002039822256944212,-0.002039822256944212,-0.00010193095505198325
232,06 CTX-CGE GABA,0.075209351780178,0.2462996204397803,0.45663877522902097,0.0013267893024779616,0.017440718057467205,0.016113928754989244,0.05793361519891296
232,07 CTX-MGE GABA,0.006705649116342648,0.029429964635654,0.04071381187477942,-0.0013703154864962794,-0.0018532981572293185,-0.0018532981572293185,-0.0005940779922214256
232,09 CNU-LGE GABA,0.0016112618619731436,0.009600865477350257,0.009782887710229735,-0.0013879023532241135,-0.005504543497824481,-0.005504543497824481,-0.0004239794246904296
232,11 CNU-HYa GABA,0.01573497212929257,0.05453456764070878,0.09553597034560074,-0.0033523133494399297,-0.009986119785607503,-0.009986119785607503,-0.007511386250895694
232,12 HY GABA,0.008430416435023383,0.03146244519523749,0.05118585580702071,-0.0047594032617726,-0.009791034442746793,-0.009791034442746793,-0.003945798940584555
232,13 CNU-HYa Glut,0.008651289053794791,0.022141500753786986,0.05252689917104534,0.0040797955407103756,0.0061299523577760485,0.002050156817065673,0.0008478621538833492
232,14 HY Glut,0.0070749660898875525,0.023238948497667833,0.04295614539420328,-0.006456090617438659,-0.009974387721687725,-0.009974387721687725,-0.0033734008831332453
232,16 HY MM Glut,0.0016108241944538327,0.00965242059750566,0.009780230381649643,-0.000586393493892611,-0.001961341201441192,-0.001961341201441192,-0.00015102840687856802
232,19 MB Glut,0.005475698312208337,0.022799688002570002,0.03324608059538463,-0.0007589862895058957,-0.001653416039450791,-0.001653416039450791,-0.0004327917806716572
232,20 MB GABA,0.0037873317853679544,0.018790981142919844,0.02299504658557863,0.0005613370428563478,0.0016607992529851328,0.0010994622101287849,0.00019905404396278333
232,21 MB Dopa,0.001432025550886756,0.008530521019996672,0.008694642064790906,9.040361984087831e-05,-0.0007565700278668277,-0.000846973647707706,-5.797997325989052e-05
232,22 MB-HB Sero,0.004572040264908926,0.020945364443797035,0.02775945833129795,-0.0008797692392330254,-0.002467046669263124,-0.002467046669263124,-0.0005391936355189367
232,23 P Glut,0.004352565421992351,0.020105726087034714,0.02642690165994235,-0.00025158394104389195,-0.002003306703135291,-0.002003306703135291,-0.00041682148588317733
232,24 MY Glut,0.003915300161910806,0.01864323498444141,0.023772015424551856,-0.0009190540959921464,-0.0018714802476640932,-0.0018714802476640932,-0.0003502738015088699
232,26 P GABA,0.004503176421178637,0.022490538167653205,0.027341346746578118,-0.0006104822056831798,-0.002117004322374922,-0.002117004322374922,-0.000455719961558117
232,30 Astro-Epen,0.0005132172878510599,0.0033234802923401497,0.0031160342191971124,8.584463856314716e-05,-0.000674277671991574,-0.0007601223105547212,-1.8648422616406112e-05
232,31 OPC-Oligo,0.0007645685985523705,0.004753465052457475,0.0046421310669179285,0.0006661336149503599,0.0018373756307372285,0.0011712420157868686,4.2807557259122946e-05
232,33 Vascular,0.0003428701165896238,0.0022486694966187973,0.0020817596003185083,-0.00031465637100608877,-0.0003012531153942367,-0.0003012531153942367,-4.937629824262472e-06
232,34 Immune,0.0002116637462188363,0.0013312938602867898,0.0012851310581196845,-0.00035048528363263625,-0.0006192398917899773,-0.0006192398917899773,-6.265601216942591e-06
233,01 IT-ET Glut,2.7616475305392793e-05,0.00018410983536928536,0.0005479397573461292,0.001053397927823715,0.00218604254211334,0.001132644614289625,3.765614741821938e-06
233,02 NP-CT-L6b Glut,2.6211875056602256e-05,0.0001747458337106817,0.0005200710191751754,0.0009283305342546013,0.0016750612918836354,0.0007467307576290341,2.356329941725338e-06
233,03 OB-CR Glut,0.0003729447615758801,0.002486298410505867,0.0073996141760166315,0.0018732266911600586,0.0032300200372557854,0.0013567933460957267,6.091611375124914e-05
233,04 DG-IMN Glut,1.1763701902577585e-05,7.842467935051725e-05,0.00023340415077270413,0.0016604725076061868,0.003558946153473662,0.0018984736458674753,2.6885774765853963e-06
233,05 OB-IMN GABA,0.0007229669211700476,0.004766019967638568,0.014344419951297604,0.001791878277855944,0.0047475862588852585,0.0029557079810293143,0.0002572491353537944
233,06 CTX-CGE GABA,4.6393862159613336e-05,0.00030929241439742216,0.0009205027539891818,0.0011386368161963403,0.002389966287814111,0.0012513294716177707,6.98885730965821e-06
233,07 CTX-MGE GABA,3.4802162617890436e-05,0.00023201441745260293,0.0006905113099731315,0.0008964492736697963,0.0017335678508472788,0.0008371185771774825,3.5072537183367006e-06
233,09 CNU-LGE GABA,3.6766343586279856e-05,0.0002451089572418657,0.0007294827149515582,0.00010789901840866274,0.0007027962471560874,0.0005948972287474246,2.633093977633819e-06
233,11 CNU-HYa GABA,2.417847864431095e-05,0.0001611898576287397,0.00047972630738924327,-0.000629125794052181,-0.0010245565391393844,-0.0010245565391393844,-2.982214467719319e-06
233,12 HY GABA,0.00011752174677686196,0.0007834783118457465,0.0023317543857319226,-0.0011565567398547818,-0.001681118940451926,-0.001681118940451926,-2.3784315197863623e-05
233,13 CNU-HYa Glut,8.191962452259824e-05,0.000546130830150655,0.0016253710398022156,-0.0010712778784510374,-0.0021479000598488753,-0.0021479000598488753,-2.1182440524635448e-05
233,14 HY Glut,6.689647897688e-05,0.0004459765265125332,0.0013272961177179705,-0.0005055736685270562,-0.000974174709972173,-0.000974174709972173,-7.845381791769408e-06
233,16 HY MM Glut,5.345114675796017e-05,0.0003563409783864011,0.0010605266624560822,-0.00020031431367146306,8.18699760174512e-06,8.18699760174512e-06,5.268120046569911e-08
233,19 MB Glut,2.8550234860731794e-05,0.00019033489907154525,0.0005664665236518991,0.0002486543466458473,0.0003982442720148729,0.0001495899253690256,5.1414545760243e-07
233,20 MB GABA,4.5220955742113134e-05,0.0003014730382807542,0.0008972310637865845,0.00019829900621096537,0.0003050560673993622,0.00010675706118839682,5.81179543409837e-07
233,21 MB Dopa,4.29619205552172e-05,0.000286412803701448,0.0008524094426906291,0.000552196602952077,0.0010703973695897425,0.0005182007666376656,2.68012908243534e-06
233,22 MB-HB Sero,6.388082206004125e-05,0.00042587214706694157,0.0012674623300611824,0.00010011745763878421,0.0005291987739414152,0.000429081316302631,3.299773063841174e-06
233,23 P Glut,5.763921786096194e-05,0.00038426145240641295,0.0011436223739308556,0.0001511338953452749,0.00014992331208308935,-1.2105832621855624e-06,-8.400143718177504e-09
233,24 MY Glut,3.107126708656383e-05,0.00020714178057709226,0.0006164864400535564,0.0010176721275511555,0.0021284921062449716,0.0011108199786938162,4.155053488101792e-06
233,26 P GABA,7.212087129444936e-05,0.0004808058086296625,0.0014309535260987906,0.0001931028684505646,0.0001790381057321271,-1.40647627184375e-05,-1.22114531348748e-07
233,30 Astro-Epen,0.00032997594373822243,0.0019748824492762116,0.006547067884027712,0.0006630326007091687,0.001031639473715185,0.00036860687300601617,1.4642649975145583e-05
233,31 OPC-Oligo,0.00017341519910881893,0.0011548727923637917,0.003440738945467879,0.0008014321747697487,0.0017036131131446374,0.0009021809383748887,1.883452961427141e-05
233,33 Vascular,0.04733492060590857,0.1753192925619934,0.9391743379262834,-0.007457095013949871,-0.018209595003519836,-0.018209595003519836,-0.10376619989372461
233,34 Immune,0.0005973779400293864,0.003932351407122042,0.011852603197328148,0.0007181996504565249,0.0011774707748309285,0.0004592711243744036,3.302876191636251e-05
234,01 IT-ET Glut,4.190817104327776e-05,0.000279387806955185,0.001520804830953801,-0.0003574927203800325,-0.002169368621417265,-0.002169368621417265,-2.515248792604035e-05
234,02 NP-CT-L6b Glut,2.3351314345296413e-05,0.00015567542896864276,0.0008473954071814349,-0.0003549509589076345,-0.0021525390011759063,-0.0021525390011759063,-1.3906288869960164e-05
234,03 OB-CR Glut,0.0006319766519360578,0.0040667036480557806,0.02293378883850222,0.0028715445354901784,0.01769873786305772,0.014827193327567543,0.0025924409408972756
234,04 DG-IMN Glut,9.369552145633637e-05,0.0006246368097089092,0.003400115016290797,8.963375639923058e-05,0.0006993440251486866,0.000609710268749456,1.580488097026579e-05
234,05 OB-IMN GABA,0.0005891379724674197,0.0037279369966329522,0.021379216804797676,-0.0014167316207250255,-0.008251208524265918,-0.008251208524265918,-0.0013448797854953844
234,06 CTX-CGE GABA,7.195858636558111e-05,0.00047972390910387425,0.0026113037875208317,0.0006660384533414661,0.004176184361707558,0.003510145908366092,6.988060878154072e-05
234,07 CTX-MGE GABA,0.00017857102913934782,0.0011904735275956525,0.006480160718611778,0.00025449681396740563,0.0016644429181559052,0.0014099461041884994,6.965662060295051e-05
234,09 CNU-LGE GABA,6.666690714624271e-05,0.00044444604764161806,0.002419274139834297,0.00029522674059849854,0.002252461963077,0.0019572352224785016,3.609958569310976e-05
234,11 CNU-HYa GABA,8.268520288058501e-05,0.0005512346858705668,0.00300056177253193,0.0003490726584102079,0.00233403105538567,0.001984958396975462,4.540755236666587e-05
234,12 HY GABA,0.00016851453640098578,0.0011234302426732384,0.006115220842730317,0.00014659310431677582,0.001091134514831787,0.0009445414105150111,4.403593888162874e-05
234,13 CNU-HYa Glut,2.1993620473205266e-05,0.00014662413648803508,0.0007981260797870153,0.0004307441827335132,0.0028373824922156734,0.0024066383094821604,1.4643889378028072e-05
234,14 HY Glut,9.116816307554976e-05,0.000603720378143594,0.0033083997555345443,-3.648230042955742e-05,-0.00023631136068478833,-0.00023631136068478833,-5.960417657678534e-06
234,16 HY MM Glut,0.00014862939190428745,0.0009908626126952497,0.005393609208007259,0.00024381900176471377,0.0016591836237862666,0.0014153646220215529,5.8199857893962625e-05
234,19 MB Glut,5.88042839161427e-05,0.00039202855944095124,0.002133947553284925,-0.0002500783052644146,-0.0014383185626995183,-0.0014383185626995183,-2.339984273091842e-05
234,20 MB GABA,7.807802497654234e-05,0.0005205201665102822,0.0028333719802048894,-0.00043280567699122293,-0.0026273193564551878,-0.0026273193564551878,-5.6753228473119e-05
234,21 MB Dopa,7.746040309701172e-05,0.0005164026873134116,0.002810959111432283,-0.0005080615368206176,-0.003022148537025745,-0.003022148537025745,-6.476560785439138e-05
234,22 MB-HB Sero,0.00022908742627962488,0.0013760650001736429,0.008313349304531642,-0.0002760314761654673,-0.0013910870765628568,-0.0013910870765628568,-8.816667372858797e-05
234,23 P Glut,6.802638943429895e-05,0.0004535092628953263,0.0024686083670220444,-0.0001294872668184537,-0.0006679061337911247,-0.0006679061337911247,-1.2570187049769226e-05
234,24 MY Glut,2.0600241879686737e-05,0.00013733494586457823,0.0007475617902077281,0.00013027685263483667,0.0008680405064588213,0.0007377636538239846,4.2047333820940545e-06
234,26 P GABA,9.767261058998893e-05,0.0006511507372665929,0.0035444395290772563,-0.00020909314766852453,-0.001192778452003067,-0.001192778452003067,-3.223157054596461e-05
234,30 Astro-Epen,0.0003919339332997932,0.0024928549467484536,0.01422288313564235,-0.0008279188720052414,-0.004971391726632637,-0.004971391726632637,-0.0005390632664087265
234,31 OPC-Oligo,0.0001608519775672103,0.001072346517114735,0.005837154389297182,-0.00030622671302166986,-0.001828552587425784,-0.001828552587425784,-8.137345328390223e-05
234,33 Vascular,0.023726188886468443,0.15198517396323322,0.8609992223569354,-0.0015129343418709676,-0.011152477753987894,-0.011152477753987894,-0.07320626279400642
234,34 Immune,0.00043761287191421627,0.0029065700748087506,0.015880525280080427,-0.0010259763873617406,-0.006277232152244728,-0.006277232152244728,-0.000759988753873249
235,01 IT-ET Glut,0.0005212044088212444,0.0033218405164129198,0.02057886602099068,0.00012417971195041104,0.0007015828970986988,0.0005774031851482877,0.00046666240271571143
235,02 NP-CT-L6b Glut,0.000448869968945959,0.0028343385061380395,0.017722864188113953,-7.510003380631739e-05,-0.0004499320835817879,-0.0004499320835817879,-0.0003131721039886312
235,03 OB-CR Glut,0.0009675679703823225,0.006132532686403738,0.03820276899370713,0.0005253530434920571,0.0019321957552029176,0.0014068427117108605,0.002110778127261893
235,04 DG-IMN Glut,0.0021393628079431075,0.013691054522333341,0.08446908707952036,0.0009962117211529422,0.006894575798002072,0.00589836407684913,0.019567330215880387
235,05 OB-IMN GABA,0.00025145456553416564,0.0016763637702277706,0.009928254110890966,0.0005719594053535013,0.0019193341839730581,0.0013473747786195568,0.0005253678538105037
235,06 CTX-CGE GABA,0.00047616176019827034,0.003002022827484888,0.01880043395949089,-0.00011618761152302002,-0.0010809309203242252,-0.0010809309203242252,-0.0007981196655502264
235,07 CTX-MGE GABA,0.0004287770752651543,0.0025158439363515304,0.016929530593783014,-0.00012079461556840809,-0.00038963253508381856,-0.00038963253508381856,-0.0002590611735435417
235,09 CNU-LGE GABA,0.0005523114848126903,0.003520911847834776,0.021807075794926592,0.0002449025026709369,0.001289808011694922,0.0010449055090239851,0.0008949044131447794
235,11 CNU-HYa GABA,0.0002453499525692425,0.001577837329498739,0.009687223892824946,-7.757180717625823e-06,8.866978435085706e-05,8.866978435085706e-05,3.373472602456947e-05
235,12 HY GABA,0.000323697513282584,0.0020945728344868185,0.012780643533379547,0.0002546330437842475,0.0005253905214969176,0.00027075747771267014,0.00013590498268470404
235,13 CNU-HYa Glut,0.00024534011514432434,0.001635600767628829,0.009686835478901432,0.0001141657234218663,-0.0001906658352525682,-0.0003048315586744345,-0.00011596957038462666
235,14 HY Glut,0.00043187720353996174,0.002826661174854098,0.017051933864621477,-8.734861053952775e-06,-0.0010836104182601837,-0.0010836104182601837,-0.0007256864420359541
235,16 HY MM Glut,0.000242663035936883,0.0015625100482318842,0.009581135578046584,-0.00028327059970664,-0.001287508281928092,-0.001287508281928092,-0.00048447259428262973
235,19 MB Glut,0.00031663741618804766,0.0018263072836249834,0.012501887656137,-4.209353937014865e-05,-0.00013008844773236135,-0.00013008844773236135,-6.387288331776438e-05
235,20 MB GABA,0.0004483510674353499,0.0026412513200017034,0.017702376248096206,-6.996500158213918e-06,-7.31673201522049e-05,-7.31673201522049e-05,-5.086873216870914e-05
235,21 MB Dopa,0.00028396982632272543,0.0018136283578537458,0.011212063656782262,0.00011355388091694391,-7.0403604575943e-05,-0.00018395748549288691,-8.100376726728742e-05
235,22 MB-HB Sero,0.0002441404092342775,0.0015307980251153806,0.009639467139782275,-7.946205122034983e-05,-0.0011172813872190733,-0.0011172813872190733,-0.0004229780093111986
235,23 P Glut,0.0002962044096231324,0.0017949434331942587,0.011695125285388084,4.033676992946829e-05,9.978214911438264e-05,5.944537918491435e-05,2.7303931018146227e-05
235,24 MY Glut,0.00038561470668456015,0.0023330423846295778,0.015225338178800396,-0.00010396909401482362,-0.00018888455688919416,-0.00018888455688919416,-0.00011294463265862564
235,26 P GABA,0.00030657649116429654,0.001954920242060071,0.012104649212626413,-2.8156894922442043e-05,-0.0003882147775563056,-0.0003882147775563056,-0.00018455527766326717
235,30 Astro-Epen,0.010212602785077296,0.050294263779128046,0.40322718089627874,0.0030335209529772857,0.013986183089568987,0.010952662136591702,0.1734489552495046
235,31 OPC-Oligo,0.0010203404499033928,0.005943799663561768,0.04028640022797791,0.00056884987299615,0.0025138893317843427,0.0019450394587881927,0.0030774363338555975
235,33 Vascular,0.0032466979491496102,0.01987198403083298,0.1281903241326759,0.0009469251830000234,0.0050410844343752184,0.004094159251375195,0.02061209687675433
235,34 Immune,0.0012913952030695504,0.007604088766245363,0.05098853427625708,0.00017037250296891303,-0.000256856677464086,-0.00042722918043299905,-0.0008555307694543606
236,01 IT-ET Glut,0.03618019699877598,0.1428307138868161,0.43956363798810943,0.004024089270762755,0.010299849681414813,0.006275760410652058,0.03851628727961313
236,02 NP-CT-L6b Glut,0.0031231520729871182,0.015984026532132236,0.03794407441282775,0.0007540741400781388,0.002904631030739053,0.0021505568906609145,0.0011393343787962987
236,03 OB-CR Glut,0.0014215472923650432,0.00929668839443602,0.017270787647321675,0.0032973237865779824,0.013041919904869215,0.009744596118291232,0.0023498075295025054
236,04 DG-IMN Glut,0.001340362151453953,0.007857558489702932,0.016284445978406403,0.00027842795893215643,0.00048438004477038073,0.0002059520858382243,4.6826908373090094e-05
236,05 OB-IMN GABA,0.00029171469751972676,0.0019447646501315114,0.003544125912324637,-0.0014547708368127105,-0.00510218630955283,-0.00510218630955283,-0.0002524769637413778
236,06 CTX-CGE GABA,0.0013089934028919354,0.007888874890688135,0.015903338013805734,0.0008184794055276038,0.003690627235117961,0.002872147829590357,0.0006377513431756866
236,07 CTX-MGE GABA,0.0028573107844958694,0.01670172592975882,0.03471429200173106,0.0014135864005704627,0.005992894284896963,0.0045793078843265,0.0022195475783491365
236,09 CNU-LGE GABA,0.0015477643349033666,0.009308242040707567,0.01880423486421003,-0.0010170500913187067,-0.004484905420907978,-0.004484905420907978,-0.001177511775225033
236,11 CNU-HYa GABA,0.005353655570142305,0.026015330958799508,0.06504310407781007,0.000507190051624962,0.005382440778620458,0.004875250726995495,0.004427458690872967
236,12 HY GABA,0.002815310754161412,0.016423203683255738,0.03420402153167117,1.7113004433816094e-05,-0.00010777318878083035,-0.00012488619321464645,-5.964140994414372e-05
236,13 CNU-HYa Glut,0.0016354643490874873,0.008776611694547702,0.01986972760565876,0.0002458406403372246,0.0009683302486953532,0.0007224896083581286,0.00020043788957196473
236,14 HY Glut,0.003134618602313975,0.017259990899987924,0.03808338458148662,-0.000519903885225493,-0.0015666321488500565,-0.0015666321488500565,-0.0008330266124326341
236,16 HY MM Glut,0.001092675033235222,0.006610280847908382,0.013275223812736612,-0.0005390962563291235,-0.002464299383547912,-0.002464299383547912,-0.0004567637429950938
236,19 MB Glut,0.0021307452217376507,0.012930682534085372,0.025887037633445412,-0.0009550797312966573,-0.004480213275133591,-0.004480213275133591,-0.0016193374008069254
236,20 MB GABA,0.0021916902795083596,0.012264030021081474,0.02662747670048517,-7.094963918897104e-06,0.00013494557546981753,0.00013494557546981753,5.0170099925389444e-05
236,21 MB Dopa,0.0008822624976258155,0.005717957035017239,0.010718861291164316,-0.0002142888781343826,-0.0008366011868595986,-0.0008366011868595986,-0.00012520550674254244
236,22 MB-HB Sero,0.0024414991043930504,0.013076982972939657,0.02966247609176997,-0.0003342127540633403,-0.0014916133150542812,-0.0014916133150542812,-0.0006177602437809234
236,23 P Glut,0.0020867785864936844,0.012277618854550563,0.025352874313699314,-0.0003104825862637474,-0.0015341167514116274,-0.0015341167514116274,-0.0005430526265387738
236,24 MY Glut,0.0071625465760989295,0.024650696855944367,0.08701984210743342,0.001277839999787663,0.00014663308487289025,-0.001131206914914773,-0.0013744110723114312
236,26 P GABA,0.0019163629188845368,0.011705512657566801,0.023282445265814817,0.00025234929376977865,0.0014971922565464309,0.0012448429627766521,0.0004046685583424814
236,30 Astro-Epen,0.0003153875233791382,0.0021008495934670694,0.0038317338945745376,-0.0003791957373712067,-0.001596830969541069,-0.001596830969541069,-8.543003623269832e-05
236,31 OPC-Oligo,0.0005866300262952739,0.003544689791012118,0.007127137215978526,-0.0002707771520051435,-0.0006048489312866917,-0.0006048489312866917,-6.018916810036369e-05
236,33 Vascular,0.0003060880792871425,0.001978608052932271,0.003718752268839251,-0.0002144167615162898,-0.0010855837361949754,-0.0010855837361949754,-5.6365956260666666e-05
236,34 Immune,0.00018659239654056099,0.0012305084336153812,0.0022669647886954213,-0.0003748395182052917,-0.0014217283949134855,-0.0014217283949134855,-4.500053891852029e-05
237,01 IT-ET Glut,9.350469593138085e-05,0.0006233646395425391,0.0024618406177787044,0.0006026239828212994,0.0023366238634944824,0.001733999880673183,3.8438692621380666e-05
237,02 NP-CT-L6b Glut,0.00014151218268623986,0.0009434145512415993,0.0037258068782253175,0.00021455255494730747,0.001251403056132675,0.0010368505011853675,3.4785327295391716e-05
237,03 OB-CR Glut,0.0002384638202000108,0.0015897588013334056,0.006278400379697326,-0.0023007562832198384,-0.0031316873524755333,-0.0031316873524755333,-0.0001770463663913022
237,04 DG-IMN Glut,0.00014376655602464671,0.0009584437068309783,0.0037851612004531575,4.7101819325315194e-07,0.0012865685250615065,0.0012860975068682535,4.3834684797243746e-05
237,05 OB-IMN GABA,0.0018501411626332428,0.012280890940208015,0.04871148574331897,0.002616639407943177,0.012142938018246056,0.00952629861030288,0.004178449702853819
237,06 CTX-CGE GABA,0.00015240017640441862,0.0010160011760294576,0.004012471680613452,-0.00033287554140314107,0.0005727517929762342,0.0005727517929762342,2.069369527454241e-05
237,07 CTX-MGE GABA,0.00014267546839834971,0.0009511697893223312,0.0037564344738516943,0.0004285438794538987,0.0018866228549546062,0.0014580789755007074,4.931925154595708e-05
237,09 CNU-LGE GABA,0.00013238021648073685,0.0008825347765382456,0.003485375688102118,-0.00019501260601013573,-0.0011262733194019436,-0.0011262733194019436,-3.534703627118204e-05
237,11 CNU-HYa GABA,0.00015839089237281573,0.0010559392824854383,0.00417019838892122,2.7962710586965165e-05,-0.0001007362235938413,-0.00012869893418080645,-4.832716048195053e-06
237,12 HY GABA,0.00048756366818314786,0.003250424454554319,0.012836831670650044,-0.0007454366450083002,-0.001978036629626113,-0.001978036629626113,-0.00022863977704602734
237,13 CNU-HYa Glut,0.00025399648296049,0.0016772154633100545,0.006687352461783859,-0.0009636922873884424,-0.0025957462651548997,-0.0025957462651548997,-0.00015630614903252947
237,14 HY Glut,0.0003344010340653213,0.0022293402271021424,0.008804285603937484,-0.0004586312958085548,-0.0011983108787857464,-0.0011983108787857464,-9.499991927659211e-05
237,16 HY MM Glut,0.00016798104157589994,0.0011198736105059994,0.004422692861028126,9.900954769764466e-05,-0.00042293477536463494,-0.0005219443230622796,-2.0785983136552222e-05
237,19 MB Glut,0.0003969966552387167,0.0025821431142526953,0.010452335909484077,0.00024992341583805923,0.000294109946575708,4.418653073764875e-05,4.158750584805734e-06
237,20 MB GABA,0.00022513632226295728,0.001500908815086382,0.005927507032277873,0.0005634138916935307,0.001457723520144262,0.0008943096284507314,4.7733095171891633e-05
237,21 MB Dopa,0.00017332507323343104,0.0011555004882228739,0.004563393326027874,0.00019665113610387155,0.00041137433477635805,0.0002147231986724865,8.823207298284712e-06
237,22 MB-HB Sero,0.00042145326054402593,0.0027612753403618647,0.011096242225780498,0.0006461839709986768,0.0030315080695616733,0.0023853240985629966,0.00023833231769273855
237,23 P Glut,0.00033200477105317487,0.0022132287724182134,0.008741195536049214,0.0005107022136277874,0.001140866615195856,0.0006301644015680686,4.960030112983606e-05
237,24 MY Glut,4.1738160597491766e-05,0.0002782544039832784,0.0010989041571311219,0.0002123973921469058,0.0013432241919109718,0.0011308267997640659,1.118962470297716e-05
237,26 P GABA,0.0003420153181755654,0.002280102121170436,0.009004758464804944,0.0005901545996222111,0.001221125095295432,0.0006309704956732208,5.1161201145961595e-05
237,30 Astro-Epen,0.0003810534943086615,0.002537035568936752,0.010032576016545695,-0.000721982539287615,-0.0010195812788132996,-0.0010195812788132996,-9.210727280319157e-05
237,31 OPC-Oligo,0.031033969201642704,0.13486898853181736,0.8170785985718257,0.003162399787277592,-0.004364934832530757,-0.007527334619808349,-0.05538149432213981
237,33 Vascular,0.00018514561721670237,0.0012343041147780157,0.004874610800320422,0.0006257566118998635,0.00264224789277082,0.0020164912808709563,8.851072677570965e-05
237,34 Immune,0.00015160516908330413,0.0010107011272220278,0.003991540311391232,-1.1639583484086334e-05,0.000685765571806959,0.000685765571806959,2.464766653110786e-05
238,01 IT-ET Glut,0.0011705826111645247,0.007512280236406713,0.01426522823676489,-0.000433752149337966,-0.0027870106285300743,-0.0027870106285300743,-0.00023073025178383335
238,02 NP-CT-L6b Glut,0.0006355428324017232,0.004062565566420556,0.007745001055014266,-0.00018320590393569708,-0.0015510798206359775,-0.0015510798206359775,-6.971766280587333e-05
238,03 OB-CR Glut,0.0010430439754890645,0.006134225083527491,0.012710987015715065,-0.00014069960772532104,-0.0008107343169333205,-0.0008107343169333205,-5.980603654933874e-05
238,04 DG-IMN Glut,0.001251805168897467,0.007996808321586453,0.015255041610877438,0.00021709616677226793,0.001094618060684069,0.0008775218939118011,7.768882408033836e-05
238,05 OB-IMN GABA,0.0008308280126349194,0.005151397615261919,0.010124831099228694,-0.00015029567112682428,0.00036574292253187956,0.00036574292253187956,2.149071716297561e-05
238,06 CTX-CGE GABA,0.0009697858579010904,0.005815568611201166,0.011818231769207025,-0.0004219139816104615,-0.0025567493220577,-0.0025567493220577,-0.0001753589121808238
238,07 CTX-MGE GABA,0.0007562558518498456,0.0047942426375326575,0.00921606235145999,-0.00017107663387146333,-0.0011845619271302974,-0.0011845619271302974,-6.335638142711757e-05
238,09 CNU-LGE GABA,0.058273681925592465,0.2382748708778638,0.7101484038262214,-0.014228570516031297,-0.03006232132299778,-0.03006232132299778,-0.12389643730091542
238,11 CNU-HYa GABA,0.00548445006642935,0.025880646689489233,0.06683589112341504,-0.0018071015703707573,-0.00681488710509347,-0.00681488710509347,-0.0026433556497483883
238,12 HY GABA,0.001989765823354275,0.01219480174531071,0.024248150738909045,0.001073334186844667,0.0028374898636870658,0.0017641556768423989,0.0002482576958202117
238,13 CNU-HYa Glut,0.00025084825327417704,0.0016723216884945134,0.0030569457906008467,0.001142276860304983,0.003149730739214111,0.002007453878909128,3.561397947398577e-05
238,14 HY Glut,0.001471843906017917,0.008926600087576904,0.017936529253026908,-0.0006510999748038614,-0.003377011802332896,-0.003377011802332896,-0.0003515265882520847
238,16 HY MM Glut,0.00047262664992566035,0.003147606509825504,0.00575963367955713,-0.0002582221902544289,-0.0018012248323881737,-0.0018012248323881737,-6.0207414662958296e-05
238,19 MB Glut,0.0004846444643674633,0.0032240848187497307,0.005906087987253414,-0.00020135710693714118,-0.0013932160965159038,-0.0013932160965159038,-4.7753541647211344e-05
238,20 MB GABA,0.000514128597661288,0.0033992804086769306,0.006265394444386915,2.0289367609704238e-05,-1.3621662884782392e-05,-3.391103049448663e-05,-1.233038382100803e-06
238,21 MB Dopa,0.0003040628614622181,0.002023678783134607,0.003705442124043929,0.00017627940701359348,0.0009542589060589674,0.0007779794990453739,1.672997830012761e-05
238,22 MB-HB Sero,0.000847020568648798,0.0053324913202998725,0.010322160621358519,-6.402290699393725e-06,-0.00016152385132920457,-0.00016152385132920457,-9.675968916136801e-06
238,23 P Glut,0.0008159961393763612,0.005141540559048115,0.009944083448277671,-4.529601580422496e-05,-0.000328057455700211,-0.000328057455700211,-1.893223397072855e-05
238,24 MY Glut,0.00048472302376232555,0.0032251544767859614,0.005907045346167825,6.50997850599275e-05,0.000603055479882089,0.0005379556948221614,1.844182958916841e-05
238,26 P GABA,0.0006036573649506021,0.003991661007183308,0.007356430896626487,-0.00010638119234256712,-0.0008022618554390777,-0.0008022618554390777,-3.425078217956108e-05
238,30 Astro-Epen,0.0006333056285984344,0.0037593029894314634,0.007717737517557201,6.002022564430195e-05,-0.0003958604848597358,-0.00045588071050403774,-2.0418715168753963e-05
238,31 OPC-Oligo,0.0006079834784186931,0.003524561895787549,0.007409150794745481,0.00042017004719651865,0.0016940280114141446,0.0012738579642176259,5.4774274132672624e-05
238,33 Vascular,0.0013222134214244245,0.005782205702620331,0.016113067163682836,-0.0004790507571655678,-0.001925141843367046,-0.001925141843367046,-0.00018002306081768644
238,34 Immune,0.0008396600469173493,0.003636348347887136,0.010232462105901906,3.192680510642198e-05,-0.0001009183436346157,-0.0001328451487410377,-7.888837947959368e-06
239,01 IT-ET Glut,0.0012867461357921452,0.007700251804549925,0.005264581564807605,-0.00016613173245976152,-0.0014476624503009534,-0.0014476624503009534,-8.225246105551715e-05
239,02 NP-CT-L6b Glut,0.0014388335502020645,0.008411683438674857,0.005886830643992758,1.720731078328497e-05,-0.0011348070197080458,-0.0011520143304913307,-7.319091158833717e-05
239,03 OB-CR Glut,0.0014355980567716392,0.008981659933641434,0.005873592975277019,-0.0006585718222480306,-0.00295421871577803,-0.00295421871577803,-0.00018726828177827542
239,04 DG-IMN Glut,0.0008992471057602361,0.005752002528261593,0.0036791715191571146,-0.00046110175679750943,-0.0024033476253042117,-0.0024033476253042117,-9.542987613335326e-05
239,05 OB-IMN GABA,0.00024090050447672775,0.001606003363178185,0.0009856181569492574,0.00014493720564548015,-0.00034045740588783204,-0.00048539461153331216,-5.163228901805404e-06
239,06 CTX-CGE GABA,0.002366565528001523,0.013307459408845307,0.00968254491237,0.00014678087288167268,0.00016817414689001927,2.1393274008346588e-05,2.235550612549956e-06
239,07 CTX-MGE GABA,0.0014580490340204667,0.009058269473536254,0.005965448701630787,-0.00016059075930858363,-0.0019469907751915175,-0.0019469907751915175,-0.0001253501165593497
239,09 CNU-LGE GABA,0.0008888242616966078,0.005753941673636729,0.0036365275887158847,-0.00031609777797914974,-0.0017786616998114906,-0.0017786616998114906,-6.980683904881867e-05
239,11 CNU-HYa GABA,0.00598351437482088,0.028399150792307426,0.024480896887287624,-0.0032019142984432043,-0.008922089413260056,-0.008922089413260056,-0.0023572824817846972
239,12 HY GABA,0.007950161122392751,0.03520057836089722,0.032527217698954065,-0.003307768257104228,-0.007386857930539831,-0.007386857930539831,-0.0025931306332091235
239,13 CNU-HYa Glut,0.029578503400152462,0.0531576568445009,0.12101722273226685,0.01403851971772001,0.0129094962455268,-0.0011290234721932097,-0.0014745784602002098
239,14 HY Glut,0.011246287263314274,0.04416956775543516,0.04601295854098365,0.0007163752423838013,0.005724090784682174,0.005007715542298372,0.0024867810115960956
239,16 HY MM Glut,0.0023031037142017883,0.012865530247806137,0.00942289781827272,0.0005332580959758942,0.0011526885519327708,0.0006194304559568766,6.299335934908667e-05
239,19 MB Glut,0.013228764091655179,0.049809424871056086,0.05412404640270598,0.0033849373666200435,0.006701949034339047,0.0033170116677190033,0.001937559239886175
239,20 MB GABA,0.020180192451136114,0.08572106739803766,0.08256505785977532,0.000584343067171404,-0.001484931647071434,-0.002069274714242838,-0.001843877960368082
239,21 MB Dopa,0.0033416414591828313,0.018294733747706383,0.013671961805722105,-0.0005096206825105245,-0.00175179007102135,-0.00175179007102135,-0.00025848219307554084
239,22 MB-HB Sero,0.04589853088225314,0.1091538076080946,0.18778883636258709,0.004969746797003345,-0.005341766953496752,-0.010311513750500097,-0.020898250418678457
239,23 P Glut,0.07596133612262738,0.15669187188314795,0.31078752728730696,-0.022035826521852993,-0.03899836557263493,-0.03899836557263493,-0.13080601647799528
239,24 MY Glut,0.0077349621931233434,0.029964659225234534,0.03164675473560457,0.0018147109657679068,0.004316902039175771,0.0025021910734078644,0.0008546088472526873
239,26 P GABA,0.009457202125123326,0.043262389995695934,0.03869311170064871,0.0035795146263027356,0.004103996945837125,0.0005244823195343896,0.00021901922733212005
239,30 Astro-Epen,0.0004490897940688452,0.0029420280482602055,0.0018374019435796456,0.00227534311081262,0.004287031893877702,0.002011688783065082,3.989171417182078e-05
239,31 OPC-Oligo,0.0006840607078436291,0.004449518009578424,0.0027987598264717435,0.0006891564668339701,0.001977916125737068,0.0012887596589030979,3.892739101292463e-05
239,33 Vascular,0.00023503270580097453,0.0015535968655625847,0.0009616106982321922,0.00029230324934760273,0.0008518986176065394,0.0005595953682589367,5.807525566725496e-06
239,34 Immune,0.0001685054388530583,0.0011124003087812145,0.0006894216367003145,-0.0005069829870813818,-0.0016296962387488106,-0.0016296962387488106,-1.2125769409032905e-05
240,01 IT-ET Glut,3.693890027342706e-05,0.0002462593351561804,0.0019576131494820096,0.00027706058724167427,0.001034560935882173,0.0007575003486404988,3.6757298915497606e-05
240,02 NP-CT-L6b Glut,5.336075805611039e-05,0.00035573838704073586,0.002827905564695859,0.00027568935040956337,0.0009157161594789181,0.0006400268090693548,4.4863892134874825e-05
240,03 OB-CR Glut,0.00018394872953297144,0.0012263248635531428,0.009748542839628121,0.0027134135423701545,0.005787202879268871,0.0030737893368987168,0.0007427585908976039
240,04 DG-IMN Glut,0.00017033947844366775,0.001135596522957785,0.009027307267106526,0.00019167258693865937,0.0006653223247482644,0.000473649737809605,0.00010598622058273445
240,05 OB-IMN GABA,0.00025655661053480084,0.001710377403565339,0.013596468510210602,-7.260463270156825e-05,-0.0008870536434659943,-0.0008870536434659943,-0.0002989577970776379
240,06 CTX-CGE GABA,0.00010937218751844654,0.0007291258854606901,0.005796286053154307,0.0013992062418073884,0.003972373767462844,0.0025731675256554553,0.0003697019586996512
240,07 CTX-MGE GABA,5.631397403519507e-05,0.00037542649356796714,0.002984414134012295,0.0005551523470948955,0.001534626146449274,0.0009794737993543785,7.245790797298693e-05
240,09 CNU-LGE GABA,5.4257281452522664e-05,0.00036171520968348436,0.0028754176989674225,0.0007951754615640304,0.0022849344677792946,0.0014897590062152642,0.00010618198517915008
240,11 CNU-HYa GABA,0.0001090108022749913,0.0007267386818332754,0.00577713408871086,0.00048802320957684316,0.0016128178824830889,0.0011247946729062456,0.00016107182448289677
240,12 HY GABA,0.0003200368894203889,0.002133579262802593,0.016960667979045604,0.00030651218001996974,0.0015197411949882176,0.001213229014968248,0.0005100580662951071
240,13 CNU-HYa Glut,5.8155780792833045e-05,0.0003877052052855536,0.0030820224845822405,0.0005853495877307153,0.002092109791158607,0.0015067602034278915,0.00011511020392091676
240,14 HY Glut,0.0001770035108189046,0.001180023405459364,0.009380474180841697,0.0007755955752515141,0.0026518640141001363,0.0018762684388486223,0.0004362682875180348
240,16 HY MM Glut,0.00016300157028314188,0.001086677135220946,0.008638427647020205,3.1173549454627057e-06,0.000417192532542643,0.0004140751775971803,8.86640931152206e-05
240,19 MB Glut,0.0001556984868630324,0.00103798939857716,0.00825139359811391,0.0001374379174905329,0.0009290910953146284,0.0007916531778240955,0.0001619183772562253
240,20 MB GABA,0.00018380000284036504,0.0012253333522691003,0.009740660923085665,-0.00022906098130449614,7.090059487717335e-05,7.090059487717335e-05,1.7118755302629463e-05
240,21 MB Dopa,0.00013975340633128375,0.000930607693165305,0.0074063684596434075,-0.00012970468782593305,-3.8361377288785894e-05,-3.8361377288785894e-05,-7.042605875187649e-06
240,22 MB-HB Sero,0.00014303937836878967,0.000953595855791931,0.007580511761740554,-0.0002808067636989223,-0.0003193735230012274,-0.0003193735230012274,-6.00110622698039e-05
240,23 P Glut,0.000284175130857861,0.001893199084887772,0.015060139008071979,-0.00013967353090529422,0.0001455480491343289,0.0001455480491343289,5.433369601776675e-05
240,24 MY Glut,6.411782190733441e-05,0.0004274521460488961,0.0033979866848455696,0.00025132487262116026,0.00017525770225986298,-7.606717036129728e-05,-6.406971812654305e-06
240,26 P GABA,0.00024315598235677123,0.0016208945769621101,0.012886289112923523,-6.362390624845289e-05,0.000652414681092486,0.000652414681092486,0.00020839412705218798
240,30 Astro-Epen,0.014867289755750418,0.05075896776099256,0.7879065621223486,0.0076169110667862324,0.015710363484323645,0.008093452417537412,0.15806743821355967
240,31 OPC-Oligo,0.0005086352620583701,0.0033742220054264454,0.02695562320278342,0.001132455369834533,0.004469523303068319,0.0033370679332337862,0.002229709602446665
240,33 Vascular,0.00037111423983502985,0.0024714431365432496,0.01966756212240838,-3.819375264444064e-06,0.0008867727988146954,0.0008867727988146954,0.00043231148463952713
240,34 Immune,0.00016028049133251623,0.0010685366088834414,0.008494221406577377,-1.2602789201831503e-06,0.00026603541691464763,0.00026603541691464763,5.601404214990089e-05
